Datetime,UKREIS,UJAHR,UMONAT,UWOCHENTAG,USTUNDE,UKATEGORIE,UART,UTYP1,IstRad,IstPKW,IstFuss,IstKrad,IstGkfz,IstSonstig,ULICHTVERH,STRZUSTAND,longitude,latitude,Stadtteil,Ortsteil,Datetime
2016-06-01,12,2016,6,5,9,3,5,2,1,1,0,0,0,0,0,0,8.583523234,53.555225816,Lehe (BHV),Goethestrasse,2016-6
2016-05-01,11,2016,5,2,7,3,5,3,1,1,0,0,0,0,0,0,8.758826879,53.119225521,Gröpelingen,Ohlenhof,2016-5
2016-05-01,12,2016,5,1,11,3,0,1,1,0,0,0,0,0,0,1,8.553599006,53.578869575,Häfen (BHV),Stadtbremisches Überseehafengebiet Bremerhaven,2016-5
2016-06-01,11,2016,6,7,18,3,0,7,1,0,0,0,0,0,0,0,8.858637406,53.048912709,Obervieland,Habenhausen,2016-6
2016-05-01,11,2016,5,2,19,3,0,7,1,1,0,0,0,0,1,0,8.789653043,53.103219193,Walle,Osterfeuerberg,2016-5
2016-05-01,12,2016,5,6,14,2,7,1,1,0,0,0,0,0,0,0,8.593784811,53.561556422,Lehe (BHV),Klushof,2016-5
2016-05-01,11,2016,5,3,16,3,5,3,1,0,0,0,0,0,0,0,8.811116739,53.061054764,Neustadt,Huckelriede,2016-5
2016-04-01,11,2016,4,6,16,3,5,2,1,1,0,0,0,0,0,0,8.887840597,53.109039651,Horn-Lehe,Lehesterdeich,2016-4
2016-06-01,11,2016,6,5,10,3,5,3,1,1,0,0,0,0,0,0,8.860928409,53.049712605,Obervieland,Habenhausen,2016-6
2016-05-01,11,2016,5,7,16,3,5,3,1,1,0,0,0,0,0,0,8.89629761,53.079216266,Vahr,Neue Vahr Südost,2016-5
2016-07-01,11,2016,7,6,17,3,0,1,1,0,0,0,0,0,0,1,8.732628768,53.172806636,Burglesum,Burgdamm,2016-7
2016-06-01,11,2016,6,2,8,3,5,3,1,1,0,0,0,0,0,0,8.798528676,53.079146752,Mitte,Altstadt,2016-6
2016-06-01,11,2016,6,7,12,3,5,3,1,1,0,0,0,0,0,1,8.832434153,53.033536945,Obervieland,Kattenturm,2016-6
2016-06-01,11,2016,6,5,11,3,5,2,1,1,0,0,0,0,0,0,8.85565927,53.069614208,Östliche Vorstadt,Peterswerder,2016-6
2016-06-01,11,2016,6,4,14,3,1,1,1,1,0,0,0,0,0,0,8.703012009,53.171805553,Burglesum,Burgdamm,2016-6
2016-06-01,11,2016,6,5,9,3,5,2,1,1,0,0,0,0,0,0,8.808350744,53.094749337,Findorff,Weidedamm,2016-6
2016-06-01,11,2016,6,3,13,3,5,1,1,1,0,0,0,0,0,0,8.552991511,53.194389095,Blumenthal,Rönnebeck,2016-6
2016-06-01,11,2016,6,4,12,3,5,2,1,1,0,0,0,0,0,0,8.835151468,53.091454949,Schwachhausen,Neu-Schwachhausen,2016-6
2016-07-01,11,2016,7,6,13,3,5,3,1,1,0,0,0,0,0,0,8.799509957,53.084730248,Mitte,Bahnhofsvorstadt,2016-7
2016-07-01,11,2016,7,4,20,3,1,1,1,1,0,0,0,0,0,0,8.741191654,53.126719555,Gröpelingen,Oslebshausen,2016-7
2016-07-01,11,2016,7,5,11,3,5,3,1,1,0,0,0,0,0,0,8.800899829,53.0684248,Neustadt,Südervorstadt,2016-7
2016-06-01,12,2016,6,2,6,3,4,2,1,1,0,0,0,0,0,0,8.598432361,53.53204727,Geestemünde,Geestendorf,2016-6
2016-06-01,11,2016,6,4,12,3,0,7,1,1,0,0,0,0,0,0,8.957744933,53.051500665,Osterholz,Osterholz,2016-6
2016-07-01,11,2016,7,2,9,3,3,2,1,1,0,0,0,0,0,0,8.801093617,53.078857023,Mitte,Altstadt,2016-7
2016-06-01,12,2016,6,1,10,3,4,2,1,1,0,0,0,0,0,1,8.597413548,53.588656538,Leherheide,Königsheide,2016-6
2016-06-01,11,2016,6,6,11,3,5,3,1,1,0,0,0,0,0,0,8.962007831,53.060340102,Osterholz,Tenever,2016-6
2016-07-01,11,2016,7,4,12,2,6,4,1,0,1,0,0,0,0,0,8.951556548,53.055366178,Osterholz,Osterholz,2016-7
2016-06-01,11,2016,6,6,19,3,1,7,1,1,0,0,0,0,0,0,8.776227156,53.071636429,Woltmershausen,Woltmershausen,2016-6
2016-06-01,11,2016,6,4,8,3,5,2,1,1,0,0,0,0,0,1,8.827628,53.086623498,Schwachhausen,Bürgerpark,2016-6
2016-06-01,11,2016,6,1,2,3,4,2,1,1,0,0,0,0,2,0,8.808847393,53.083111613,Mitte,Bahnhofsvorstadt,2016-6
2016-07-01,11,2016,7,1,16,3,0,7,1,0,0,0,0,0,0,1,8.805827727,53.073338642,Mitte,Altstadt,2016-7
2016-07-01,11,2016,7,6,18,3,1,5,1,1,0,0,0,0,0,1,8.768078027,53.11238927,Gröpelingen,Gröpelingen,2016-7
2016-06-01,11,2016,6,1,2,2,0,7,1,0,0,0,0,0,2,0,8.772952241,53.126800233,Gröpelingen,In den Wischen,2016-6
2016-06-01,11,2016,6,5,18,3,5,3,1,0,0,0,0,0,0,0,8.831989089,53.108708432,Horn-Lehe,Lehe,2016-6
2016-06-01,11,2016,6,3,16,3,3,2,1,1,0,0,0,0,0,0,8.828213241,53.078195367,Östliche Vorstadt,Fesenfeld,2016-6
2016-06-01,11,2016,6,1,1,3,5,7,1,1,0,0,0,0,2,0,8.818122956,53.072402872,Mitte,Ostertor,2016-6
2016-06-01,12,2016,6,4,8,3,3,2,1,1,0,0,0,0,0,0,8.60067878,53.514274881,Wulsdorf,Dreibergen,2016-6
2016-06-01,11,2016,6,4,9,3,5,2,1,1,0,0,0,0,0,0,8.930582406,53.087653461,Oberneuland,Unbekannt,2016-6
2016-07-01,11,2016,7,4,17,3,5,3,1,1,0,0,0,0,0,0,8.914404725,53.038388086,Hemelingen,Arbergen,2016-7
2016-06-01,11,2016,6,5,16,2,0,7,1,0,0,0,0,0,0,0,8.8778601,53.03726911,Hemelingen,Hemelingen,2016-6
2016-06-01,11,2016,6,3,11,3,5,3,1,1,0,0,0,0,0,0,8.877933957,53.101386574,Horn-Lehe,Lehe,2016-6
2016-06-01,11,2016,6,3,16,1,3,6,1,0,0,0,0,0,0,0,8.872914173,53.100532923,Horn-Lehe,Lehe,2016-6
2016-07-01,12,2016,7,5,19,3,1,5,1,1,0,0,0,0,0,0,8.598354658,53.541924312,Geestemünde,Bürgerpark (BHV),2016-7
2016-06-01,11,2016,6,5,13,3,5,3,1,1,0,0,0,0,0,0,8.852416074,53.070814301,Östliche Vorstadt,Peterswerder,2016-6
2016-07-01,11,2016,7,3,8,2,5,3,1,1,0,0,0,0,0,0,8.827819489,53.07989956,Schwachhausen,Gete,2016-7
2016-07-01,11,2016,7,3,17,3,5,3,1,1,0,0,0,0,0,0,8.801518697,53.086807724,Mitte,Bahnhofsvorstadt,2016-7
2016-06-01,11,2016,6,3,12,2,5,3,1,1,0,0,0,0,0,0,8.789272331,53.071019776,Neustadt,Neustadt,2016-6
2016-07-01,11,2016,7,5,18,2,5,3,1,1,0,0,0,0,0,1,8.710113707,53.17488984,Burglesum,Burgdamm,2016-7
2016-07-01,12,2016,7,4,17,3,5,3,1,1,0,0,0,0,0,0,8.59261615,53.567086442,Lehe (BHV),Klushof,2016-7
2016-07-01,11,2016,7,1,12,3,0,7,1,0,1,0,0,0,0,0,8.860928409,53.049712605,Obervieland,Habenhausen,2016-7
2016-06-01,11,2016,6,3,6,3,5,3,1,1,0,0,0,0,0,1,8.908086112,53.078395482,Vahr,Neue Vahr Südost,2016-6
2016-06-01,11,2016,6,2,12,3,5,2,1,1,0,0,0,0,0,0,8.810917446,53.072253744,Mitte,Altstadt,2016-6
2016-06-01,11,2016,6,4,7,3,5,2,1,1,0,0,0,0,0,1,8.793406791,53.092474712,Walle,Utbremen,2016-6
2016-06-01,11,2016,6,3,13,3,6,4,1,0,1,0,0,0,0,0,8.793124694,53.073713057,Neustadt,Alte Neustadt,2016-6
2016-06-01,12,2016,6,6,14,3,5,3,1,1,0,0,0,0,0,0,8.591046703,53.541452122,Geestemünde,Geestemünde-Nord,2016-6
2016-06-01,11,2016,6,1,9,3,5,2,1,1,0,0,0,0,0,0,8.825152692,53.084318416,Schwachhausen,Bürgerpark,2016-6
2016-06-01,11,2016,6,6,11,3,0,5,1,1,0,0,0,0,0,0,8.789930057,53.106901207,Walle,Hohweg,2016-6
2016-07-01,12,2016,7,3,18,3,1,3,1,1,0,0,0,0,0,0,8.580881137,53.547125856,Mitte (BHV),Mitte-Süd,2016-7
2016-06-01,11,2016,6,2,12,3,5,2,1,0,0,0,1,0,0,0,8.847117566,53.087011724,Schwachhausen,Schwachhausen,2016-6
2016-06-01,12,2016,6,3,20,3,1,1,1,1,0,0,0,0,0,0,8.57352686,53.549381768,Mitte (BHV),Mitte-Nord,2016-6
2016-06-01,11,2016,6,3,7,3,5,3,1,1,0,0,0,0,0,1,8.873800519,53.101297378,Horn-Lehe,Lehe,2016-6
2016-06-01,11,2016,6,5,8,3,5,3,1,1,0,0,0,0,0,0,8.901161096,53.08944952,Oberneuland,Unbekannt,2016-6
2016-06-01,11,2016,6,7,11,3,5,3,1,1,0,0,0,0,0,0,8.820018231,53.030147925,Obervieland,Kattenesch,2016-6
2016-06-01,11,2016,6,4,19,3,1,7,1,1,0,0,0,0,0,1,8.788543037,53.091225785,Walle,Westend,2016-6
2016-06-01,11,2016,6,4,16,3,1,7,1,0,0,0,1,0,0,0,8.849189855,53.071400061,Östliche Vorstadt,Peterswerder,2016-6
2016-07-01,11,2016,7,6,15,3,5,3,1,1,0,0,0,0,0,1,8.793686892,53.066393806,Neustadt,Südervorstadt,2016-7
2016-07-01,11,2016,7,4,17,3,0,2,1,1,0,0,0,0,0,1,8.744458593,53.130227548,Gröpelingen,Oslebshausen,2016-7
2016-06-01,11,2016,6,5,13,3,0,7,1,0,0,0,0,0,0,0,8.571908096,53.188640149,Blumenthal,Blumenthal,2016-6
2016-06-01,11,2016,6,6,12,2,5,3,1,1,0,0,0,0,0,0,8.869356608,53.074859036,Vahr,Gartenstadt Vahr,2016-6
2016-06-01,11,2016,6,3,18,3,5,3,1,1,0,0,0,0,0,1,8.900968678,53.089482134,Horn-Lehe,Horn,2016-6
2016-07-01,11,2016,7,6,20,2,5,3,1,1,0,0,0,0,1,0,8.855819186,53.081591935,Vahr,Gartenstadt Vahr,2016-7
2016-06-01,11,2016,6,6,11,3,3,7,1,1,0,0,0,0,0,1,8.824055389,53.079233888,Mitte,Ostertor,2016-6
2016-06-01,11,2016,6,5,18,2,5,3,1,1,0,0,0,0,0,0,8.825113422,53.084187307,Schwachhausen,Bürgerpark,2016-6
2016-07-01,11,2016,7,3,14,3,0,7,1,0,0,0,0,0,0,1,8.754007153,53.120333098,Gröpelingen,Lindenhof,2016-7
2016-07-01,12,2016,7,2,17,3,1,3,1,1,0,0,0,0,0,0,8.590335424,53.539850895,Geestemünde,Geestemünde-Nord,2016-7
2016-06-01,11,2016,6,3,16,3,5,3,1,1,0,0,0,0,0,0,8.814985884,53.054704616,Neustadt,Huckelriede,2016-6
2016-06-01,11,2016,6,6,17,3,3,6,1,0,0,0,0,0,0,0,8.818040161,53.086225058,Schwachhausen,Barkhof,2016-6
2016-06-01,11,2016,6,2,19,3,5,2,1,1,0,0,0,0,0,1,8.805854432,53.07355013,Mitte,Altstadt,2016-6
2016-06-01,11,2016,6,4,20,3,5,5,1,1,0,0,0,0,0,0,8.805187972,53.061391904,Neustadt,Buntentor,2016-6
2016-07-01,12,2016,7,7,17,3,5,3,1,1,0,0,0,0,0,0,8.605539834,53.523235086,Geestemünde,Grünhöfe,2016-7
2016-06-01,11,2016,6,6,23,3,0,1,1,0,0,0,0,0,2,0,8.823415913,53.07661802,Östliche Vorstadt,Fesenfeld,2016-6
2016-07-01,11,2016,7,4,17,3,0,1,1,0,0,0,0,0,0,0,8.846571965,53.074863325,Östliche Vorstadt,Hulsberg,2016-7
2016-06-01,11,2016,6,2,11,3,5,3,1,1,0,0,0,0,0,0,8.863403468,53.068424397,Hemelingen,Hastedt,2016-6
2016-06-01,11,2016,6,3,16,3,5,2,1,1,0,0,0,0,0,1,8.836962759,53.09926395,Schwachhausen,Neu-Schwachhausen,2016-6
2016-06-01,11,2016,6,6,7,3,0,1,1,0,0,0,0,0,0,0,8.794076256,53.074339996,Neustadt,Alte Neustadt,2016-6
2016-07-01,12,2016,7,6,12,3,0,1,1,0,0,0,0,0,0,0,8.602319977,53.507690204,Wulsdorf,Dreibergen,2016-7
2016-07-01,11,2016,7,6,14,2,0,7,1,1,0,0,0,0,0,1,8.824965412,53.084568854,Schwachhausen,Bürgerpark,2016-7
2016-06-01,12,2016,6,5,22,3,5,3,1,1,0,0,0,0,2,1,8.598620272,53.505536054,Wulsdorf,Dreibergen,2016-6
2016-06-01,11,2016,6,1,19,3,0,7,1,0,1,0,0,0,0,0,8.810653136,53.061739345,Neustadt,Huckelriede,2016-6
2016-06-01,11,2016,6,6,9,3,5,2,1,1,0,0,0,0,0,0,8.772545738,53.10911953,Walle,Walle,2016-6
2016-06-01,11,2016,6,3,13,2,5,2,1,0,0,0,1,0,0,0,8.84772747,53.093154296,Schwachhausen,Riensberg,2016-6
2016-06-01,12,2016,6,6,18,3,5,3,1,1,0,0,0,0,0,1,8.580386091,53.558833957,Lehe (BHV),Goethestrasse,2016-6
2016-06-01,11,2016,6,4,18,3,5,3,1,1,0,0,0,0,0,0,8.795198503,53.057707586,Neustadt,Neuenland,2016-6
2016-06-01,11,2016,6,3,8,2,0,1,1,0,0,0,0,1,0,1,8.807500574,53.09927347,Findorff,Weidedamm,2016-6
2016-07-01,11,2016,7,6,5,3,4,6,1,0,0,0,0,0,1,1,8.787242046,53.056291447,Neustadt,Neuenland,2016-7
2016-06-01,11,2016,6,6,8,2,5,2,1,1,0,0,0,0,0,1,8.812689304,53.081087085,Mitte,Bahnhofsvorstadt,2016-6
2016-06-01,11,2016,6,5,15,3,5,3,1,1,0,0,0,0,0,0,8.571510758,53.191074099,Blumenthal,Blumenthal,2016-6
2016-07-01,11,2016,7,2,17,3,5,7,1,1,0,0,0,0,0,0,8.841696224,53.075927983,Östliche Vorstadt,Hulsberg,2016-7
2016-06-01,11,2016,6,3,17,3,1,5,1,1,0,0,0,0,0,0,8.58008611,53.200962119,Blumenthal,Lüssum-Bockhorn,2016-6
2016-07-01,11,2016,7,1,1,3,1,1,1,1,0,0,0,0,2,0,8.824347691,53.069905965,Östliche Vorstadt,Steintor,2016-7
2016-07-01,11,2016,7,2,18,3,0,1,1,0,0,0,0,0,0,0,8.736204128,53.133411823,Gröpelingen,Oslebshausen,2016-7
2016-07-01,12,2016,7,5,15,3,5,3,1,1,0,0,0,0,0,1,8.5909108,53.533543439,Geestemünde,Geestendorf,2016-7
2016-06-01,11,2016,6,6,16,3,5,3,1,1,0,0,0,0,0,0,8.78656166,53.100631573,Walle,Walle,2016-6
2016-07-01,11,2016,7,4,15,3,0,1,1,0,0,0,0,0,0,0,8.819997638,53.07576239,Mitte,Ostertor,2016-7
2016-06-01,11,2016,6,6,7,3,5,3,1,0,0,0,0,1,0,0,8.794066059,53.074388603,Neustadt,Alte Neustadt,2016-6
2016-06-01,11,2016,6,7,20,3,0,1,1,0,0,0,0,0,0,1,8.736353372,53.045471562,Huchting,Kirchhuchting,2016-6
2016-06-01,11,2016,6,4,17,3,4,6,1,0,0,0,0,0,0,0,8.917463837,53.122121558,Unbekannt,Borgfeld,2016-6
2016-06-01,11,2016,6,1,15,3,5,2,1,1,0,0,0,0,0,0,8.799132563,53.06944918,Neustadt,Alte Neustadt,2016-6
2016-07-01,11,2016,7,6,8,3,5,2,1,1,0,0,0,0,0,0,8.799132563,53.06944918,Neustadt,Alte Neustadt,2016-7
2016-06-01,11,2016,6,6,21,2,0,7,1,0,0,0,0,0,1,0,8.802453582,53.071725916,Neustadt,Alte Neustadt,2016-6
2016-06-01,11,2016,6,3,16,3,5,3,1,1,0,0,0,0,0,0,8.609719515,53.173257936,Vegesack,Vegesack,2016-6
2016-06-01,11,2016,6,4,8,3,5,3,1,1,0,0,0,0,0,0,8.795725884,53.056166604,Neustadt,Neuenland,2016-6
2016-06-01,11,2016,6,2,10,3,3,6,1,0,0,0,0,1,0,0,8.866464506,53.066905185,Hemelingen,Hastedt,2016-6
2016-06-01,12,2016,6,3,18,3,3,6,1,0,0,0,0,0,0,0,8.613895434,53.538673554,Geestemünde,Bürgerpark (BHV),2016-6
2016-06-01,11,2016,6,2,15,3,5,3,1,1,0,0,0,0,0,0,8.88774346,53.069050957,Hemelingen,Sebaldsbrück,2016-6
2016-07-01,11,2016,7,4,10,3,5,3,1,1,0,0,0,0,0,1,8.825524836,53.07894574,Östliche Vorstadt,Fesenfeld,2016-7
2016-06-01,11,2016,6,5,9,3,5,2,1,1,0,0,0,0,0,0,8.77879474,53.064650544,Neustadt,Neuenland,2016-6
2016-06-01,11,2016,6,3,17,3,0,7,1,1,1,0,0,0,0,0,8.757431226,53.117350989,Gröpelingen,Ohlenhof,2016-6
2016-06-01,11,2016,6,2,9,3,5,3,1,1,0,0,0,0,0,0,8.577099131,53.18840588,Blumenthal,Blumenthal,2016-6
2016-06-01,11,2016,6,4,17,3,5,2,1,1,0,0,0,0,0,0,8.814110165,53.081257674,Mitte,Bahnhofsvorstadt,2016-6
2016-06-01,11,2016,6,5,9,3,5,3,1,1,0,0,0,0,0,0,8.875887441,53.081779674,Vahr,Gartenstadt Vahr,2016-6
2016-06-01,12,2016,6,6,8,3,0,7,1,0,0,0,0,0,0,1,8.553563406,53.57888351,Häfen (BHV),Stadtbremisches Überseehafengebiet Bremerhaven,2016-6
2016-06-01,11,2016,6,5,16,3,0,1,1,0,0,0,0,0,0,0,8.740294412,53.062939648,Huchting,Mittelshuchting,2016-6
2016-07-01,11,2016,7,3,17,3,6,4,1,0,1,0,0,0,0,0,8.803413687,53.076924382,Mitte,Altstadt,2016-7
2016-06-01,11,2016,6,3,21,3,5,2,1,1,0,0,0,0,1,0,8.83761595,53.077525403,Östliche Vorstadt,Hulsberg,2016-6
2016-07-01,11,2016,7,4,20,3,5,3,1,1,0,0,0,0,0,0,8.58328762,53.181937219,Blumenthal,Blumenthal,2016-7
2016-06-01,11,2016,6,4,16,3,0,7,1,0,0,0,0,0,0,0,8.983194998,53.125618079,Unbekannt,Borgfeld,2016-6
2016-07-01,11,2016,7,2,19,3,5,3,1,1,0,0,0,0,0,0,8.850454945,53.041625105,Obervieland,Habenhausen,2016-7
2016-06-01,11,2016,6,3,8,3,5,2,1,1,0,0,0,0,0,1,8.835211586,53.08452937,Schwachhausen,Schwachhausen,2016-6
2016-06-01,11,2016,6,5,16,3,5,3,1,1,0,0,0,0,0,0,8.794248708,53.084583821,Mitte,Bahnhofsvorstadt,2016-6
2016-07-01,11,2016,7,4,21,2,5,3,1,0,0,0,0,1,0,0,8.807246769,53.07605488,Mitte,Altstadt,2016-7
2016-06-01,11,2016,6,2,18,3,0,6,1,1,0,0,0,0,0,1,8.827099032,53.086343656,Schwachhausen,Bürgerpark,2016-6
2016-06-01,11,2016,6,4,22,3,0,1,1,0,0,0,0,0,2,0,8.827689906,53.072555215,Östliche Vorstadt,Steintor,2016-6
2016-06-01,11,2016,6,2,7,3,5,3,1,0,0,0,0,0,0,0,8.612980054,53.182669708,Vegesack,Fähr-Lobbendorf,2016-6
2016-06-01,11,2016,6,1,23,3,5,3,1,1,0,0,0,0,2,0,8.790159866,53.064164814,Neustadt,Südervorstadt,2016-6
2016-07-01,11,2016,7,6,20,3,5,3,1,0,0,0,0,0,1,1,8.704910751,53.171039857,Burglesum,Burgdamm,2016-7
2016-06-01,11,2016,6,5,18,3,3,6,1,0,0,0,0,0,0,0,8.751972898,53.122103877,Gröpelingen,Ohlenhof,2016-6
2016-07-01,11,2016,7,6,15,2,5,3,1,0,0,0,0,1,0,0,8.820045851,53.049906903,Neustadt,Huckelriede,2016-7
2016-08-01,11,2016,8,3,16,3,1,5,1,1,0,0,0,0,0,0,8.817352878,53.079138414,Mitte,Bahnhofsvorstadt,2016-8
2016-08-01,11,2016,8,6,18,2,0,1,1,0,0,0,0,0,0,0,8.852513574,53.086265847,Schwachhausen,Radio Bremen,2016-8
2016-07-01,11,2016,7,3,6,3,0,1,1,0,0,0,0,0,0,0,8.854161747,53.082218041,Schwachhausen,Gete,2016-7
2016-08-01,11,2016,8,2,18,3,5,3,1,1,0,0,0,0,0,0,8.789158474,53.08291211,Walle,Überseestadt,2016-8
2016-08-01,12,2016,8,4,17,2,5,3,1,1,0,0,0,0,0,0,8.598042516,53.585930657,Leherheide,Königsheide,2016-8
2016-08-01,11,2016,8,3,9,3,5,7,1,1,0,0,0,0,0,0,8.740792206,53.046972118,Huchting,Kirchhuchting,2016-8
2016-08-01,11,2016,8,6,12,3,0,7,1,1,0,0,0,0,0,0,8.801738157,53.067890018,Neustadt,Südervorstadt,2016-8
2016-07-01,11,2016,7,2,13,3,5,3,1,1,0,0,0,0,0,0,8.757905614,53.122920688,Gröpelingen,Ohlenhof,2016-7
2016-08-01,11,2016,8,1,14,3,5,3,1,1,0,0,0,0,0,0,8.559786449,53.190779598,Blumenthal,Rönnebeck,2016-8
2016-08-01,11,2016,8,5,11,3,5,3,1,1,0,0,0,0,0,0,8.78173914,53.086151727,Walle,Überseestadt,2016-8
2016-08-01,11,2016,8,6,16,3,5,3,1,1,0,0,0,0,0,1,8.802719118,53.077213099,Mitte,Altstadt,2016-8
2016-08-01,11,2016,8,2,13,2,0,7,1,0,0,0,0,0,0,0,8.793916457,53.07423585,Neustadt,Alte Neustadt,2016-8
2016-08-01,11,2016,8,3,9,2,0,1,1,0,0,0,0,0,0,0,8.831992072,53.071057869,Östliche Vorstadt,Steintor,2016-8
2016-08-01,11,2016,8,2,15,3,1,5,1,1,0,0,0,0,0,1,8.730016408,53.042683175,Huchting,Kirchhuchting,2016-8
2016-07-01,11,2016,7,6,8,3,5,2,1,1,0,0,0,0,0,0,8.875996975,53.082133592,Vahr,Neue Vahr Südwest,2016-7
2016-08-01,11,2016,8,5,22,3,0,1,1,0,0,0,0,0,2,0,8.704675895,53.154724492,Burglesum,Burg-Grambke,2016-8
2016-07-01,11,2016,7,6,22,3,1,5,1,1,0,0,0,0,2,0,8.82535633,53.103404755,Schwachhausen,Neu-Schwachhausen,2016-7
2016-07-01,11,2016,7,7,16,3,8,2,1,1,0,0,0,0,0,0,8.575850039,53.18342035,Blumenthal,Blumenthal,2016-7
2016-08-01,12,2016,8,4,15,3,5,3,1,0,0,0,0,0,0,0,8.601179641,53.495872107,Wulsdorf,Jedutenberg,2016-8
2016-07-01,11,2016,7,4,7,3,4,5,1,1,0,0,0,0,0,0,8.872563828,53.083002803,Schwachhausen,Radio Bremen,2016-7
2016-08-01,12,2016,8,3,14,3,0,3,1,0,0,0,0,0,0,0,8.589757952,53.539931259,Geestemünde,Geestemünde-Nord,2016-8
2016-08-01,11,2016,8,2,2,3,2,6,1,1,0,0,0,0,2,0,8.824500216,53.043871839,Obervieland,Kattenturm,2016-8
2016-08-01,11,2016,8,5,16,3,0,7,1,1,0,0,0,0,0,0,8.844348194,53.094093001,Schwachhausen,Neu-Schwachhausen,2016-8
2016-08-01,11,2016,8,2,22,3,6,4,1,0,1,0,0,0,2,0,8.796309778,53.076823029,Neustadt,Alte Neustadt,2016-8
2016-08-01,11,2016,8,4,8,3,4,6,1,0,0,0,0,0,0,0,8.807129105,53.082526626,Mitte,Bahnhofsvorstadt,2016-8
2016-07-01,12,2016,7,4,12,3,5,3,1,1,0,0,0,0,0,0,8.6058176,53.522706427,Geestemünde,Grünhöfe,2016-7
2016-07-01,11,2016,7,4,12,3,5,3,1,1,0,0,0,0,0,0,8.837152679,53.0717663,Östliche Vorstadt,Hulsberg,2016-7
2016-08-01,12,2016,8,2,12,3,5,3,1,1,0,0,0,0,0,0,8.616388756,53.588818195,Leherheide,Leherheide-West,2016-8
2016-07-01,11,2016,7,4,8,2,5,3,1,0,0,0,0,1,0,0,8.960646677,53.041993356,Hemelingen,Mahndorf,2016-7
2016-08-01,11,2016,8,4,7,3,5,3,1,1,0,0,0,0,0,1,8.880681714,53.078969938,Vahr,Neue Vahr Südwest,2016-8
2016-08-01,12,2016,8,2,21,3,8,1,1,0,0,0,0,0,0,0,8.579782325,53.546702499,Mitte (BHV),Mitte-Süd,2016-8
2016-07-01,11,2016,7,6,18,3,1,5,1,1,0,0,0,0,0,0,8.95311679,53.038118466,Hemelingen,Mahndorf,2016-7
2016-08-01,11,2016,8,6,14,3,5,3,1,1,0,0,0,0,0,0,8.83539272,53.073436729,Östliche Vorstadt,Steintor,2016-8
2016-07-01,12,2016,7,2,6,2,5,3,1,1,0,0,0,0,0,0,8.595023666,53.572065502,Lehe (BHV),Eckernfeld,2016-7
2016-08-01,11,2016,8,4,16,3,3,2,1,0,0,0,0,1,0,0,8.791441587,53.101969637,Walle,Osterfeuerberg,2016-8
2016-08-01,12,2016,8,6,14,3,0,7,1,0,0,0,0,0,0,0,8.581600086,53.541002366,Mitte (BHV),Mitte-Süd,2016-8
2016-07-01,11,2016,7,3,13,3,1,5,1,1,0,0,0,0,0,0,8.803587578,53.066756439,Neustadt,Buntentor,2016-7
2016-08-01,11,2016,8,2,9,3,5,3,1,1,0,0,0,0,0,1,8.874239693,53.078447224,Vahr,Gartenstadt Vahr,2016-8
2016-07-01,11,2016,7,2,12,2,5,7,1,1,0,0,0,0,0,0,8.750011646,53.092896148,Woltmershausen,Rablinghausen,2016-7
2016-08-01,11,2016,8,6,14,3,5,3,1,1,0,0,0,0,0,0,8.811673282,53.081646957,Mitte,Bahnhofsvorstadt,2016-8
2016-07-01,11,2016,7,7,15,1,6,3,1,0,1,0,0,0,0,1,8.804361998,53.075652374,Mitte,Altstadt,2016-7
2016-08-01,11,2016,8,6,14,3,5,3,1,1,0,0,0,0,0,0,8.732884432,53.058378036,Huchting,Mittelshuchting,2016-8
2016-08-01,11,2016,8,7,12,3,5,3,1,1,0,0,0,0,0,0,8.876541087,53.081044036,Vahr,Gartenstadt Vahr,2016-8
2016-07-01,11,2016,7,2,10,3,0,1,1,0,0,0,0,0,0,0,8.861785,53.099194546,Horn-Lehe,Horn,2016-7
2016-07-01,11,2016,7,6,19,3,1,5,1,1,0,0,0,0,0,0,8.73898808,53.055368605,Huchting,Mittelshuchting,2016-7
2016-08-01,11,2016,8,5,16,3,0,6,1,1,0,0,0,0,0,1,8.864846165,53.095651186,Horn-Lehe,Horn,2016-8
2016-08-01,12,2016,8,3,11,3,5,3,1,1,0,0,0,0,0,0,8.586268371,53.5626895,Lehe (BHV),Klushof,2016-8
2016-07-01,12,2016,7,3,6,3,5,3,1,1,0,0,0,0,0,0,8.603730493,53.586235138,Leherheide,Königsheide,2016-7
2016-08-01,11,2016,8,4,10,2,4,2,1,1,0,0,0,0,0,0,8.54851439,53.18816971,Blumenthal,Rönnebeck,2016-8
2016-08-01,11,2016,8,2,7,3,3,6,1,0,0,0,0,0,0,0,8.799274749,53.071417444,Neustadt,Alte Neustadt,2016-8
2016-08-01,11,2016,8,5,8,3,5,3,1,1,0,0,0,0,0,0,8.792019493,53.094500197,Walle,Westend,2016-8
2016-08-01,11,2016,8,6,19,3,5,3,1,1,0,0,0,0,0,0,8.89191708,53.048883313,Hemelingen,Hemelingen,2016-8
2016-08-01,11,2016,8,5,11,3,0,1,1,0,0,0,0,0,0,1,8.831386126,53.071224909,Östliche Vorstadt,Steintor,2016-8
2016-07-01,11,2016,7,7,22,3,0,1,1,0,0,0,0,0,2,0,8.827880342,53.072496661,Östliche Vorstadt,Steintor,2016-7
2016-07-01,11,2016,7,6,12,3,1,5,1,1,0,0,0,0,0,0,8.769274265,53.082591495,Woltmershausen,Woltmershausen,2016-7
2016-07-01,11,2016,7,1,1,3,0,7,1,0,0,0,0,0,2,0,8.799607769,53.094643434,Findorff,Regensburger Str.,2016-7
2016-08-01,11,2016,8,6,7,3,1,5,1,1,0,0,0,0,0,0,8.866744036,53.070145039,Hemelingen,Hastedt,2016-8
2016-08-01,11,2016,8,4,15,3,0,1,1,0,0,0,0,0,0,0,8.828005014,53.070132924,Östliche Vorstadt,Steintor,2016-8
2016-08-01,11,2016,8,2,14,3,5,3,1,0,0,0,0,1,0,0,8.776195761,53.098657592,Walle,Walle,2016-8
2016-08-01,11,2016,8,4,21,3,4,6,1,1,0,0,0,0,2,0,8.914170484,53.068520967,Hemelingen,Sebaldsbrück,2016-8
2016-07-01,12,2016,7,5,11,3,6,7,1,0,1,0,0,0,0,0,8.59159441,53.566371333,Lehe (BHV),Klushof,2016-7
2016-08-01,11,2016,8,4,9,3,5,3,1,1,0,0,0,0,0,0,8.880338664,53.0824284,Vahr,Neue Vahr Südwest,2016-8
2016-07-01,11,2016,7,6,12,3,4,6,1,0,0,0,0,0,0,0,8.783603357,53.075521911,Woltmershausen,Woltmershausen,2016-7