Datetime,UKREIS,UJAHR,UMONAT,UWOCHENTAG,USTUNDE,UKATEGORIE,UART,UTYP1,IstRad,IstPKW,IstFuss,IstKrad,IstGkfz,IstSonstig,ULICHTVERH,STRZUSTAND,longitude,latitude,Stadtteil,Ortsteil,Datetime
2016-08-01,11,2016,8,2,19,3,5,3,1,1,0,0,0,0,0,0,8.740514245,53.054235554,Huchting,Mittelshuchting,2016-8
2016-08-01,11,2016,8,4,7,3,5,3,1,1,0,0,0,0,0,0,8.575320132,53.1921802,Blumenthal,Blumenthal,2016-8
2016-07-01,11,2016,7,5,18,3,5,2,1,1,0,0,0,0,0,0,8.793628617,53.066408549,Neustadt,Neustadt,2016-7
2016-08-01,12,2016,8,3,10,3,3,6,1,0,0,0,0,0,0,0,8.601419151,53.591422753,Leherheide,Königsheide,2016-8
2016-07-01,11,2016,7,3,14,3,5,3,1,1,0,0,0,0,0,0,8.916459128,53.071289028,Hemelingen,Sebaldsbrück,2016-7
2016-08-01,11,2016,8,2,7,3,5,3,1,1,0,0,0,0,0,0,8.843716244,53.088290137,Schwachhausen,Riensberg,2016-8
2016-07-01,11,2016,7,2,8,3,5,2,1,1,0,0,0,0,0,0,8.702132439,53.167995647,Burglesum,Burgdamm,2016-7
2016-07-01,11,2016,7,3,11,2,0,7,1,0,0,0,0,1,0,0,8.954492941,53.045121464,Osterholz,Osterholz,2016-7
2016-08-01,11,2016,8,6,12,3,5,2,1,1,0,0,0,0,0,1,8.807435525,53.09438042,Findorff,Regensburger Str.,2016-8
2016-08-01,11,2016,8,5,17,3,3,6,1,1,0,0,0,0,0,1,8.822741223,53.082889821,Schwachhausen,Barkhof,2016-8
2016-08-01,12,2016,8,2,15,3,5,2,1,1,0,0,0,0,0,0,8.593666274,53.533365479,Geestemünde,Geestendorf,2016-8
2016-08-01,11,2016,8,2,8,3,5,3,1,0,0,1,0,0,0,0,8.799488616,53.071521047,Neustadt,Alte Neustadt,2016-8
2016-08-01,11,2016,8,3,20,3,6,4,1,0,1,0,0,0,0,0,8.845567723,53.071596595,Östliche Vorstadt,Peterswerder,2016-8
2016-08-01,11,2016,8,3,17,3,6,7,1,0,1,0,0,0,0,0,8.806253771,53.084236981,Mitte,Bahnhofsvorstadt,2016-8
2016-07-01,11,2016,7,7,14,2,0,1,1,0,0,0,0,0,0,1,8.830892242,53.081463214,Schwachhausen,Schwachhausen,2016-7
2016-08-01,11,2016,8,3,21,3,5,2,1,1,0,0,0,0,1,0,8.779329571,53.078664682,Häfen,Hohentorshafen,2016-8
2016-07-01,11,2016,7,5,19,3,1,5,1,1,0,0,0,0,0,0,8.801075836,53.068310055,Neustadt,Südervorstadt,2016-7
2016-08-01,11,2016,8,3,14,3,5,3,1,1,0,0,0,0,0,0,8.898528152,53.119941809,Unbekannt,Borgfeld,2016-8
2016-08-01,11,2016,8,6,8,3,0,1,1,0,0,0,0,0,0,0,8.833770714,53.081828287,Schwachhausen,Schwachhausen,2016-8
2016-07-01,11,2016,7,2,22,2,5,3,1,1,0,0,0,0,2,0,8.886391602,53.0346057,Hemelingen,Hemelingen,2016-7
2016-08-01,11,2016,8,7,15,3,2,6,1,1,0,0,0,0,0,0,8.833550579,53.08214702,Schwachhausen,Schwachhausen,2016-8
2016-08-01,11,2016,8,6,14,3,5,3,1,1,0,0,0,0,0,1,8.941644875,53.060418376,Osterholz,Ellenerbrok-Schevemoor,2016-8
2016-08-01,11,2016,8,1,19,3,6,4,1,0,1,0,0,0,0,0,8.853244213,53.08684058,Schwachhausen,Radio Bremen,2016-8
2016-07-01,11,2016,7,2,16,3,5,6,1,1,0,0,0,0,0,0,8.810589353,53.039247018,Obervieland,Kattenturm,2016-7
2016-08-01,11,2016,8,5,11,2,0,3,1,1,0,0,0,0,0,0,8.77338784,53.091692259,Walle,Überseestadt,2016-8
2016-08-01,11,2016,8,7,12,3,5,2,1,0,0,0,0,0,0,0,8.759853363,53.113487516,Gröpelingen,Lindenhof,2016-8
2016-08-01,11,2016,8,6,13,3,5,3,1,1,0,0,0,0,0,0,8.619074583,53.180499785,Vegesack,Fähr-Lobbendorf,2016-8
2016-08-01,11,2016,8,5,11,2,5,3,1,1,0,0,0,0,0,1,8.880009305,53.090647602,Horn-Lehe,Horn,2016-8
2016-08-01,11,2016,8,3,7,2,4,6,1,0,0,0,0,0,0,0,8.886746948,53.051523432,Hemelingen,Hemelingen,2016-8
2016-07-01,12,2016,7,7,9,3,3,6,1,1,0,0,0,0,0,0,8.593473107,53.533815985,Geestemünde,Geestendorf,2016-7
2016-08-01,11,2016,8,5,14,3,5,2,1,1,0,0,0,0,0,0,8.830436667,53.085655978,Schwachhausen,Bürgerpark,2016-8
2016-08-01,11,2016,8,2,14,3,4,6,1,0,0,1,0,0,0,0,8.886716122,53.051556637,Hemelingen,Hemelingen,2016-8
2016-08-01,11,2016,8,4,13,3,3,6,1,0,0,0,0,0,0,0,8.799423844,53.070182994,Neustadt,Alte Neustadt,2016-8
2016-07-01,11,2016,7,5,14,3,4,1,1,0,0,0,0,0,0,0,8.626030857,53.166729465,Vegesack,Grohn,2016-7
2016-08-01,12,2016,8,3,13,3,0,1,1,0,0,0,1,0,0,0,8.579152952,53.533283649,Geestemünde,Geestemünde-Nord,2016-8
2016-08-01,11,2016,8,7,10,3,6,1,1,0,1,0,0,0,0,0,8.789326083,53.09304724,Walle,Westend,2016-8
2016-07-01,12,2016,7,3,21,3,5,3,1,1,0,0,0,0,1,0,8.598274133,53.570226548,Lehe (BHV),Klushof,2016-7
2016-08-01,11,2016,8,2,16,3,5,3,1,0,0,0,0,0,0,0,8.80769035,53.082407593,Mitte,Bahnhofsvorstadt,2016-8
2016-08-01,11,2016,8,2,15,3,5,3,1,0,0,0,0,0,0,1,8.912666774,53.055381219,Hemelingen,Sebaldsbrück,2016-8
2016-07-01,11,2016,7,5,7,3,4,6,1,1,0,0,0,0,0,0,8.758906288,53.091790365,Woltmershausen,Rablinghausen,2016-7
2016-07-01,11,2016,7,7,12,3,3,2,1,1,0,0,0,0,0,0,8.627879892,53.17188814,Vegesack,Vegesack,2016-7
2016-07-01,11,2016,7,3,11,3,5,3,1,0,0,0,0,1,0,0,8.832841014,53.070808736,Östliche Vorstadt,Steintor,2016-7
2016-07-01,11,2016,7,1,22,3,0,7,1,0,0,0,0,0,1,0,8.896295348,53.082419536,Vahr,Neue Vahr Nord,2016-7
2016-08-01,11,2016,8,3,8,3,5,2,1,1,0,0,0,0,0,0,8.791019792,53.095509267,Walle,Westend,2016-8
2016-08-01,11,2016,8,6,18,3,0,1,1,0,0,0,0,0,0,0,8.826999172,53.072778406,Östliche Vorstadt,Steintor,2016-8
2016-08-01,11,2016,8,1,10,3,0,3,1,1,0,0,0,0,0,0,8.855044402,53.078751255,Schwachhausen,Gete,2016-8
2016-07-01,11,2016,7,3,11,2,0,7,1,0,0,0,0,1,0,0,8.954507597,53.04512671,Osterholz,Osterholz,2016-7
2016-07-01,11,2016,7,1,12,3,7,1,1,0,0,0,0,1,0,0,8.832126864,53.108670507,Horn-Lehe,Lehe,2016-7
2016-08-01,11,2016,8,5,9,2,0,3,1,0,0,0,0,1,0,1,8.880177935,53.101501703,Horn-Lehe,Lehe,2016-8
2016-08-01,11,2016,8,6,13,3,5,3,1,1,0,0,0,0,0,0,8.829459291,53.089004433,Schwachhausen,Bürgerpark,2016-8
2016-07-01,11,2016,7,2,15,3,5,3,1,1,0,0,0,0,0,0,8.739879924,53.047237021,Huchting,Kirchhuchting,2016-7
2016-08-01,12,2016,8,5,7,3,1,6,1,1,0,0,0,0,0,1,8.592138455,53.568458255,Lehe (BHV),Klushof,2016-8
2016-08-01,12,2016,8,3,7,3,6,4,1,0,1,0,0,0,0,1,8.581042446,53.551480994,Lehe (BHV),Klushof,2016-8
2016-08-01,12,2016,8,7,16,3,5,3,1,1,0,0,0,0,0,0,8.611174304,53.529619801,Geestemünde,Bürgerpark (BHV),2016-8
2016-07-01,11,2016,7,1,14,3,0,1,1,0,0,0,0,0,0,0,8.807166859,53.064618784,Neustadt,Buntentor,2016-7
2016-08-01,11,2016,8,4,13,3,3,6,1,1,0,0,0,0,0,0,8.909005793,53.056010076,Hemelingen,Sebaldsbrück,2016-8
2016-08-01,11,2016,8,1,17,3,5,3,1,1,0,0,0,0,0,0,8.786447654,53.095466049,Walle,Westend,2016-8
2016-07-01,11,2016,7,2,23,3,4,6,1,0,0,0,0,0,2,0,8.803215079,53.07222352,Neustadt,Alte Neustadt,2016-7
2016-08-01,12,2016,8,2,10,3,5,7,1,1,0,0,0,0,0,0,8.589764523,53.539233426,Geestemünde,Geestemünde-Nord,2016-8
2016-08-01,11,2016,8,2,16,3,0,1,1,0,0,0,0,0,0,1,8.8275864,53.072585925,Östliche Vorstadt,Steintor,2016-8
2016-08-01,11,2016,8,5,12,3,0,5,1,0,0,0,0,1,0,1,8.572200725,53.197289143,Blumenthal,Lüssum-Bockhorn,2016-8
2016-07-01,11,2016,7,7,12,3,5,3,1,1,0,0,0,0,0,0,8.772341306,53.109011924,Walle,Walle,2016-7
2016-07-01,11,2016,7,3,1,3,5,3,1,1,0,0,0,0,2,0,8.84489116,53.045803426,Obervieland,Habenhausen,2016-7
2016-08-01,12,2016,8,5,9,3,8,1,1,0,0,0,0,0,0,0,8.586094193,53.561086382,Lehe (BHV),Klushof,2016-8
2016-08-01,11,2016,8,6,9,3,5,3,1,1,0,0,0,0,0,0,8.925386642,53.073007888,Osterholz,Ellener Feld,2016-8
2016-08-01,11,2016,8,4,8,3,4,6,1,0,0,0,0,0,0,1,8.791901344,53.085743807,Walle,Utbremen,2016-8
2016-07-01,12,2016,7,4,13,2,5,3,1,1,0,0,0,0,0,0,8.593336367,53.54652292,Geestemünde,Geestemünde-Nord,2016-7
2016-07-01,12,2016,7,6,18,3,8,1,1,0,0,0,0,0,0,0,8.58464508,53.560062984,Lehe (BHV),Goethestrasse,2016-7
2016-08-01,11,2016,8,4,16,3,5,2,1,1,0,0,0,0,0,0,8.818738214,53.043877108,Obervieland,Kattenturm,2016-8
2016-07-01,11,2016,7,3,6,3,5,3,1,1,0,0,0,0,0,0,8.826166792,53.034332725,Obervieland,Kattenturm,2016-7
2016-08-01,11,2016,8,4,15,2,0,1,1,0,0,0,0,0,0,0,8.809185506,53.078851413,Mitte,Altstadt,2016-8
2016-08-01,12,2016,8,2,20,3,1,1,1,1,0,0,0,0,1,0,8.599933906,53.529435909,Geestemünde,Geestendorf,2016-8
2016-08-01,11,2016,8,3,15,3,5,3,1,1,0,0,0,0,0,0,8.849731047,53.048971602,Obervieland,Habenhausen,2016-8
2016-08-01,11,2016,8,3,13,2,5,2,1,1,0,0,0,0,0,0,8.819113549,53.080275639,Mitte,Ostertor,2016-8
2016-08-01,11,2016,8,4,7,3,0,2,1,1,0,0,0,0,0,1,8.765461511,53.107180755,Walle,Überseestadt,2016-8
2016-08-01,11,2016,8,2,8,3,5,2,1,1,0,0,0,0,0,0,8.787484393,53.089916474,Walle,Utbremen,2016-8
2016-08-01,11,2016,8,4,8,3,5,3,1,1,0,0,0,0,0,0,8.805500056,53.081558785,Mitte,Bahnhofsvorstadt,2016-8
2016-08-01,11,2016,8,6,13,3,5,3,1,1,0,0,0,0,0,0,8.675490612,53.173579502,Burglesum,Lesum,2016-8
2016-07-01,12,2016,7,7,16,3,0,7,1,0,0,0,0,0,0,0,8.593715463,53.562241705,Lehe (BHV),Klushof,2016-7
2016-07-01,11,2016,7,3,14,3,5,3,1,1,0,0,0,0,0,0,8.574061522,53.19802157,Blumenthal,Lüssum-Bockhorn,2016-7
2016-08-01,11,2016,8,5,14,3,5,3,1,1,0,0,0,0,0,1,8.635789753,53.17319335,Vegesack,Vegesack,2016-8
2016-08-01,11,2016,8,2,19,2,5,3,1,1,0,0,0,0,0,0,8.867286943,53.06990895,Hemelingen,Hastedt,2016-8
2016-08-01,11,2016,8,6,11,3,1,5,1,0,0,0,0,1,0,0,8.830887201,53.076970691,Östliche Vorstadt,Fesenfeld,2016-8
2016-08-01,11,2016,8,6,15,3,4,2,1,1,0,0,0,0,0,1,8.784098571,53.075618285,Woltmershausen,Woltmershausen,2016-8
2016-07-01,12,2016,7,2,20,3,7,6,1,0,0,0,0,0,0,0,8.580430606,53.557209943,Lehe (BHV),Goethestrasse,2016-7
2016-08-01,11,2016,8,7,12,3,5,2,1,1,0,0,0,0,0,0,8.853544711,53.064832079,Hemelingen,Hastedt,2016-8
2016-07-01,11,2016,7,2,17,3,5,2,1,1,0,0,0,0,0,0,8.876597124,53.081389183,Vahr,Neue Vahr Südwest,2016-7
2016-08-01,11,2016,8,4,6,3,0,7,1,0,0,0,0,1,0,0,8.661476751,53.161662004,Burglesum,St.Magnus,2016-8
2016-08-01,11,2016,8,1,15,3,6,3,1,0,1,0,0,0,0,0,8.790066029,53.094617757,Walle,Westend,2016-8
2016-08-01,11,2016,8,2,15,3,0,1,1,0,0,0,0,0,0,1,8.853149551,53.1042719,Horn-Lehe,Lehe,2016-8
2016-08-01,11,2016,8,5,7,3,4,3,1,0,0,0,0,0,0,0,8.863046102,53.071430211,Hemelingen,Hastedt,2016-8
2016-08-01,11,2016,8,5,7,2,0,7,1,0,0,0,0,0,0,0,8.780955559,53.112683583,Walle,Walle,2016-8
2016-08-01,11,2016,8,3,13,3,5,3,1,1,0,0,0,0,0,1,8.957982762,53.048842848,Osterholz,Osterholz,2016-8
2016-07-01,11,2016,7,1,23,3,6,4,1,0,1,0,0,0,2,0,8.894631362,53.08042675,Vahr,Neue Vahr Südost,2016-7
2016-08-01,11,2016,8,5,17,3,0,3,1,0,1,0,0,0,0,0,8.805980599,53.073344638,Mitte,Altstadt,2016-8
2016-08-01,11,2016,8,4,16,3,3,6,1,1,0,0,0,1,0,0,8.833199893,53.078713219,Östliche Vorstadt,Fesenfeld,2016-8
2016-08-01,11,2016,8,2,9,3,5,3,1,1,0,0,0,0,0,0,8.875247304,53.101368637,Horn-Lehe,Lehe,2016-8
2016-07-01,11,2016,7,5,6,3,5,2,1,1,0,0,0,0,0,0,8.886391602,53.0346057,Hemelingen,Hemelingen,2016-7
2016-08-01,11,2016,8,7,13,3,0,3,1,1,0,0,0,0,0,0,8.757915405,53.058070093,Huchting,Grolland,2016-8
2016-07-01,11,2016,7,4,8,3,5,2,1,1,0,0,0,0,0,0,8.825253991,53.07900556,Mitte,Ostertor,2016-7
2016-07-01,11,2016,7,4,15,3,5,3,1,1,0,0,0,0,0,0,8.770724305,53.078508261,Woltmershausen,Woltmershausen,2016-7
2016-07-01,11,2016,7,7,12,3,0,7,1,0,0,0,0,0,0,0,8.822994996,53.07294195,Mitte,Ostertor,2016-7
2016-09-01,11,2016,9,3,8,3,5,2,1,1,0,0,0,0,0,0,8.824454486,53.084524886,Schwachhausen,Bürgerpark,2016-9
2016-09-01,11,2016,9,6,12,3,5,2,1,1,0,0,0,0,0,0,8.584576456,53.181445939,Blumenthal,Blumenthal,2016-9
2016-09-01,11,2016,9,4,19,3,5,3,1,1,0,0,0,0,0,0,8.789252702,53.090129561,Walle,Utbremen,2016-9
2016-09-01,11,2016,9,4,21,2,0,1,1,0,0,0,0,0,2,0,8.887138416,53.058586714,Hemelingen,Hemelingen,2016-9
2016-09-01,11,2016,9,7,19,3,0,1,1,0,0,0,0,0,1,0,8.8004552,53.078790885,Mitte,Altstadt,2016-9
2016-08-01,11,2016,8,5,16,3,4,2,1,1,0,0,0,0,0,0,8.820285182,53.086470662,Schwachhausen,Barkhof,2016-8
2016-09-01,11,2016,9,1,16,2,6,4,1,0,1,0,0,0,0,0,8.83866205,53.154661821,Unbekannt,Blockland,2016-9
2016-09-01,11,2016,9,6,14,2,5,2,1,0,0,0,1,0,0,0,8.783842248,53.087683398,Walle,Überseestadt,2016-9
2016-09-01,11,2016,9,3,20,3,1,7,1,0,1,0,0,0,2,0,8.773990138,53.077806914,Woltmershausen,Woltmershausen,2016-9
2016-09-01,11,2016,9,3,17,3,5,3,1,1,0,0,0,0,0,0,8.769162034,53.082699114,Woltmershausen,Woltmershausen,2016-9
2016-09-01,12,2016,9,2,18,1,5,3,1,1,0,1,0,0,0,0,8.594982437,53.572101206,Lehe (BHV),Eckernfeld,2016-9
2016-09-01,12,2016,9,6,17,3,5,3,1,1,0,0,0,0,0,0,8.592888385,53.587077615,Lehe (BHV),Speckenbüttel,2016-9
2016-08-01,11,2016,8,5,5,3,0,1,1,0,0,0,0,0,1,0,8.9034522,53.059549586,Hemelingen,Sebaldsbrück,2016-8
2016-09-01,11,2016,9,7,15,2,6,4,1,0,1,0,0,0,0,0,8.783585311,53.149971367,Unbekannt,Blockland,2016-9
2016-08-01,11,2016,8,3,19,3,0,3,1,1,0,0,0,0,0,0,8.716248585,53.144001326,Burglesum,Burg-Grambke,2016-8
2016-09-01,11,2016,9,5,15,3,5,3,1,1,0,0,0,0,0,0,8.815087083,53.077144174,Mitte,Ostertor,2016-9
2016-09-01,11,2016,9,5,10,2,5,2,1,0,0,0,1,0,0,0,8.785029416,53.088672332,Walle,Überseestadt,2016-9
2016-09-01,11,2016,9,4,7,3,3,2,1,0,0,0,1,0,0,0,8.784051937,53.075570081,Woltmershausen,Woltmershausen,2016-9
2016-09-01,11,2016,9,3,12,3,5,3,1,1,0,0,0,0,0,0,8.962455609,53.133095756,Unbekannt,Borgfeld,2016-9
2016-09-01,11,2016,9,6,11,3,5,3,1,0,0,1,0,0,0,0,8.788609366,53.10338967,Walle,Osterfeuerberg,2016-9
2016-09-01,11,2016,9,1,16,3,0,1,1,0,0,0,0,0,0,0,8.823566931,53.076848775,Mitte,Ostertor,2016-9
2016-09-01,11,2016,9,6,6,2,5,3,1,0,0,0,0,0,1,0,8.642388278,53.163114496,Vegesack,Grohn,2016-9
2016-09-01,11,2016,9,4,7,3,5,3,1,1,0,0,0,0,0,0,8.796303863,53.090580383,Walle,Utbremen,2016-9
2016-08-01,11,2016,8,6,16,3,3,6,1,0,0,0,0,0,0,0,8.853551223,53.064846837,Hemelingen,Hastedt,2016-8
2016-09-01,11,2016,9,3,18,3,3,6,1,1,0,0,0,0,0,0,8.85156513,53.083823059,Schwachhausen,Gete,2016-9
2016-09-01,11,2016,9,3,0,3,5,3,1,1,0,0,0,0,2,0,8.816027598,53.081075804,Mitte,Bahnhofsvorstadt,2016-9
2016-09-01,11,2016,9,5,17,3,5,3,1,0,0,0,0,0,0,0,8.825130211,53.084265885,Schwachhausen,Bürgerpark,2016-9
2016-09-01,11,2016,9,3,8,2,5,3,1,0,0,0,0,0,0,0,8.82916382,53.080279878,Schwachhausen,Gete,2016-9
2016-09-01,11,2016,9,2,19,3,5,3,1,1,0,0,0,0,1,0,8.910371628,53.071235291,Hemelingen,Sebaldsbrück,2016-9
2016-09-01,11,2016,9,6,11,3,1,7,1,1,0,0,0,0,0,0,8.795425968,53.065412251,Neustadt,Südervorstadt,2016-9
2016-09-01,11,2016,9,5,18,3,1,5,1,1,0,0,0,0,0,0,8.828152079,53.083113067,Schwachhausen,Schwachhausen,2016-9
2016-09-01,11,2016,9,4,15,3,5,3,1,1,0,0,0,0,0,0,8.769643065,53.110399335,Gröpelingen,Lindenhof,2016-9
2016-09-01,11,2016,9,5,12,3,5,3,1,1,0,0,0,0,0,0,8.632551119,53.181297925,Vegesack,Schönebeck,2016-9
2016-09-01,11,2016,9,3,9,3,5,3,1,1,0,0,0,0,0,0,8.880656817,53.07056225,Vahr,Gartenstadt Vahr,2016-9
2016-09-01,11,2016,9,6,7,3,5,2,1,1,0,0,0,0,0,0,8.846293129,53.047508966,Obervieland,Habenhausen,2016-9
2016-08-01,11,2016,8,4,13,3,0,7,1,0,1,0,0,0,0,0,8.797825761,53.076811825,Neustadt,Alte Neustadt,2016-8
2016-09-01,11,2016,9,1,18,3,6,4,1,0,1,0,0,0,0,0,8.787582429,53.069836705,Neustadt,Neustadt,2016-9
2016-09-01,11,2016,9,4,7,3,5,3,1,0,0,1,0,0,0,0,8.814628016,53.084994964,Findorff,Findorff-Bürgerweide,2016-9
2016-09-01,12,2016,9,3,15,2,0,1,1,0,0,0,0,0,0,0,8.603482647,53.523462945,Geestemünde,Grünhöfe,2016-9
2016-09-01,11,2016,9,2,13,2,8,1,1,0,0,0,0,0,0,0,8.690824426,53.168844146,Burglesum,Lesum,2016-9
2016-09-01,11,2016,9,3,18,3,5,3,1,1,0,0,0,0,0,0,8.573282016,53.198987303,Blumenthal,Lüssum-Bockhorn,2016-9
2016-08-01,11,2016,8,5,14,3,5,2,1,1,0,0,0,0,0,0,8.902085133,53.071462923,Hemelingen,Sebaldsbrück,2016-8
2016-08-01,11,2016,8,5,7,3,5,3,1,1,0,0,0,0,0,0,8.738433115,53.047248202,Huchting,Kirchhuchting,2016-8
2016-09-01,11,2016,9,1,2,3,5,3,1,1,0,0,0,0,2,0,8.812048699,53.097576098,Findorff,Weidedamm,2016-9
2016-09-01,11,2016,9,5,13,3,5,3,1,0,0,1,0,0,0,0,8.872446106,53.063127631,Hemelingen,Hastedt,2016-9
2016-08-01,11,2016,8,4,9,3,6,7,1,0,1,0,0,0,0,0,8.808487091,53.082882903,Mitte,Bahnhofsvorstadt,2016-8
2016-09-01,11,2016,9,6,20,3,5,3,1,1,0,0,0,0,1,0,8.813882937,53.080179071,Mitte,Bahnhofsvorstadt,2016-9
2016-09-01,11,2016,9,3,22,3,5,2,1,1,0,0,0,0,2,0,8.923355553,53.059411907,Osterholz,Osterholz,2016-9
2016-09-01,11,2016,9,2,7,3,5,2,1,1,0,0,0,0,0,0,8.818904678,53.036490673,Obervieland,Kattenturm,2016-9
2016-09-01,11,2016,9,6,17,3,5,3,1,1,0,0,0,0,0,0,8.883394173,53.100539235,Horn-Lehe,Lehe,2016-9
2016-09-01,12,2016,9,6,11,3,5,3,1,1,0,0,0,0,0,0,8.590937878,53.541100061,Geestemünde,Geestemünde-Nord,2016-9
2016-09-01,11,2016,9,4,10,3,5,3,1,1,0,0,0,0,0,0,8.818364654,53.077444256,Mitte,Ostertor,2016-9
2016-09-01,11,2016,9,3,15,3,0,7,1,0,0,0,0,0,0,0,8.759523606,53.113636427,Gröpelingen,Lindenhof,2016-9
2016-09-01,11,2016,9,3,7,3,5,2,1,1,0,0,0,0,0,0,8.780233397,53.105587243,Walle,Walle,2016-9
2016-09-01,11,2016,9,6,20,3,6,4,1,0,1,0,0,0,2,0,8.788935463,53.070868307,Neustadt,Hohentor,2016-9
2016-09-01,11,2016,9,5,15,3,5,3,1,1,0,0,0,0,0,0,8.838337218,53.081398897,Schwachhausen,Gete,2016-9
2016-09-01,11,2016,9,4,7,3,5,7,1,0,0,0,0,1,0,0,8.69569807,53.168705866,Burglesum,Lesum,2016-9
2016-09-01,11,2016,9,6,11,3,1,1,1,0,0,0,0,1,0,0,8.872205784,53.064131244,Hemelingen,Hastedt,2016-9
2016-09-01,12,2016,9,3,8,3,3,2,1,1,0,0,0,0,0,0,8.591571473,53.532219658,Geestemünde,Geestendorf,2016-9
2016-09-01,11,2016,9,7,10,3,5,3,1,1,0,0,0,0,0,0,8.892679595,53.129241236,Unbekannt,Borgfeld,2016-9
2016-09-01,12,2016,9,4,17,3,5,3,1,0,0,0,0,0,0,0,8.596428482,53.535885925,Geestemünde,Geestendorf,2016-9
2016-09-01,12,2016,9,5,11,3,1,5,1,1,0,0,0,0,0,0,8.593671606,53.563508492,Lehe (BHV),Klushof,2016-9
2016-09-01,11,2016,9,2,16,2,1,5,1,1,0,0,0,0,0,0,8.899246936,53.134485013,Unbekannt,Borgfeld,2016-9
2016-09-01,11,2016,9,3,15,3,5,3,1,1,0,0,0,0,0,0,8.736640535,53.045318652,Huchting,Kirchhuchting,2016-9
2016-09-01,11,2016,9,6,16,3,5,3,1,1,0,0,0,0,0,0,8.754795907,53.119762067,Gröpelingen,Ohlenhof,2016-9
2016-09-01,11,2016,9,1,17,3,0,1,1,0,0,0,0,0,0,0,8.804397235,53.072617345,Mitte,Altstadt,2016-9
2016-08-01,11,2016,8,2,8,3,0,7,1,1,0,0,0,0,0,1,8.733601224,53.165501779,Unbekannt,Blockland,2016-8
2016-09-01,11,2016,9,3,7,3,5,3,1,1,0,0,0,0,0,0,8.844339739,53.083995128,Schwachhausen,Schwachhausen,2016-9
2016-09-01,11,2016,9,6,10,3,3,6,1,0,0,1,0,0,0,0,8.794972547,53.067222886,Neustadt,Südervorstadt,2016-9
2016-09-01,11,2016,9,5,7,3,5,2,1,1,0,0,0,0,0,0,8.834910653,53.082073241,Schwachhausen,Schwachhausen,2016-9
2016-09-01,11,2016,9,4,16,3,5,3,1,1,0,0,0,0,0,0,8.901473401,53.059425667,Hemelingen,Sebaldsbrück,2016-9
2016-08-01,12,2016,8,4,7,3,5,3,1,1,0,0,0,0,0,0,8.613474838,53.529284557,Geestemünde,Bürgerpark (BHV),2016-8
2016-09-01,11,2016,9,2,12,3,7,7,1,0,0,0,0,0,0,0,8.528682531,53.19390816,Blumenthal,Farge,2016-9
2016-08-01,11,2016,8,5,23,3,0,1,1,0,0,0,0,0,2,0,8.827093866,53.086337012,Schwachhausen,Bürgerpark,2016-8
2016-09-01,11,2016,9,6,14,3,6,4,1,1,1,0,0,0,0,0,8.943732262,53.037997317,Hemelingen,Mahndorf,2016-9
2016-09-01,11,2016,9,4,12,2,5,3,1,1,0,0,0,0,0,0,8.832109977,53.068643296,Östliche Vorstadt,Peterswerder,2016-9
2016-09-01,12,2016,9,2,9,2,5,3,1,1,0,0,0,0,0,1,8.596488745,53.567606106,Lehe (BHV),Klushof,2016-9
2016-08-01,11,2016,8,4,9,3,5,3,1,1,0,0,0,0,0,0,8.873966216,53.101336209,Horn-Lehe,Lehe,2016-8
2016-08-01,11,2016,8,7,9,2,8,7,1,0,0,0,0,0,0,0,8.829774269,53.07182141,Östliche Vorstadt,Steintor,2016-8
2016-09-01,11,2016,9,6,10,3,0,7,1,0,0,0,0,1,0,0,8.827792837,53.048716711,Obervieland,Kattenturm,2016-9
2016-09-01,11,2016,9,4,8,3,5,3,1,0,0,0,0,1,0,0,8.761857506,53.115408935,Gröpelingen,Gröpelingen,2016-9
2016-09-01,11,2016,9,3,9,3,3,6,1,1,0,0,0,0,0,0,8.859622973,53.102814678,Horn-Lehe,Lehe,2016-9
2016-09-01,12,2016,9,6,17,3,5,3,1,1,0,0,0,0,0,0,8.592883073,53.587083025,Lehe (BHV),Speckenbüttel,2016-9
2016-08-01,11,2016,8,4,9,3,5,3,1,1,0,0,0,0,0,0,8.945673119,53.058132992,Osterholz,Osterholz,2016-8
2016-09-01,11,2016,9,7,20,3,1,5,1,1,0,0,0,0,2,0,8.791481294,53.06819549,Neustadt,Neustadt,2016-9
2016-08-01,11,2016,8,3,17,3,3,6,1,1,0,0,0,0,0,0,8.61337253,53.174638224,Vegesack,Vegesack,2016-8
2016-08-01,11,2016,8,6,9,3,5,3,1,1,0,0,0,0,0,0,8.838002695,53.067873543,Östliche Vorstadt,Peterswerder,2016-8
2016-09-01,11,2016,9,5,16,3,5,7,1,1,0,1,0,0,0,0,8.794148793,53.089119466,Walle,Utbremen,2016-9
2016-09-01,11,2016,9,4,17,3,5,3,1,1,0,0,0,0,0,0,8.964611784,53.057582094,Osterholz,Tenever,2016-9
2016-09-01,11,2016,9,6,13,3,5,3,1,1,0,0,0,0,0,0,8.808024515,53.082607284,Mitte,Bahnhofsvorstadt,2016-9
2016-09-01,11,2016,9,1,13,1,6,7,1,0,1,0,0,0,0,0,8.80898995,53.076416664,Mitte,Altstadt,2016-9
2016-09-01,11,2016,9,4,10,3,6,7,1,0,0,0,0,1,0,0,8.819236932,53.083896749,Schwachhausen,Barkhof,2016-9
2016-08-01,11,2016,8,6,9,3,3,2,1,1,0,0,0,0,0,0,8.962343656,53.057404929,Osterholz,Tenever,2016-8
2016-09-01,11,2016,9,5,13,3,5,3,1,1,0,0,0,0,0,0,8.625547043,53.181244089,Vegesack,Unbekannt,2016-9
2016-09-01,11,2016,9,6,16,3,5,2,1,1,0,0,0,0,0,0,8.878094108,53.082300661,Vahr,Neue Vahr Südwest,2016-9
2016-09-01,11,2016,9,3,18,3,3,6,1,0,1,0,0,0,0,0,8.810982424,53.061879158,Neustadt,Huckelriede,2016-9
2016-09-01,11,2016,9,5,0,3,9,7,1,0,0,0,0,0,2,0,8.709033147,53.053308884,Huchting,Mittelshuchting,2016-9
2016-10-01,12,2016,10,1,17,3,5,2,1,1,0,0,0,0,0,0,8.598198768,53.585172439,Lehe (BHV),Schierholz,2016-10
2016-09-01,11,2016,9,3,12,3,5,3,1,1,0,0,0,0,0,0,8.871266605,53.077386362,Vahr,Gartenstadt Vahr,2016-9
2016-09-01,11,2016,9,2,18,3,0,7,1,0,0,0,0,0,0,0,8.820020758,53.030358667,Obervieland,Kattenesch,2016-9
2016-09-01,11,2016,9,5,15,2,6,4,1,0,1,0,0,1,0,0,8.80705847,53.082128254,Mitte,Bahnhofsvorstadt,2016-9