Datetime,UKREIS,UJAHR,UMONAT,UWOCHENTAG,USTUNDE,UKATEGORIE,UART,UTYP1,IstRad,IstPKW,IstFuss,IstKrad,IstGkfz,IstSonstig,ULICHTVERH,STRZUSTAND,longitude,latitude,Stadtteil,Ortsteil,Datetime
2016-09-01,11,2016,9,4,8,3,1,7,1,1,0,0,0,0,0,0,8.918068034,53.073815572,Osterholz,Blockdiek,2016-9
2016-08-01,11,2016,8,4,15,3,5,7,1,1,0,0,0,0,0,0,8.837003441,53.075367044,Östliche Vorstadt,Hulsberg,2016-8
2016-08-01,11,2016,8,4,19,3,5,3,1,1,0,0,0,0,0,0,8.807119306,53.08201646,Mitte,Bahnhofsvorstadt,2016-8
2016-08-01,11,2016,8,4,8,3,5,2,1,0,0,0,0,1,0,0,8.806884801,53.08198829,Mitte,Bahnhofsvorstadt,2016-8
2016-09-01,11,2016,9,3,10,3,5,3,1,1,0,0,0,0,0,0,8.844719792,53.076654921,Östliche Vorstadt,Hulsberg,2016-9
2016-08-01,11,2016,8,4,15,3,3,6,1,1,0,0,0,0,0,0,8.788127626,53.098850601,Walle,Westend,2016-8
2016-08-01,11,2016,8,2,7,3,5,2,1,1,0,0,0,0,0,0,8.788607215,53.103369889,Walle,Osterfeuerberg,2016-8
2016-09-01,12,2016,9,2,7,3,5,2,1,0,0,0,0,0,0,0,8.588173905,53.536002046,Geestemünde,Geestemünde-Nord,2016-9
2016-09-01,11,2016,9,4,14,3,5,2,1,1,0,0,0,0,0,0,8.800696443,53.07868761,Mitte,Altstadt,2016-9
2016-09-01,11,2016,9,2,18,3,0,1,1,0,0,0,0,0,0,0,8.830725203,53.071477853,Östliche Vorstadt,Steintor,2016-9
2016-09-01,11,2016,9,7,9,2,5,3,1,1,1,0,0,0,0,0,8.809050725,53.095048859,Findorff,Weidedamm,2016-9
2016-09-01,11,2016,9,1,19,3,1,5,1,1,0,0,0,0,0,0,8.761728177,53.114648032,Gröpelingen,Gröpelingen,2016-9
2016-08-01,11,2016,8,5,15,3,1,5,1,1,0,0,0,0,0,0,8.900443281,53.04101478,Hemelingen,Hemelingen,2016-8
2016-09-01,11,2016,9,4,1,2,0,7,1,0,0,0,0,0,2,0,8.852305615,53.057182363,Obervieland,Habenhausen,2016-9
2016-09-01,11,2016,9,3,12,3,5,3,1,1,0,0,0,0,0,0,8.808998165,53.095059499,Findorff,Weidedamm,2016-9
2016-09-01,11,2016,9,2,17,3,8,3,1,0,0,0,0,1,0,0,8.939106573,53.076445085,Oberneuland,Unbekannt,2016-9
2016-08-01,11,2016,8,4,12,3,6,6,1,0,1,0,0,0,0,0,8.823741035,53.07791143,Östliche Vorstadt,Fesenfeld,2016-8
2016-08-01,11,2016,8,3,8,3,5,3,1,1,0,0,0,0,0,0,8.791454036,53.090986087,Walle,Utbremen,2016-8
2016-08-01,11,2016,8,6,5,3,5,3,1,1,0,0,0,0,1,0,8.914310495,53.065156948,Hemelingen,Sebaldsbrück,2016-8
2016-09-01,11,2016,9,5,12,3,5,3,1,1,0,0,0,0,0,0,8.803220678,53.072218579,Neustadt,Alte Neustadt,2016-9
2016-09-01,11,2016,9,3,18,3,5,3,1,1,0,0,0,0,0,0,8.808515583,53.0592433,Neustadt,Huckelriede,2016-9
2016-09-01,11,2016,9,6,13,3,5,1,1,1,0,0,0,0,0,0,8.870949795,53.087521681,Schwachhausen,Radio Bremen,2016-9
2016-09-01,11,2016,9,1,17,3,5,2,1,1,0,0,0,0,0,0,8.808273929,53.094727076,Findorff,Weidedamm,2016-9
2016-08-01,11,2016,8,2,9,3,4,6,1,1,0,0,0,0,0,1,8.796653451,53.056766083,Neustadt,Neuenland,2016-8
2016-09-01,11,2016,9,4,8,3,5,2,1,1,0,0,0,0,0,0,8.867267059,53.091107195,Schwachhausen,Riensberg,2016-9
2016-09-01,11,2016,9,2,3,2,3,6,1,0,0,0,0,0,2,0,8.790203004,53.082852253,Walle,Überseestadt,2016-9
2016-08-01,11,2016,8,3,10,3,5,2,1,1,0,0,0,0,0,0,8.91627251,53.071139538,Hemelingen,Sebaldsbrück,2016-8
2016-09-01,11,2016,9,6,12,3,5,2,1,1,0,0,0,0,0,0,8.797760077,53.083440702,Mitte,Bahnhofsvorstadt,2016-9
2016-08-01,11,2016,8,4,17,3,5,3,1,1,0,0,0,0,0,0,8.776358668,53.092805998,Walle,Überseestadt,2016-8
2016-09-01,12,2016,9,4,11,3,5,3,1,1,0,0,0,0,0,0,8.594059274,53.547818259,Geestemünde,Geestemünde-Nord,2016-9
2016-09-01,11,2016,9,6,21,3,5,2,1,1,0,0,0,0,2,0,8.794289,53.074478513,Neustadt,Alte Neustadt,2016-9
2016-09-01,11,2016,9,5,10,3,5,3,1,1,0,0,0,0,0,0,8.93168979,53.062199157,Osterholz,Ellenerbrok-Schevemoor,2016-9
2016-09-01,11,2016,9,3,11,3,5,2,1,1,0,0,0,0,0,0,8.811217068,53.074914383,Mitte,Altstadt,2016-9
2016-09-01,12,2016,9,2,7,3,5,3,1,1,0,0,0,0,0,0,8.572755774,53.560456946,Lehe (BHV),Twischkamp,2016-9
2016-09-01,11,2016,9,3,5,3,5,2,1,1,0,0,0,0,2,0,8.901608654,53.059354294,Hemelingen,Sebaldsbrück,2016-9
2016-09-01,11,2016,9,4,12,3,6,4,1,0,1,0,0,0,0,0,8.803260445,53.069600718,Neustadt,Alte Neustadt,2016-9
2016-09-01,11,2016,9,3,19,3,6,4,1,0,1,0,0,0,1,0,8.801721169,53.079231781,Mitte,Altstadt,2016-9
2016-09-01,11,2016,9,2,14,2,5,3,1,1,0,0,0,0,0,0,8.78393542,53.075720163,Woltmershausen,Woltmershausen,2016-9
2016-08-01,11,2016,8,4,16,2,0,1,1,0,0,0,0,0,0,0,8.819741976,53.083986234,Schwachhausen,Barkhof,2016-8
2016-08-01,11,2016,8,1,1,3,0,1,1,0,0,0,0,0,2,0,8.661214442,53.176433038,Burglesum,St.Magnus,2016-8
2016-10-01,11,2016,10,7,18,3,0,7,1,0,0,0,0,0,0,0,8.846633418,53.071590984,Östliche Vorstadt,Hulsberg,2016-10
2016-09-01,11,2016,9,4,16,3,6,4,1,0,1,0,0,0,0,0,8.810990556,53.061256336,Neustadt,Huckelriede,2016-9
2016-09-01,11,2016,9,2,17,3,5,2,1,1,0,0,0,0,0,0,8.891743082,53.098485669,Horn-Lehe,Lehesterdeich,2016-9
2016-09-01,11,2016,9,5,16,3,5,2,1,0,0,0,0,1,0,0,8.896879958,53.059085246,Hemelingen,Sebaldsbrück,2016-9
2016-09-01,11,2016,9,4,22,3,5,3,1,1,0,0,0,0,2,0,8.914376284,53.059780033,Hemelingen,Sebaldsbrück,2016-9
2016-09-01,12,2016,9,7,20,3,5,3,1,1,0,0,0,0,1,0,8.599084972,53.5310695,Geestemünde,Geestendorf,2016-9
2016-08-01,11,2016,8,4,20,3,1,5,1,1,0,0,0,0,0,0,8.800898007,53.0657325,Neustadt,Buntentor,2016-8
2016-09-01,11,2016,9,1,17,3,5,3,1,1,0,0,0,0,0,0,8.782489192,53.094943039,Walle,Steffensweg,2016-9
2016-09-01,11,2016,9,5,13,3,4,6,1,1,0,0,0,0,0,0,8.763962179,53.113109031,Gröpelingen,Lindenhof,2016-9
2016-09-01,12,2016,9,6,22,3,3,5,1,1,0,0,0,0,2,0,8.573948459,53.54894061,Mitte (BHV),Mitte-Nord,2016-9
2016-09-01,11,2016,9,4,14,3,5,3,1,1,0,0,0,0,0,0,8.794912738,53.093951885,Walle,Utbremen,2016-9
2016-09-01,11,2016,9,3,16,3,5,2,1,1,0,0,0,0,0,0,8.805878757,53.073427938,Mitte,Altstadt,2016-9
2016-09-01,11,2016,9,2,18,3,5,2,1,1,0,0,0,0,1,0,8.756948953,53.11792513,Gröpelingen,Ohlenhof,2016-9
2016-09-01,11,2016,9,6,15,3,5,3,1,1,0,0,0,0,0,0,8.740888587,53.053064332,Huchting,Mittelshuchting,2016-9
2016-08-01,11,2016,8,4,13,3,3,2,1,1,0,0,0,0,0,0,8.81446197,53.101160792,Findorff,Weidedamm,2016-8
2016-09-01,12,2016,9,6,15,3,0,7,1,0,0,0,0,0,0,0,8.601024943,53.570231468,Lehe (BHV),Schierholz,2016-9
2016-09-01,11,2016,9,4,7,3,5,3,1,0,0,0,0,1,0,0,8.730022275,53.056017688,Huchting,Mittelshuchting,2016-9
2016-08-01,11,2016,8,3,15,2,4,6,1,0,0,0,0,1,0,0,8.782382003,53.153007448,Unbekannt,Blockland,2016-8
2016-08-01,11,2016,8,6,12,3,4,6,1,0,0,0,0,0,0,0,8.809955998,53.074341702,Mitte,Altstadt,2016-8
2016-09-01,11,2016,9,5,18,3,1,7,1,1,0,0,0,0,0,0,8.851726035,53.086496997,Schwachhausen,Riensberg,2016-9
2016-09-01,11,2016,9,5,20,3,5,3,1,1,0,0,0,0,2,0,8.828348676,53.078164325,Östliche Vorstadt,Fesenfeld,2016-9
2016-08-01,11,2016,8,3,15,3,5,3,1,0,0,0,0,0,0,0,8.842092401,53.08585487,Schwachhausen,Schwachhausen,2016-8
2016-08-01,11,2016,8,6,17,3,0,1,1,0,0,0,0,0,0,0,8.929197436,53.064295011,Osterholz,Ellener Feld,2016-8
2016-09-01,11,2016,9,5,20,2,5,3,1,1,0,0,0,0,2,1,8.814968874,53.079723545,Mitte,Bahnhofsvorstadt,2016-9
2016-09-01,11,2016,9,5,15,3,3,6,1,0,0,0,0,0,0,0,8.767226038,53.081003809,Woltmershausen,Woltmershausen,2016-9
2016-09-01,11,2016,9,4,7,3,5,3,1,1,0,0,0,0,0,0,8.938879147,53.081009978,Oberneuland,Unbekannt,2016-9
2016-09-01,11,2016,9,4,15,3,0,7,1,0,0,0,0,0,0,0,8.767430295,53.08081625,Woltmershausen,Woltmershausen,2016-9
2016-09-01,11,2016,9,6,9,3,5,3,1,1,0,0,0,0,0,0,8.796826087,53.05669392,Neustadt,Neuenland,2016-9
2016-08-01,11,2016,8,3,7,3,1,5,1,1,0,0,0,0,0,0,8.571935233,53.203262198,Blumenthal,Lüssum-Bockhorn,2016-8
2016-09-01,11,2016,9,6,5,2,1,5,1,1,0,0,0,0,2,0,8.789408991,53.090190688,Walle,Utbremen,2016-9
2016-09-01,12,2016,9,3,13,3,5,2,1,0,0,0,0,1,0,0,8.596665853,53.571766882,Lehe (BHV),Klushof,2016-9
2016-09-01,11,2016,9,7,18,2,5,2,1,1,0,0,0,0,0,0,8.810720789,53.071820013,Mitte,Altstadt,2016-9
2016-09-01,12,2016,9,4,15,3,5,3,1,1,0,0,0,0,0,0,8.59167744,53.5814751,Lehe (BHV),Eckernfeld,2016-9
2016-09-01,11,2016,9,3,8,3,5,3,1,0,0,0,0,1,0,0,8.81055406,53.074072587,Mitte,Altstadt,2016-9
2016-09-01,11,2016,9,3,14,3,5,2,1,0,0,0,1,0,0,0,8.788155806,53.076462274,Neustadt,Alte Neustadt,2016-9
2016-09-01,11,2016,9,2,12,3,5,3,1,1,0,0,0,0,0,0,8.877441137,53.080490671,Vahr,Neue Vahr Südwest,2016-9
2016-09-01,11,2016,9,3,10,3,0,7,1,0,0,0,0,1,0,0,8.714968387,53.162594739,Burglesum,Burg-Grambke,2016-9
2016-09-01,11,2016,9,1,17,3,5,3,1,1,0,0,0,0,0,0,8.755681807,53.118894814,Gröpelingen,Ohlenhof,2016-9
2016-10-01,11,2016,10,2,15,3,0,3,1,0,0,0,0,1,0,0,8.886263348,53.061065946,Hemelingen,Hemelingen,2016-10
2016-09-01,11,2016,9,5,16,3,1,7,1,0,0,0,1,0,0,0,8.730919098,53.040787454,Huchting,Kirchhuchting,2016-9
2016-09-01,11,2016,9,4,23,3,0,1,1,0,0,0,0,0,2,0,8.827859356,53.07250336,Östliche Vorstadt,Steintor,2016-9
2016-09-01,12,2016,9,2,13,3,5,2,1,1,0,0,0,0,0,1,8.592715225,53.535256315,Geestemünde,Geestendorf,2016-9
2016-09-01,11,2016,9,2,16,2,0,5,1,1,0,0,0,0,0,0,8.818254905,53.079919612,Mitte,Bahnhofsvorstadt,2016-9
2016-08-01,11,2016,8,4,17,3,5,2,1,1,0,0,0,0,0,0,8.762309534,53.087134721,Woltmershausen,Woltmershausen,2016-8
2016-08-01,12,2016,8,7,20,3,5,3,1,1,0,0,0,0,0,0,8.597481125,53.529510277,Geestemünde,Geestendorf,2016-8
2016-10-01,11,2016,10,7,9,3,5,2,1,1,0,0,0,0,0,0,8.893215187,53.111342445,Horn-Lehe,Lehesterdeich,2016-10
2016-10-01,11,2016,10,4,7,3,5,3,1,0,0,0,0,1,1,0,8.851267953,53.104811467,Horn-Lehe,Lehe,2016-10
2016-11-01,11,2016,11,4,12,3,5,2,1,0,0,0,0,1,0,1,8.777758814,53.09944966,Walle,Walle,2016-11
2016-11-01,11,2016,11,4,16,3,0,1,1,0,0,0,0,0,2,1,8.801406367,53.109231227,Walle,Hohweg,2016-11
2016-10-01,11,2016,10,1,14,3,0,7,1,0,0,0,0,0,0,1,8.804857544,53.065988234,Neustadt,Buntentor,2016-10
2016-10-01,12,2016,10,5,14,3,5,3,1,1,0,0,0,0,0,1,8.580051323,53.550060071,Lehe (BHV),Klushof,2016-10
2016-10-01,12,2016,10,3,7,3,7,1,1,0,0,0,0,0,0,0,8.587040671,53.536418145,Geestemünde,Geestemünde-Nord,2016-10
2016-10-01,11,2016,10,3,8,3,5,3,1,0,0,0,0,1,0,0,8.860678645,53.079172194,Schwachhausen,Gete,2016-10
2016-11-01,11,2016,11,5,15,3,5,3,1,1,0,0,0,0,0,1,8.784084799,53.089518171,Walle,Überseestadt,2016-11
2016-10-01,11,2016,10,3,22,3,3,7,1,0,0,0,0,0,2,0,8.864949693,53.095776604,Horn-Lehe,Horn,2016-10
2016-11-01,12,2016,11,3,12,2,3,2,1,1,0,0,0,0,0,1,8.5728158,53.560458585,Lehe (BHV),Twischkamp,2016-11
2016-10-01,11,2016,10,6,13,3,5,3,1,1,0,0,0,0,0,0,8.819504858,53.080538618,Mitte,Bahnhofsvorstadt,2016-10
2016-10-01,11,2016,10,1,4,3,0,1,1,0,0,0,0,0,2,1,8.649599253,53.176740395,Vegesack,Schönebeck,2016-10
2016-11-01,11,2016,11,2,7,3,0,7,1,0,0,0,0,0,0,1,8.797118318,53.07633128,Neustadt,Alte Neustadt,2016-11
2016-10-01,11,2016,10,7,17,2,3,6,1,0,0,0,0,1,0,0,8.800979867,53.068372621,Neustadt,Südervorstadt,2016-10
2016-10-01,11,2016,10,5,15,3,5,3,1,1,0,0,0,0,0,1,8.635998634,53.171277441,Vegesack,Grohn,2016-10
2016-10-01,11,2016,10,3,7,3,5,3,1,1,0,0,0,0,0,0,8.788625428,53.08813143,Walle,Utbremen,2016-10
2016-10-01,11,2016,10,3,21,3,3,6,1,1,0,0,0,0,2,1,8.717512287,53.06233457,Huchting,Mittelshuchting,2016-10
2016-11-01,12,2016,11,3,18,3,5,3,1,1,0,0,0,0,2,0,8.590942196,53.582058854,Lehe (BHV),Speckenbüttel,2016-11
2016-11-01,11,2016,11,6,10,3,4,6,1,0,0,0,0,0,0,1,8.799820376,53.072765362,Neustadt,Alte Neustadt,2016-11
2016-10-01,11,2016,10,6,8,2,0,4,1,0,0,0,0,1,0,0,8.875584679,53.080148809,Vahr,Gartenstadt Vahr,2016-10
2016-10-01,11,2016,10,2,14,3,5,2,1,1,0,0,0,0,0,1,8.884397938,53.072734947,Vahr,Gartenstadt Vahr,2016-10
2016-11-01,11,2016,11,5,17,3,6,4,1,0,1,0,0,0,2,1,8.818524521,53.08267001,Schwachhausen,Barkhof,2016-11
2016-10-01,12,2016,10,7,22,3,0,1,1,0,0,0,0,0,2,0,8.591194267,53.518287336,Wulsdorf,Dreibergen,2016-10
2016-11-01,11,2016,11,4,20,3,5,3,1,1,0,0,0,0,2,1,8.807251144,53.0822668,Mitte,Bahnhofsvorstadt,2016-11
2016-10-01,11,2016,10,1,14,2,6,4,1,0,1,0,0,0,0,0,8.787474197,53.103368977,Walle,Osterfeuerberg,2016-10
2016-10-01,11,2016,10,3,16,3,0,7,1,0,0,0,0,1,0,0,8.8171409,53.028660724,Obervieland,Kattenesch,2016-10
2016-11-01,11,2016,11,4,22,3,6,4,1,0,1,0,0,0,2,0,8.831295849,53.085878236,Schwachhausen,Bürgerpark,2016-11
2016-11-01,11,2016,11,5,12,3,5,2,1,1,0,0,0,0,0,1,8.870604297,53.090316272,Schwachhausen,Radio Bremen,2016-11
2016-10-01,12,2016,10,5,17,3,0,1,1,0,0,0,0,0,0,0,8.586404113,53.52743101,Geestemünde,Geestendorf,2016-10
2016-11-01,11,2016,11,4,11,2,0,1,1,0,0,0,0,0,0,1,8.831076427,53.085828506,Schwachhausen,Bürgerpark,2016-11
2016-10-01,11,2016,10,3,18,3,5,2,1,1,0,0,0,0,0,0,8.78914619,53.073122578,Neustadt,Alte Neustadt,2016-10
2016-11-01,11,2016,11,4,8,3,5,3,1,0,1,0,0,0,0,1,8.817390272,53.08350304,Schwachhausen,Barkhof,2016-11
2016-10-01,11,2016,10,6,20,3,4,2,1,1,0,0,0,0,2,0,8.568824771,53.18133162,Blumenthal,Blumenthal,2016-10
2016-10-01,11,2016,10,5,18,2,0,1,1,0,0,0,0,0,1,1,8.863794017,53.064898962,Hemelingen,Hastedt,2016-10
2016-11-01,11,2016,11,3,6,3,5,3,1,1,0,0,0,0,1,1,8.60551021,53.17507493,Vegesack,Fähr-Lobbendorf,2016-11
2016-11-01,11,2016,11,3,10,3,5,3,1,1,0,0,0,0,0,0,8.834374717,53.081934696,Schwachhausen,Gete,2016-11
2016-11-01,11,2016,11,7,12,3,5,2,1,1,0,0,0,0,0,1,8.837385048,53.037846589,Obervieland,Arsten,2016-11
2016-10-01,11,2016,10,6,16,3,0,7,1,1,0,0,0,0,0,0,8.893067377,53.082222825,Vahr,Neue Vahr Südost,2016-10
2016-11-01,11,2016,11,3,17,3,5,3,1,1,0,0,0,0,1,1,8.878505499,53.101393278,Horn-Lehe,Lehe,2016-11
2016-10-01,11,2016,10,2,17,3,5,3,1,1,0,0,0,0,2,1,8.785501701,53.096731001,Walle,Westend,2016-10
2016-10-01,11,2016,10,7,19,2,7,7,1,0,0,0,0,0,2,0,8.838031836,53.067851645,Östliche Vorstadt,Peterswerder,2016-10
2016-10-01,11,2016,10,3,9,3,1,5,1,1,0,0,0,0,0,0,8.865859849,53.09749196,Horn-Lehe,Horn,2016-10
2016-11-01,12,2016,11,6,9,3,0,7,1,1,0,0,0,0,0,1,8.588620385,53.577869677,Lehe (BHV),Eckernfeld,2016-11
2016-11-01,11,2016,11,5,7,3,3,6,1,0,0,0,1,0,0,0,8.805609107,53.065541904,Neustadt,Buntentor,2016-11
2016-10-01,12,2016,10,4,10,3,0,7,1,1,0,0,0,0,0,0,8.594270376,53.561541654,Lehe (BHV),Klushof,2016-10
2016-10-01,11,2016,10,3,20,3,5,3,1,1,0,0,0,0,2,0,8.87518152,53.082430093,Schwachhausen,Radio Bremen,2016-10
2016-10-01,11,2016,10,2,6,2,5,3,1,1,0,0,0,0,2,1,8.625262433,53.180283454,Vegesack,Unbekannt,2016-10
2016-10-01,11,2016,10,6,14,3,0,1,1,0,0,0,0,0,0,1,8.878388974,53.079063537,Vahr,Gartenstadt Vahr,2016-10
2016-10-01,11,2016,10,2,6,3,4,2,1,0,0,0,0,0,2,0,8.903496286,53.047822467,Hemelingen,Hemelingen,2016-10
2016-11-01,11,2016,11,6,7,3,5,3,1,0,0,0,0,1,0,1,8.835625733,53.073780148,Östliche Vorstadt,Hulsberg,2016-11
2016-10-01,11,2016,10,2,14,3,5,3,1,0,0,0,0,1,0,0,8.802157885,53.063803023,Neustadt,Buntentor,2016-10
2016-10-01,11,2016,10,5,16,3,0,5,1,0,0,0,0,1,0,0,8.80369947,53.101702804,Findorff,Weidedamm,2016-10
2016-10-01,11,2016,10,4,20,3,0,1,1,0,0,0,0,0,2,0,8.806307456,53.084131297,Mitte,Bahnhofsvorstadt,2016-10
2016-10-01,11,2016,10,6,13,3,5,3,1,1,0,0,0,0,0,1,8.804912463,53.088549123,Findorff,Findorff-Bürgerweide,2016-10
2016-10-01,11,2016,10,3,13,3,5,3,1,1,0,0,0,0,0,0,8.824969723,53.084567362,Schwachhausen,Bürgerpark,2016-10
2016-11-01,11,2016,11,2,19,2,5,3,1,0,0,0,0,0,2,0,8.800612371,53.094594469,Findorff,Regensburger Str.,2016-11
2016-11-01,11,2016,11,6,20,3,5,3,1,1,0,0,0,0,2,1,8.824750675,53.084162597,Schwachhausen,Barkhof,2016-11
2016-10-01,11,2016,10,4,15,2,5,3,1,1,0,0,0,0,0,0,8.686084571,53.173313335,Burglesum,Lesum,2016-10
2016-10-01,12,2016,10,3,17,3,5,3,1,1,0,0,0,0,0,1,8.596091266,53.533002797,Geestemünde,Geestendorf,2016-10
2016-11-01,11,2016,11,4,10,3,4,2,1,1,0,0,0,0,0,1,8.799303541,53.083891055,Mitte,Bahnhofsvorstadt,2016-11
2016-10-01,11,2016,10,5,14,3,5,3,1,1,0,0,0,0,0,1,8.837144696,53.082586161,Schwachhausen,Schwachhausen,2016-10
2016-10-01,11,2016,10,2,15,3,5,2,1,1,0,0,0,0,0,0,8.835455275,53.097159714,Schwachhausen,Neu-Schwachhausen,2016-10
2016-11-01,11,2016,11,5,10,3,0,1,1,0,0,0,0,0,0,1,8.630235587,53.167078348,Vegesack,Grohn,2016-11
2016-11-01,11,2016,11,1,21,3,5,3,1,1,0,0,0,0,2,1,8.796404156,53.06897503,Neustadt,Neustadt,2016-11
2016-10-01,11,2016,10,7,16,3,0,7,1,0,0,0,0,0,0,1,8.926232695,53.097604788,Oberneuland,Unbekannt,2016-10
2016-11-01,12,2016,11,3,7,3,0,7,1,0,0,0,0,0,0,1,8.590542774,53.539808206,Geestemünde,Geestemünde-Nord,2016-11
2016-10-01,12,2016,10,4,20,2,0,7,1,1,0,0,0,0,2,0,8.612636767,53.52943394,Geestemünde,Bürgerpark (BHV),2016-10
2016-10-01,11,2016,10,1,17,3,5,2,1,1,0,0,0,0,2,1,8.820246287,53.084041434,Schwachhausen,Barkhof,2016-10
2016-10-01,11,2016,10,6,15,3,0,1,1,0,0,0,0,0,0,1,8.810615651,53.081874609,Mitte,Bahnhofsvorstadt,2016-10
2016-10-01,11,2016,10,3,9,3,5,3,1,1,0,0,0,0,0,0,8.800978681,53.081030574,Mitte,Altstadt,2016-10
2016-11-01,11,2016,11,3,8,3,5,3,1,0,0,0,0,1,0,1,8.964033675,53.061793587,Osterholz,Tenever,2016-11
2016-11-01,11,2016,11,7,13,3,1,5,1,1,0,0,0,0,0,1,8.755089602,53.088499616,Woltmershausen,Rablinghausen,2016-11
2016-10-01,11,2016,10,6,18,3,5,3,1,1,0,0,0,0,2,1,8.821691213,53.082188404,Schwachhausen,Barkhof,2016-10
2016-10-01,11,2016,10,3,5,3,5,2,1,1,0,0,0,0,2,1,8.80484184,53.080964552,Mitte,Bahnhofsvorstadt,2016-10
2016-10-01,11,2016,10,3,13,3,1,7,1,1,0,0,0,0,0,0,8.772008935,53.071641519,Woltmershausen,Woltmershausen,2016-10
2016-11-01,11,2016,11,4,16,3,5,3,1,1,0,0,0,0,2,1,8.897650483,53.058945762,Hemelingen,Sebaldsbrück,2016-11
2016-11-01,11,2016,11,3,10,2,5,2,1,0,0,0,0,1,0,1,8.852612274,53.10444922,Horn-Lehe,Lehe,2016-11
2016-11-01,11,2016,11,2,17,3,5,3,1,1,0,0,0,0,2,0,8.796972398,53.068586684,Neustadt,Neustadt,2016-11
2016-11-01,11,2016,11,2,17,3,0,3,1,1,0,0,0,0,2,0,8.949730143,53.064211567,Osterholz,Ellenerbrok-Schevemoor,2016-11
2016-10-01,11,2016,10,6,10,3,0,7,1,0,0,0,0,0,0,0,8.828546616,53.085202368,Schwachhausen,Bürgerpark,2016-10
2016-11-01,11,2016,11,5,9,3,5,3,1,0,0,0,0,1,0,1,8.739480892,53.048794049,Huchting,Kirchhuchting,2016-11
2016-10-01,11,2016,10,3,6,3,5,3,1,1,0,0,0,0,2,1,8.819770863,53.049489827,Neustadt,Huckelriede,2016-10
2016-10-01,11,2016,10,2,7,3,5,2,1,1,0,0,0,0,1,1,8.851000054,53.045321735,Obervieland,Habenhausen,2016-10
2016-10-01,11,2016,10,5,15,3,0,7,1,0,0,0,0,0,0,1,8.822239131,53.034105512,Obervieland,Kattenturm,2016-10
2016-11-01,11,2016,11,3,5,2,0,7,1,0,0,0,0,0,2,1,8.902452891,53.049181607,Hemelingen,Hemelingen,2016-11
2016-10-01,12,2016,10,3,8,3,5,3,1,1,0,0,0,0,0,0,8.607747477,53.530273238,Geestemünde,Bürgerpark (BHV),2016-10
2016-10-01,11,2016,10,2,15,3,0,1,1,0,0,0,0,0,0,1,8.886893759,53.059709904,Hemelingen,Hemelingen,2016-10
2016-11-01,12,2016,11,7,9,3,5,3,1,1,0,0,0,0,0,0,8.604562552,53.577474197,Lehe (BHV),Schierholz,2016-11
2016-10-01,11,2016,10,5,15,3,5,3,1,1,0,0,0,0,0,0,8.873253809,53.067168044,Hemelingen,Hastedt,2016-10
2016-11-01,11,2016,11,4,13,3,0,1,1,0,0,0,0,0,0,1,8.805726731,53.081407153,Mitte,Bahnhofsvorstadt,2016-11
2016-10-01,11,2016,10,1,13,2,4,6,1,0,0,0,0,0,0,0,8.784086288,53.075625732,Woltmershausen,Woltmershausen,2016-10
2016-10-01,11,2016,10,4,18,3,5,3,1,1,0,0,0,0,2,0,8.838033734,53.067850219,Östliche Vorstadt,Peterswerder,2016-10
2016-11-01,11,2016,11,6,12,3,1,7,1,1,0,0,0,0,0,0,8.936280259,53.06685072,Osterholz,Ellenerbrok-Schevemoor,2016-11
2016-11-01,11,2016,11,6,7,3,5,3,1,1,0,0,0,0,0,0,8.783275997,53.069726152,Neustadt,Hohentor,2016-11
2016-11-01,11,2016,11,2,8,2,5,2,1,1,0,0,0,0,0,0,8.819093714,53.087046512,Schwachhausen,Barkhof,2016-11
2016-10-01,11,2016,10,1,14,3,2,6,1,0,0,0,0,0,0,0,8.777118403,53.106599244,Walle,Walle,2016-10
2016-11-01,11,2016,11,4,14,3,2,6,1,0,0,0,0,0,0,1,8.851856525,53.088671584,Schwachhausen,Riensberg,2016-11
2016-11-01,11,2016,11,5,17,3,5,3,1,1,0,0,0,0,2,1,8.792135972,53.075238037,Neustadt,Alte Neustadt,2016-11
2016-11-01,11,2016,11,4,17,3,3,2,1,1,0,0,0,0,2,1,8.809168264,53.078835362,Mitte,Altstadt,2016-11
2016-10-01,11,2016,10,2,6,3,5,3,1,1,0,0,0,0,2,1,8.58004043,53.180281013,Blumenthal,Blumenthal,2016-10
2016-10-01,12,2016,10,7,11,3,5,3,1,0,0,0,0,1,0,0,8.587391806,53.536457669,Geestemünde,Geestemünde-Nord,2016-10
2016-10-01,11,2016,10,5,22,3,5,2,1,1,0,0,0,0,2,0,8.891846581,53.048530874,Hemelingen,Hemelingen,2016-10
2016-10-01,11,2016,10,3,11,3,1,5,1,1,0,0,0,0,0,0,8.807838884,53.064219339,Neustadt,Buntentor,2016-10
2016-11-01,11,2016,11,5,12,3,5,3,1,0,0,0,0,0,0,0,8.819471619,53.075858586,Mitte,Ostertor,2016-11
2016-11-01,11,2016,11,6,13,3,5,3,1,1,0,0,0,0,0,0,8.824991634,53.081148636,Schwachhausen,Barkhof,2016-11
2016-10-01,11,2016,10,6,15,3,5,2,1,1,0,0,0,0,0,0,8.856903633,53.0726742,Hemelingen,Hastedt,2016-10
2016-11-01,11,2016,11,4,16,3,5,3,1,1,0,0,0,0,1,1,8.789158474,53.08291211,Walle,Überseestadt,2016-11
2016-10-01,11,2016,10,6,20,3,4,6,1,1,0,0,0,0,2,1,8.819116854,53.080277622,Mitte,Ostertor,2016-10
2016-10-01,11,2016,10,4,16,3,5,2,1,0,0,0,0,1,0,0,8.80361921,53.072225218,Neustadt,Alte Neustadt,2016-10
2016-11-01,11,2016,11,3,11,3,0,7,1,1,0,0,0,0,0,1,8.735091441,53.043963732,Huchting,Kirchhuchting,2016-11
2016-10-01,11,2016,10,5,13,3,0,2,1,0,0,0,0,1,0,1,8.86482143,53.07086104,Hemelingen,Hastedt,2016-10
2016-10-01,11,2016,10,3,19,3,0,1,1,0,0,0,0,0,2,1,8.825143856,53.08442857,Schwachhausen,Bürgerpark,2016-10
2016-10-01,11,2016,10,5,6,3,6,4,1,0,1,0,0,0,2,1,8.702511393,53.170102808,Burglesum,Burgdamm,2016-10