Datetime,UKREIS,UJAHR,UMONAT,UWOCHENTAG,USTUNDE,UKATEGORIE,UART,UTYP1,IstRad,IstPKW,IstFuss,IstKrad,IstGkfz,IstSonstig,ULICHTVERH,STRZUSTAND,longitude,latitude,Stadtteil,Ortsteil,Datetime
2016-10-01,11,2016,10,2,5,3,5,2,1,1,0,0,0,0,2,0,8.746867871,53.121831005,Häfen,Industriehäfen,2016-10
2016-11-01,11,2016,11,3,10,3,3,7,1,1,0,0,0,0,0,1,8.802228836,53.069846391,Neustadt,Alte Neustadt,2016-11
2016-10-01,11,2016,10,2,6,3,1,7,1,0,1,0,0,0,2,1,8.801159279,53.078305096,Mitte,Altstadt,2016-10
2016-11-01,11,2016,11,1,16,3,5,2,1,1,0,0,0,0,1,0,8.56483373,53.193259815,Blumenthal,Blumenthal,2016-11
2016-10-01,11,2016,10,2,19,3,2,7,1,1,0,0,0,0,1,0,8.835220427,53.084532617,Schwachhausen,Schwachhausen,2016-10
2016-10-01,11,2016,10,5,20,3,5,3,1,1,0,0,0,0,2,0,8.830918448,53.074384109,Östliche Vorstadt,Steintor,2016-10
2016-11-01,11,2016,11,2,8,3,5,3,1,1,0,0,0,0,0,0,8.897421758,53.058587462,Hemelingen,Sebaldsbrück,2016-11
2016-10-01,11,2016,10,3,13,3,0,1,1,0,0,0,0,0,0,0,8.769665398,53.082442326,Woltmershausen,Woltmershausen,2016-10
2016-10-01,12,2016,10,4,14,3,0,7,1,0,0,0,0,0,0,0,8.543578944,53.586541145,Häfen (BHV),Stadtbremisches Überseehafengebiet Bremerhaven,2016-10
2016-10-01,11,2016,10,2,11,2,6,4,1,0,1,0,0,0,0,0,8.624885523,53.173019775,Vegesack,Vegesack,2016-10
2016-10-01,11,2016,10,6,15,3,5,3,1,1,0,0,0,0,0,1,8.740126029,53.05141244,Huchting,Kirchhuchting,2016-10
2016-11-01,11,2016,11,6,14,3,1,5,1,1,0,0,0,0,0,0,8.788533366,53.070593297,Neustadt,Hohentor,2016-11
2016-10-01,11,2016,10,2,11,3,5,3,1,1,0,0,0,0,0,0,8.872321865,53.067339602,Hemelingen,Hastedt,2016-10
2016-11-01,11,2016,11,6,12,3,3,6,1,0,0,0,0,0,0,0,8.845521676,53.046614505,Obervieland,Habenhausen,2016-11
2016-11-01,11,2016,11,4,17,3,5,2,1,1,0,0,0,0,2,1,8.866764622,53.090946025,Schwachhausen,Radio Bremen,2016-11
2016-10-01,11,2016,10,4,14,3,5,2,1,1,1,0,0,0,0,0,8.735091441,53.043963732,Huchting,Kirchhuchting,2016-10
2016-11-01,11,2016,11,5,7,3,5,2,1,1,0,0,0,0,1,1,8.739195678,53.135399013,Gröpelingen,Oslebshausen,2016-11
2016-10-01,11,2016,10,4,7,3,0,7,1,0,0,0,0,0,2,1,8.721049363,53.048833406,Huchting,Sodenmatt,2016-10
2016-10-01,11,2016,10,2,7,3,5,3,1,1,0,0,0,0,1,1,8.874262121,53.078426847,Vahr,Gartenstadt Vahr,2016-10
2016-10-01,11,2016,10,6,14,3,5,3,1,0,0,0,0,0,0,1,8.949886323,53.035368989,Hemelingen,Mahndorf,2016-10
2016-10-01,11,2016,10,4,15,3,3,2,1,1,0,0,0,0,0,0,8.807286956,53.060097396,Neustadt,Huckelriede,2016-10
2016-11-01,11,2016,11,5,15,3,3,6,1,0,0,0,0,1,0,0,8.800813659,53.068469852,Neustadt,Alte Neustadt,2016-11
2016-11-01,11,2016,11,4,17,3,5,3,1,0,0,0,0,1,2,1,8.780250616,53.078267947,Woltmershausen,Woltmershausen,2016-11
2016-10-01,11,2016,10,2,11,3,5,3,1,0,0,0,0,1,0,0,8.940560527,53.077596202,Oberneuland,Unbekannt,2016-10
2016-10-01,12,2016,10,3,17,3,2,6,1,1,0,0,0,0,0,0,8.586291401,53.563601291,Lehe (BHV),Klushof,2016-10
2016-10-01,12,2016,10,2,15,3,0,1,1,0,0,0,0,0,0,1,8.589412627,53.563446102,Lehe (BHV),Klushof,2016-10
2016-10-01,11,2016,10,2,13,3,0,1,1,0,0,0,0,0,0,0,8.856377472,53.088814285,Schwachhausen,Radio Bremen,2016-10
2016-10-01,12,2016,10,5,17,3,5,3,1,1,0,0,0,0,0,1,8.590250542,53.559095532,Lehe (BHV),Klushof,2016-10
2016-10-01,11,2016,10,2,14,3,5,3,1,1,0,0,0,0,0,0,8.836550578,53.114971932,Horn-Lehe,Lehe,2016-10
2016-11-01,11,2016,11,3,6,3,5,2,1,1,0,0,0,0,1,1,8.900942566,53.05928981,Hemelingen,Sebaldsbrück,2016-11
2016-10-01,12,2016,10,6,14,3,5,3,1,1,0,0,0,0,0,1,8.601122883,53.497222475,Wulsdorf,Jedutenberg,2016-10
2016-10-01,11,2016,10,6,11,3,0,1,1,0,0,0,0,0,0,1,8.896328236,53.079425142,Vahr,Neue Vahr Südost,2016-10
2016-10-01,11,2016,10,3,8,3,1,5,1,1,0,0,0,0,1,1,8.842881437,53.095292698,Schwachhausen,Neu-Schwachhausen,2016-10
2016-11-01,11,2016,11,3,18,2,5,3,1,1,0,0,0,0,2,0,8.7735374,53.110751913,Gröpelingen,Gröpelingen,2016-11
2016-11-01,11,2016,11,6,19,3,4,6,1,1,0,0,0,0,2,1,8.831986411,53.077475117,Östliche Vorstadt,Fesenfeld,2016-11
2016-10-01,11,2016,10,5,6,3,5,3,1,1,0,0,0,0,2,1,8.734257141,53.039985975,Huchting,Kirchhuchting,2016-10
2016-10-01,11,2016,10,6,17,3,0,3,1,1,0,0,0,0,0,0,8.567041814,53.181911043,Blumenthal,Blumenthal,2016-10
2016-10-01,11,2016,10,1,12,3,5,2,1,1,0,0,0,0,0,1,8.825152692,53.084318416,Schwachhausen,Bürgerpark,2016-10
2016-11-01,11,2016,11,3,16,3,6,4,1,0,1,0,0,0,2,1,8.837050438,53.087290281,Schwachhausen,Bürgerpark,2016-11
2016-11-01,11,2016,11,6,13,3,3,6,1,1,0,0,0,0,0,0,8.893384367,53.097096112,Horn-Lehe,Lehesterdeich,2016-11
2016-10-01,11,2016,10,6,12,3,5,3,1,0,0,0,0,0,0,0,8.795298232,53.087495539,Walle,Utbremen,2016-10
2016-11-01,11,2016,11,2,8,3,5,3,1,1,0,0,0,0,0,1,8.82024211,53.084031234,Schwachhausen,Barkhof,2016-11
2016-11-01,11,2016,11,2,10,3,5,3,1,1,0,0,0,0,0,0,8.763299609,53.116509729,Gröpelingen,Gröpelingen,2016-11
2016-10-01,11,2016,10,3,14,3,5,2,1,1,0,0,0,0,0,0,8.713020255,53.15315128,Burglesum,Burg-Grambke,2016-10
2016-11-01,11,2016,11,2,18,3,5,2,1,1,0,0,0,0,2,0,8.82871286,53.072222088,Östliche Vorstadt,Steintor,2016-11
2016-11-01,11,2016,11,6,12,3,5,3,1,1,0,0,0,0,0,0,8.794459405,53.069706209,Neustadt,Neustadt,2016-11
2016-10-01,11,2016,10,3,16,3,5,2,1,1,0,0,0,0,0,0,8.916597929,53.044006422,Hemelingen,Arbergen,2016-10
2016-10-01,11,2016,10,6,6,3,5,3,1,1,0,0,0,0,2,1,8.892477077,53.049685589,Hemelingen,Hemelingen,2016-10
2016-10-01,11,2016,10,6,12,3,4,1,1,1,0,0,0,0,0,1,8.89979154,53.116457604,Horn-Lehe,Lehesterdeich,2016-10
2016-11-01,11,2016,11,6,15,3,0,1,1,0,0,0,0,0,0,0,8.850788534,53.105571369,Horn-Lehe,Lehe,2016-11
2016-10-01,11,2016,10,2,9,2,5,3,1,1,0,0,0,0,0,0,8.740888087,53.053073899,Huchting,Mittelshuchting,2016-10
2016-10-01,11,2016,10,5,11,3,5,2,1,1,0,0,0,0,0,0,8.814997118,53.093666866,Findorff,Weidedamm,2016-10
2016-11-01,11,2016,11,4,10,3,6,4,1,0,1,0,0,0,0,1,8.808823863,53.095783613,Findorff,Weidedamm,2016-11
2016-11-01,11,2016,11,6,8,3,5,3,1,1,0,0,0,0,0,0,8.754778603,53.119754091,Gröpelingen,Ohlenhof,2016-11
2016-10-01,11,2016,10,6,16,3,3,6,1,0,0,0,0,0,0,1,8.845809896,53.091295262,Schwachhausen,Riensberg,2016-10
2016-10-01,11,2016,10,4,8,3,5,3,1,1,0,0,0,0,1,1,8.797246393,53.086443001,Mitte,Bahnhofsvorstadt,2016-10
2016-11-01,11,2016,11,2,9,3,0,7,1,0,0,0,0,0,0,1,8.847202969,53.087048696,Schwachhausen,Riensberg,2016-11
2016-10-01,11,2016,10,7,19,3,0,6,1,0,0,0,0,0,2,0,8.809025447,53.088335031,Findorff,Findorff-Bürgerweide,2016-10
2016-12-01,11,2016,12,6,13,2,0,1,1,0,0,0,0,0,0,2,8.611115262,53.180480168,Vegesack,Fähr-Lobbendorf,2016-12
2016-12-01,11,2016,12,2,9,3,5,3,1,1,0,0,0,0,0,1,8.818455641,53.077265301,Mitte,Ostertor,2016-12
2016-12-01,12,2016,12,5,11,3,5,3,1,0,0,0,0,1,0,1,8.58863079,53.578163784,Lehe (BHV),Eckernfeld,2016-12
2016-11-01,11,2016,11,2,16,3,9,4,1,0,1,0,0,0,1,1,8.800481767,53.078558513,Mitte,Altstadt,2016-11
2016-11-01,11,2016,11,6,7,3,4,6,1,0,0,0,0,0,1,1,8.889923408,53.096902606,Horn-Lehe,Lehesterdeich,2016-11
2016-12-01,11,2016,12,5,8,3,5,2,1,1,0,0,0,0,0,1,8.790904611,53.053691331,Neustadt,Neuenland,2016-12
2016-12-01,11,2016,12,4,15,3,5,2,1,0,0,0,1,0,0,0,8.959230408,53.04187945,Hemelingen,Mahndorf,2016-12
2016-11-01,11,2016,11,2,19,3,0,1,1,0,0,0,0,0,2,0,8.822987708,53.073652621,Mitte,Ostertor,2016-11
2016-12-01,11,2016,12,3,16,3,1,5,1,1,0,0,0,0,2,0,8.827118453,53.078468229,Östliche Vorstadt,Fesenfeld,2016-12
2016-12-01,11,2016,12,5,17,3,5,2,1,1,0,0,0,0,2,0,8.844818264,53.045649787,Obervieland,Habenhausen,2016-12
2016-12-01,11,2016,12,6,18,3,5,1,1,1,0,0,0,0,2,0,8.893797907,53.050461359,Hemelingen,Hemelingen,2016-12
2016-11-01,11,2016,11,6,17,2,5,3,1,1,0,0,0,0,2,0,8.864695223,53.10629288,Horn-Lehe,Lehe,2016-11
2016-12-01,11,2016,12,6,14,3,5,3,1,0,0,1,0,0,0,0,8.697296462,53.168486832,Burglesum,Lesum,2016-12
2016-12-01,11,2016,12,5,8,3,5,3,1,0,0,0,0,0,0,0,8.832110324,53.086088642,Schwachhausen,Bürgerpark,2016-12
2016-12-01,11,2016,12,7,19,3,0,7,1,0,0,0,0,0,2,0,8.910371628,53.071235291,Hemelingen,Sebaldsbrück,2016-12
2016-11-01,11,2016,11,4,7,3,0,7,1,1,0,0,0,0,1,1,8.792213248,53.088514008,Walle,Utbremen,2016-11
2016-12-01,11,2016,12,6,10,3,0,1,1,0,0,0,0,0,0,2,8.845539539,53.106292813,Horn-Lehe,Lehe,2016-12
2016-12-01,11,2016,12,3,14,3,5,2,1,1,0,0,0,0,0,1,8.923292695,53.059412885,Osterholz,Osterholz,2016-12
2016-12-01,11,2016,12,3,8,3,5,2,1,1,0,0,0,0,2,0,8.815661297,53.055458318,Neustadt,Huckelriede,2016-12
2016-12-01,11,2016,12,5,20,3,0,2,1,1,0,0,0,0,2,1,8.850153745,53.071237646,Östliche Vorstadt,Peterswerder,2016-12
2016-11-01,11,2016,11,2,9,2,5,3,1,1,0,0,0,0,0,0,8.819661873,53.038307087,Obervieland,Kattenturm,2016-11
2016-11-01,11,2016,11,3,17,3,4,2,1,1,0,0,0,0,2,0,8.84399178,53.068802431,Östliche Vorstadt,Peterswerder,2016-11
2016-11-01,11,2016,11,6,8,3,0,3,1,1,0,0,0,0,0,0,8.887926578,53.066877102,Hemelingen,Sebaldsbrück,2016-11
2016-12-01,11,2016,12,3,19,3,0,1,1,0,0,0,0,0,2,0,8.808357235,53.074370052,Mitte,Altstadt,2016-12
2016-12-01,11,2016,12,5,9,3,5,3,1,1,0,0,0,0,0,1,8.804850372,53.065992545,Neustadt,Buntentor,2016-12
2016-12-01,11,2016,12,5,17,3,5,3,1,1,0,0,0,0,2,1,8.852631104,53.067339692,Östliche Vorstadt,Peterswerder,2016-12
2016-12-01,11,2016,12,7,14,3,5,3,1,1,0,0,0,0,0,0,8.610508681,53.175406436,Vegesack,Fähr-Lobbendorf,2016-12
2016-11-01,11,2016,11,5,9,3,0,4,1,0,1,0,0,0,0,0,8.62222955,53.171384914,Vegesack,Vegesack,2016-11
2016-12-01,11,2016,12,4,11,3,5,3,1,1,0,0,0,0,0,1,8.799858518,53.070448857,Neustadt,Alte Neustadt,2016-12
2016-12-01,11,2016,12,6,13,3,0,7,1,1,0,0,0,0,0,1,8.810270536,53.081495901,Mitte,Bahnhofsvorstadt,2016-12
2016-12-01,12,2016,12,4,6,3,5,2,1,1,0,0,0,0,2,0,8.598158648,53.570168503,Lehe (BHV),Klushof,2016-12
2016-12-01,11,2016,12,6,17,3,4,6,1,0,0,0,0,0,2,1,8.751317836,53.064854985,Huchting,Grolland,2016-12
2016-11-01,12,2016,11,3,7,3,5,2,1,1,0,0,0,0,2,2,8.608769296,53.590760505,Leherheide,Königsheide,2016-11
2016-12-01,12,2016,12,5,9,2,5,3,1,1,0,0,0,0,0,0,8.608544642,53.570690483,Lehe (BHV),Schierholz,2016-12
2016-11-01,11,2016,11,5,19,3,5,3,1,1,0,0,0,0,2,1,8.8567152,53.071394091,Hemelingen,Hastedt,2016-11
2016-12-01,11,2016,12,6,17,3,5,3,1,1,0,0,0,0,2,0,8.940067655,53.067865925,Osterholz,Ellenerbrok-Schevemoor,2016-12
2016-12-01,11,2016,12,4,11,3,5,2,1,1,0,0,0,0,0,1,8.84304366,53.081090812,Schwachhausen,Gete,2016-12
2016-12-01,11,2016,12,2,8,2,5,3,1,1,0,0,0,0,1,1,8.825139161,53.084516554,Schwachhausen,Bürgerpark,2016-12
2016-11-01,11,2016,11,3,16,3,4,6,1,0,0,0,0,0,0,0,8.787128515,53.075621006,Neustadt,Alte Neustadt,2016-11
2016-12-01,12,2016,12,4,17,3,5,2,1,1,0,0,0,0,2,0,8.607191935,53.58609186,Leherheide,Leherheide-West,2016-12
2016-12-01,11,2016,12,3,11,3,5,3,1,1,0,0,0,0,0,0,8.88034166,53.082410299,Vahr,Neue Vahr Südwest,2016-12
2016-12-01,11,2016,12,5,10,3,5,7,1,0,0,0,0,1,0,0,8.809410229,53.077622253,Mitte,Altstadt,2016-12
2016-11-01,11,2016,11,2,13,3,5,3,1,1,0,0,0,0,0,0,8.850670636,53.038340474,Obervieland,Habenhausen,2016-11
2016-12-01,11,2016,12,2,6,3,5,3,1,0,0,0,0,1,2,1,8.79202241,53.073076516,Neustadt,Alte Neustadt,2016-12
2016-11-01,12,2016,11,4,8,3,5,3,1,1,0,0,0,0,0,0,8.595662175,53.575302496,Lehe (BHV),Eckernfeld,2016-11
2016-12-01,11,2016,12,6,14,3,5,3,1,1,0,0,0,0,0,0,8.811218205,53.080114999,Mitte,Bahnhofsvorstadt,2016-12
2016-12-01,11,2016,12,4,13,3,3,4,1,1,1,0,0,0,0,1,8.783906805,53.067792783,Neustadt,Neustadt,2016-12
2016-12-01,12,2016,12,2,14,2,0,7,1,0,0,0,0,0,0,0,8.590321761,53.523608925,Geestemünde,Geestemünde-Süd,2016-12
2016-12-01,11,2016,12,6,4,3,5,2,1,1,0,0,0,0,2,1,8.910550411,53.047448176,Hemelingen,Arbergen,2016-12
2016-11-01,11,2016,11,7,20,2,5,2,1,1,0,0,0,0,2,1,8.807326148,53.082318595,Mitte,Bahnhofsvorstadt,2016-11
2016-12-01,11,2016,12,6,7,3,5,2,1,1,0,0,0,0,0,0,8.622771675,53.177048322,Vegesack,Vegesack,2016-12
2016-12-01,11,2016,12,6,16,3,3,6,1,1,0,0,0,0,1,0,8.927438125,53.097029715,Oberneuland,Unbekannt,2016-12
2016-12-01,11,2016,12,7,16,2,0,1,1,0,1,0,0,0,1,0,8.79618892,53.065642268,Neustadt,Südervorstadt,2016-12
2016-12-01,11,2016,12,6,9,3,5,3,1,1,0,0,0,0,0,0,8.819718809,53.049701637,Neustadt,Huckelriede,2016-12
2016-11-01,11,2016,11,4,15,3,5,3,1,1,0,0,0,0,0,0,8.786045974,53.061622931,Neustadt,Neuenland,2016-11
2016-12-01,11,2016,12,2,12,3,5,3,1,1,0,0,0,0,0,1,8.775537878,53.076821653,Woltmershausen,Woltmershausen,2016-12
2016-11-01,11,2016,11,4,14,3,5,2,1,0,0,0,0,1,0,0,8.791253627,53.091519162,Walle,Utbremen,2016-11
2016-12-01,12,2016,12,5,15,3,5,3,1,1,0,0,0,0,0,1,8.595817433,53.510195915,Wulsdorf,Dreibergen,2016-12
2016-12-01,11,2016,12,4,13,3,5,3,1,1,0,0,0,0,0,0,8.781888581,53.067274076,Neustadt,Hohentor,2016-12
2016-11-01,12,2016,11,1,14,3,5,3,1,1,0,0,0,0,0,0,8.632816279,53.600620197,Leherheide,Unbekannt,2016-11
2016-12-01,11,2016,12,5,1,3,1,1,1,1,0,0,0,0,2,0,8.823785705,53.077548576,Östliche Vorstadt,Fesenfeld,2016-12
2016-11-01,12,2016,11,1,16,2,5,3,1,1,0,0,0,0,1,1,8.592771629,53.515605909,Wulsdorf,Dreibergen,2016-11
2016-11-01,11,2016,11,4,8,2,1,6,1,0,0,0,0,0,0,0,8.728260397,53.044277902,Huchting,Sodenmatt,2016-11
2016-12-01,11,2016,12,7,15,3,5,3,1,1,0,0,0,0,0,0,8.843021251,53.068950258,Östliche Vorstadt,Peterswerder,2016-12
2016-12-01,11,2016,12,5,16,3,5,3,1,1,0,0,0,0,2,1,8.575713568,53.191205091,Blumenthal,Blumenthal,2016-12
2016-11-01,11,2016,11,7,5,3,0,7,1,0,0,0,0,0,2,1,8.8009044,53.061724781,Neustadt,Gartenstadt Süd,2016-11
2016-12-01,11,2016,12,2,14,2,5,3,1,1,0,0,0,0,0,1,8.835479407,53.038821644,Obervieland,Kattenturm,2016-12
2016-12-01,11,2016,12,2,9,3,0,1,1,0,0,0,0,0,0,1,8.805028707,53.088457949,Findorff,Findorff-Bürgerweide,2016-12
2016-11-01,12,2016,11,4,19,3,0,7,1,0,0,0,0,0,1,0,8.593879675,53.560661225,Lehe (BHV),Klushof,2016-11
2016-12-01,11,2016,12,3,10,3,2,6,1,1,0,0,0,0,0,0,8.804841935,53.088604441,Findorff,Findorff-Bürgerweide,2016-12
2016-11-01,11,2016,11,4,11,3,8,1,1,0,0,0,0,0,0,0,8.899000159,53.126872057,Unbekannt,Borgfeld,2016-11
2016-12-01,11,2016,12,7,14,3,6,4,1,0,1,0,0,0,0,0,8.799469885,53.070168264,Neustadt,Alte Neustadt,2016-12
2016-12-01,11,2016,12,2,2,3,0,1,1,0,0,0,0,0,2,1,8.870597417,53.090225504,Schwachhausen,Radio Bremen,2016-12
2016-12-01,11,2016,12,4,9,3,3,6,1,0,0,0,0,0,0,0,8.826602512,53.085603565,Schwachhausen,Bürgerpark,2016-12
2016-11-01,11,2016,11,4,11,3,5,2,1,0,0,0,0,1,0,1,8.517825259,53.21037239,Blumenthal,Rekum,2016-11
2016-12-01,12,2016,12,6,11,3,4,2,1,1,0,0,0,0,0,0,8.579758521,53.547556981,Mitte (BHV),Mitte-Süd,2016-12
2016-11-01,11,2016,11,4,16,3,5,2,1,1,0,0,0,0,0,0,8.870546419,53.096022812,Horn-Lehe,Horn,2016-11
2016-12-01,11,2016,12,6,20,3,1,5,1,1,0,0,0,0,2,0,8.823342957,53.072980286,Östliche Vorstadt,Steintor,2016-12
2016-11-01,11,2016,11,3,17,3,1,5,1,1,0,0,0,0,2,0,8.831936427,53.080985243,Schwachhausen,Gete,2016-11
2016-12-01,12,2016,12,4,13,3,0,1,1,0,0,0,0,0,0,1,8.594011588,53.569168501,Lehe (BHV),Klushof,2016-12
2016-12-01,11,2016,12,6,17,3,5,3,1,1,0,0,0,0,2,1,8.855141234,53.07642143,Vahr,Gartenstadt Vahr,2016-12
2016-12-01,11,2016,12,7,12,3,0,5,1,1,0,0,0,0,0,0,8.92363413,53.060427647,Osterholz,Ellener Feld,2016-12
2016-11-01,11,2016,11,4,18,3,0,7,1,0,0,0,1,0,2,0,8.809505618,53.06318104,Neustadt,Buntentor,2016-11
2016-11-01,12,2016,11,3,6,3,5,3,1,1,0,0,0,0,2,0,8.601340517,53.53145778,Geestemünde,Bürgerpark (BHV),2016-11
2016-12-01,12,2016,12,5,17,3,5,6,1,1,0,0,0,0,2,0,8.580018635,53.54386572,Mitte (BHV),Mitte-Süd,2016-12
2016-11-01,11,2016,11,3,16,3,5,3,1,0,0,0,0,1,1,0,8.800876235,53.094595856,Findorff,Regensburger Str.,2016-11
2016-12-01,11,2016,12,3,12,3,1,5,1,1,0,0,0,0,0,1,8.778751829,53.099003044,Walle,Walle,2016-12
2016-12-01,11,2016,12,2,5,3,5,3,1,0,0,0,0,1,2,1,8.916263072,53.071080995,Hemelingen,Sebaldsbrück,2016-12
2016-12-01,11,2016,12,3,17,3,5,2,1,1,0,0,0,0,1,1,8.870561138,53.089821503,Schwachhausen,Radio Bremen,2016-12
2016-12-01,11,2016,12,4,18,3,0,7,1,0,0,0,0,0,2,1,8.812950315,53.092058338,Findorff,Weidedamm,2016-12
2016-12-01,11,2016,12,6,7,3,4,6,1,1,0,0,0,0,1,1,8.539340804,53.193174678,Blumenthal,Rönnebeck,2016-12
2016-12-01,11,2016,12,4,13,3,5,3,1,0,0,0,0,1,0,0,8.845862845,53.073307918,Östliche Vorstadt,Hulsberg,2016-12
2016-12-01,11,2016,12,7,13,3,0,7,1,0,0,0,0,0,0,1,8.789962432,53.086407264,Walle,Überseestadt,2016-12
2016-11-01,12,2016,11,6,13,3,5,2,1,1,0,0,0,0,0,1,8.60343689,53.523436699,Geestemünde,Grünhöfe,2016-11
2016-11-01,11,2016,11,3,17,3,0,2,1,0,0,1,0,0,2,0,8.806540978,53.087284118,Findorff,Findorff-Bürgerweide,2016-11
2016-12-01,11,2016,12,5,6,3,5,3,1,1,0,0,0,0,2,0,8.890998453,53.086194664,Vahr,Neue Vahr Nord,2016-12
2016-12-01,11,2016,12,3,8,3,5,3,1,1,0,0,0,0,0,0,8.792189208,53.075276428,Neustadt,Alte Neustadt,2016-12
2016-12-01,11,2016,12,4,3,3,0,7,1,0,0,0,0,0,2,0,8.822642844,53.074673047,Östliche Vorstadt,Steintor,2016-12
2016-11-01,11,2016,11,3,9,3,1,5,1,1,0,0,0,0,0,0,8.88708053,53.062759242,Hemelingen,Sebaldsbrück,2016-11
2016-12-01,12,2016,12,2,7,3,5,3,1,1,0,0,0,0,0,2,8.595324946,53.520119261,Geestemünde,Geestemünde-Süd,2016-12
2016-12-01,12,2016,12,2,17,3,5,3,1,1,0,0,0,0,2,1,8.628438233,53.526865659,Schiffdorferdamm,Schiffdorferdamm,2016-12
2016-12-01,12,2016,12,1,2,3,5,3,1,1,0,0,0,0,2,1,8.569714511,53.554505741,Mitte (BHV),Mitte-Nord,2016-12
2016-12-01,11,2016,12,2,7,3,5,3,1,1,0,0,0,0,1,0,8.790541064,53.098468341,Walle,Westend,2016-12
2016-12-01,11,2016,12,2,17,3,3,1,1,1,0,0,0,0,0,1,8.826258078,53.079319547,Mitte,Ostertor,2016-12
2016-12-01,11,2016,12,4,18,3,0,1,1,0,0,0,0,0,2,0,8.818163649,53.077737021,Mitte,Ostertor,2016-12
2016-12-01,11,2016,12,3,7,3,5,2,1,1,0,0,0,0,2,0,8.848363012,53.11007913,Horn-Lehe,Lehe,2016-12
2016-12-01,12,2016,12,4,18,3,5,2,1,0,0,0,0,1,2,1,8.582219797,53.55321711,Lehe (BHV),Goethestrasse,2016-12
2016-12-01,11,2016,12,6,6,3,5,3,1,1,0,0,0,0,1,1,8.879708037,53.06073661,Hemelingen,Hastedt,2016-12
2016-11-01,11,2016,11,4,8,2,1,7,1,1,0,0,1,0,0,0,8.832588668,53.078323901,Östliche Vorstadt,Fesenfeld,2016-11
2016-11-01,12,2016,11,3,19,3,0,1,1,0,0,0,0,0,2,1,8.574623614,53.550923646,Mitte (BHV),Mitte-Nord,2016-11
2017-12-01,11,2017,12,6,11,3,5,2,1,1,0,0,0,0,0,0,8.819357703000037,53.048032859000045,Obervieland,Kattenturm,2017-12
2017-11-01,11,2017,11,5,14,3,5,3,1,1,0,0,0,0,0,0,8.814767080000024,53.04945069300004,Neustadt,Huckelriede,2017-11
2017-11-01,11,2017,11,5,7,3,0,1,1,0,0,0,0,0,0,0,8.817741150000074,53.04890343900007,Neustadt,Huckelriede,2017-11
2017-11-01,12,2017,11,4,8,3,5,3,1,1,0,0,0,0,0,0,8.575254630000074,53.54767284700006,Mitte (BHV),Mitte-Süd,2017-11
2017-06-01,11,2017,6,4,15,3,5,2,1,1,0,0,0,0,0,0,8.783201364000035,53.06624431000006,Neustadt,Neuenland,2017-6
2017-06-01,11,2017,6,5,13,3,0,7,1,0,0,0,0,1,0,0,8.779683698000042,53.06870806800004,Neustadt,Hohentor,2017-6
2017-05-01,11,2017,5,4,13,3,5,3,1,1,0,0,0,0,0,0,8.809638192000023,53.05115636000005,Neustadt,Huckelriede,2017-5
2017-05-01,11,2017,5,2,5,2,0,7,1,0,0,0,0,0,1,0,8.818875624000043,53.04861555800005,Neustadt,Huckelriede,2017-5
2017-03-01,11,2017,3,5,12,3,5,3,1,0,0,0,0,1,0,0,8.765870003000032,53.06067189600003,Huchting,Grolland,2017-3
2017-03-01,12,2017,3,2,13,3,5,6,1,0,0,1,0,0,0,1,8.580916561000038,53.53967299900006,Mitte (BHV),Mitte-Süd,2017-3
2017-02-01,11,2017,2,4,18,3,5,3,1,1,0,0,0,0,2,0,8.793886249000025,53.09658435400007,Walle,Osterfeuerberg,2017-2
2017-02-01,11,2017,2,4,17,3,1,7,1,0,0,0,0,1,2,0,8.789261489000069,53.06362080700006,Neustadt,Neustadt,2017-2
2017-02-01,11,2017,2,3,16,3,0,1,1,0,0,0,0,0,0,0,8.802199095000049,53.11417692500004,Walle,Hohweg,2017-2
2017-02-01,11,2017,2,3,8,3,5,3,1,1,0,0,0,0,0,0,8.83140621900003,53.03380924000004,Obervieland,Kattenturm,2017-2
2017-02-01,12,2017,2,2,17,2,5,3,1,0,0,0,0,1,2,0,8.572776883000074,53.56045752200004,Lehe (BHV),Twischkamp,2017-2
2017-02-01,11,2017,2,2,12,3,5,3,1,1,0,0,0,0,0,0,8.736762223000028,53.04545738100006,Huchting,Kirchhuchting,2017-2
2017-02-01,11,2017,2,7,16,3,5,2,1,1,0,0,0,0,0,0,8.80689251900003,53.06037484400008,Neustadt,Huckelriede,2017-2
2017-02-01,11,2017,2,6,13,2,5,2,1,1,0,0,0,0,0,1,8.758772127000043,53.11597791500003,Gröpelingen,Lindenhof,2017-2
2017-02-01,11,2017,2,6,7,3,6,4,1,0,1,0,0,0,1,1,8.837279989000024,53.07179328200005,Östliche Vorstadt,Peterswerder,2017-2
2017-02-01,11,2017,2,5,13,2,3,5,1,1,0,0,0,0,0,1,8.800577576000023,53.094594287000064,Findorff,Regensburger Str.,2017-2
2017-02-01,11,2017,2,4,17,2,5,3,1,1,0,0,0,0,1,0,8.803906274000042,53.07237027600007,Neustadt,Alte Neustadt,2017-2
2017-01-01,12,2017,1,2,18,3,5,3,1,1,0,0,0,0,2,1,8.589759804000039,53.52845815500007,Geestemünde,Geestendorf,2017-1
2017-01-01,11,2017,1,2,13,2,5,3,1,1,0,0,0,0,0,1,8.57932708100003,53.18326822700004,Blumenthal,Blumenthal,2017-1
2017-01-01,11,2017,1,2,14,2,3,6,1,1,0,0,0,0,0,1,8.861669449000033,53.09929393400006,Horn-Lehe,Lehe,2017-1
2017-01-01,11,2017,1,2,17,3,5,3,1,1,0,0,0,0,2,1,8.872660771000028,53.10512611300004,Horn-Lehe,Lehe,2017-1
2017-01-01,12,2017,1,7,14,3,5,3,1,0,0,0,0,1,0,0,8.599936050000053,53.512243366000064,Wulsdorf,Dreibergen,2017-1
2017-01-01,11,2017,1,7,13,3,6,4,1,0,1,0,0,0,0,0,8.798202154000023,53.08011291800005,Mitte,Altstadt,2017-1