Datetime,UKREIS,UJAHR,UMONAT,UWOCHENTAG,USTUNDE,UKATEGORIE,UART,UTYP1,IstRad,IstPKW,IstFuss,IstKrad,IstGkfz,IstSonstig,ULICHTVERH,STRZUSTAND,longitude,latitude,Stadtteil,Ortsteil,Datetime
2017-01-01,11,2017,1,7,17,3,4,2,1,1,0,0,0,0,2,0,8.813587076000033,53.09036358600008,Schwachhausen,Bürgerpark,2017-1
2017-01-01,11,2017,1,6,14,3,4,2,1,1,0,0,0,0,0,0,8.847187761000043,53.08698330100003,Schwachhausen,Schwachhausen,2017-1
2017-01-01,11,2017,1,6,5,3,5,3,1,1,0,0,0,0,2,0,8.87572646600006,53.06200051000008,Hemelingen,Hastedt,2017-1
2017-01-01,11,2017,1,6,17,3,1,5,1,1,0,0,0,0,2,1,8.823335834000034,53.08330766400008,Schwachhausen,Barkhof,2017-1
2017-01-01,11,2017,1,5,8,3,3,6,1,0,0,0,0,0,0,0,8.80129363900005,53.09179393200003,Findorff,Findorff-Bürgerweide,2017-1
2017-01-01,11,2017,1,5,20,3,5,3,1,1,0,0,0,0,2,0,8.845907608000061,53.087468433000026,Schwachhausen,Riensberg,2017-1
2017-01-01,11,2017,1,5,17,3,4,6,1,0,0,0,0,0,2,0,8.80916340500005,53.095163402000026,Findorff,Weidedamm,2017-1
2017-01-01,12,2017,1,4,12,3,5,2,1,1,0,0,0,0,0,0,8.582264485000053,53.56085369200008,Lehe (BHV),Twischkamp,2017-1
2017-01-01,11,2017,1,4,9,3,2,6,1,1,0,0,0,0,0,0,8.81731725800006,53.07305946600008,Mitte,Ostertor,2017-1
2017-01-01,11,2017,1,4,11,3,5,3,1,1,0,0,0,0,0,0,8.884274577000042,53.07310647700007,Hemelingen,Sebaldsbrück,2017-1
2017-01-01,11,2017,1,4,19,3,5,3,1,1,0,0,0,0,2,2,8.85005863200007,53.09464218300008,Schwachhausen,Riensberg,2017-1
2017-01-01,11,2017,1,4,13,3,5,2,1,1,0,0,0,0,0,0,8.806412090000038,53.093970056000046,Findorff,Findorff-Bürgerweide,2017-1
2017-01-01,11,2017,1,4,14,2,5,2,1,1,0,0,0,0,0,0,8.740079079000054,53.05141149700006,Huchting,Kirchhuchting,2017-1
2017-01-01,11,2017,1,3,19,3,0,1,1,0,0,0,0,0,2,0,8.806910596000023,53.08183955300007,Mitte,Bahnhofsvorstadt,2017-1
2017-01-01,11,2017,1,3,12,3,5,3,1,1,0,0,0,0,0,0,8.848996311000064,53.02808517900007,Obervieland,Arsten,2017-1
2017-01-01,12,2017,1,2,9,3,5,3,1,1,0,0,0,0,0,0,8.597229635000076,53.57987021300005,Lehe (BHV),Eckernfeld,2017-1
2017-01-01,11,2017,1,2,11,3,5,6,1,1,0,0,0,0,0,0,8.83368977200007,53.03323138300004,Obervieland,Arsten,2017-1
2017-01-01,11,2017,1,2,2,2,0,1,1,0,0,0,0,0,2,1,8.810947444000021,53.07178040100007,Mitte,Altstadt,2017-1
2017-01-01,11,2017,1,7,17,3,0,7,1,1,0,0,0,0,2,1,8.80943417100002,53.073997562000045,Mitte,Altstadt,2017-1
2017-01-01,12,2017,1,6,17,3,5,3,1,0,0,0,0,1,2,1,8.588670807000028,53.56599312200007,Lehe (BHV),Klushof,2017-1
2017-01-01,11,2017,1,6,9,3,5,2,1,1,0,0,0,0,0,1,8.792695082000023,53.07365944900005,Neustadt,Alte Neustadt,2017-1
2017-01-01,11,2017,1,6,9,3,5,2,1,1,0,0,0,0,0,0,8.791225202000021,53.09167647100003,Walle,Westend,2017-1
2017-01-01,11,2017,1,4,15,3,4,7,1,1,0,0,0,0,0,1,8.880140719000053,53.10255444400008,Horn-Lehe,Lehe,2017-1
2017-01-01,11,2017,1,4,15,3,5,3,1,1,0,0,0,0,0,0,8.831354611000052,53.08125526100008,Schwachhausen,Schwachhausen,2017-1
2017-01-01,11,2017,1,4,17,3,5,3,1,1,0,0,0,0,1,2,8.877307251000047,53.08224973800003,Vahr,Neue Vahr Südwest,2017-1
2017-01-01,11,2017,1,3,7,3,5,3,1,1,0,0,0,0,1,0,8.846452087000046,53.04842701700005,Obervieland,Habenhausen,2017-1
2017-01-01,11,2017,1,3,6,3,5,3,1,1,0,0,0,0,2,1,8.936381089000065,53.07380779700003,Osterholz,Ellenerbrok-Schevemoor,2017-1
2017-01-01,11,2017,1,2,16,3,5,3,1,1,0,0,0,0,0,2,8.852215130000047,53.11136429300007,Horn-Lehe,Lehe,2017-1
2017-01-01,11,2017,1,7,10,3,5,3,1,0,0,0,0,1,0,1,8.804131347000066,53.07240242700004,Neustadt,Alte Neustadt,2017-1
2017-01-01,11,2017,1,5,19,3,6,4,1,0,1,0,0,0,2,1,8.806589383000073,53.09406807100004,Findorff,Regensburger Str.,2017-1
2017-01-01,11,2017,1,5,7,3,0,7,1,0,0,0,0,1,2,1,8.805850651000071,53.09061802800005,Findorff,Findorff-Bürgerweide,2017-1
2017-01-01,11,2017,1,5,12,3,5,3,1,1,0,0,0,0,0,1,8.896299403000057,53.07925385400006,Vahr,Neue Vahr Südost,2017-1
2017-01-01,11,2017,1,5,7,3,5,2,1,1,0,0,0,0,2,1,8.887834969000039,53.10919548200008,Horn-Lehe,Lehesterdeich,2017-1
2017-01-01,11,2017,1,5,16,2,5,2,1,1,0,0,0,0,2,1,8.809159717000057,53.07882740700006,Mitte,Altstadt,2017-1
2017-01-01,11,2017,1,4,12,2,5,3,1,1,0,0,0,0,0,1,8.89114156200003,53.08259519200004,Vahr,Neue Vahr Nord,2017-1
2017-01-01,11,2017,1,3,15,3,1,5,1,1,0,0,0,0,0,1,8.768858900000055,53.08306730600003,Woltmershausen,Woltmershausen,2017-1
2017-01-01,11,2017,1,3,16,3,5,2,1,1,0,0,0,0,1,1,8.899940737000065,53.12342770800007,Unbekannt,Borgfeld,2017-1
2017-01-01,11,2017,1,3,6,3,5,3,1,1,0,0,0,0,2,1,8.856590599000072,53.07136736100006,Hemelingen,Hastedt,2017-1
2017-01-01,11,2017,1,3,8,3,5,3,1,1,0,0,0,0,1,1,8.825888128000031,53.07871280100005,Östliche Vorstadt,Fesenfeld,2017-1
2017-01-01,11,2017,1,2,16,3,5,3,1,1,0,0,0,0,0,0,8.713857049000069,53.14164865300006,Burglesum,Burg-Grambke,2017-1
2017-01-01,11,2017,1,7,13,2,0,1,1,0,0,0,0,0,0,2,8.879166171000065,53.07331876900008,Vahr,Gartenstadt Vahr,2017-1
2017-01-01,11,2017,1,6,13,3,5,3,1,1,0,0,0,0,0,0,8.82496756300003,53.08456810900003,Schwachhausen,Bürgerpark,2017-1
2017-01-01,11,2017,1,6,20,3,5,3,1,1,0,0,0,0,2,0,8.843336819000058,53.07333839400008,Östliche Vorstadt,Hulsberg,2017-1
2017-01-01,12,2017,1,4,11,3,3,2,1,1,0,0,0,0,0,1,8.572799834000023,53.560458149000056,Lehe (BHV),Twischkamp,2017-1
2017-01-01,11,2017,1,3,11,3,5,3,1,1,0,0,0,0,0,1,8.838866587000041,53.05081316900004,Obervieland,Habenhausen,2017-1
2017-01-01,11,2017,1,3,13,3,3,2,1,1,0,0,0,0,0,1,8.782175668000036,53.06682878300006,Neustadt,Neuenland,2017-1
2017-01-01,11,2017,1,3,7,3,1,5,1,1,0,0,0,0,1,1,8.838151493000055,53.09597462500005,Schwachhausen,Neu-Schwachhausen,2017-1
2017-01-01,11,2017,1,3,22,3,0,1,1,0,0,0,0,0,2,1,8.828753180000035,53.08525373600003,Schwachhausen,Bürgerpark,2017-1
2017-01-01,12,2017,1,2,13,3,3,6,1,1,0,0,0,0,0,1,8.571553798000025,53.54440588600005,Mitte (BHV),Mitte-Süd,2017-1
2017-01-01,12,2017,1,2,17,3,5,3,1,1,0,0,0,0,2,1,8.603379073000042,53.52323837100005,Geestemünde,Grünhöfe,2017-1
2017-01-01,12,2017,1,2,8,3,5,3,1,1,0,0,0,0,1,1,8.584717090000026,53.56077272800008,Lehe (BHV),Twischkamp,2017-1
2017-01-01,11,2017,1,2,14,3,3,6,1,1,0,0,0,0,0,1,8.87881857800005,53.09083703400006,Horn-Lehe,Horn,2017-1
2017-01-01,11,2017,1,2,16,3,1,5,1,1,0,0,0,0,1,1,8.809492830000067,53.07397819000005,Mitte,Altstadt,2017-1
2017-01-01,11,2017,1,2,11,3,5,7,1,1,0,0,0,0,0,1,8.790027117000022,53.10413120000004,Walle,Osterfeuerberg,2017-1
2017-01-01,11,2017,1,2,7,3,5,3,1,1,0,0,0,0,2,1,8.862530587000037,53.09928721400007,Horn-Lehe,Lehe,2017-1
2017-01-01,11,2017,1,1,18,3,0,3,1,1,0,0,0,0,2,1,8.759520132000034,53.11993028400008,Gröpelingen,Gröpelingen,2017-1
2017-02-01,12,2017,2,5,8,3,5,3,1,1,0,0,0,0,0,0,8.597109364000062,53.57525666300006,Lehe (BHV),Eckernfeld,2017-2
2017-02-01,11,2017,2,7,19,3,3,6,1,1,0,0,0,1,2,0,8.815223032000063,53.07047992500003,Mitte,Ostertor,2017-2
2017-03-01,11,2017,3,2,17,3,5,3,1,1,0,0,0,0,0,0,8.829269751000027,53.07006040300007,Östliche Vorstadt,Steintor,2017-3
2017-03-01,11,2017,3,7,10,3,5,2,1,0,0,0,0,0,0,0,8.856531476000043,53.08872591700003,Schwachhausen,Radio Bremen,2017-3
2017-03-01,11,2017,3,6,12,3,4,6,1,0,0,0,0,0,0,0,8.802017989000035,53.07143659500008,Neustadt,Alte Neustadt,2017-3
2017-03-01,11,2017,3,6,15,3,3,6,1,0,0,0,0,0,0,0,8.806708030000038,53.06051868200007,Neustadt,Buntentor,2017-3
2017-03-01,11,2017,3,6,13,2,6,4,1,0,1,0,0,0,0,0,8.820469875000072,53.11201453500007,Horn-Lehe,Lehe,2017-3
2017-03-01,11,2017,3,6,14,3,0,7,1,0,1,0,0,0,0,0,8.760718540000028,53.11229865800004,Gröpelingen,Lindenhof,2017-3
2017-03-01,11,2017,3,6,9,3,1,5,1,1,0,0,0,0,0,0,8.751956041000028,53.08986177000003,Woltmershausen,Rablinghausen,2017-3
2017-03-01,11,2017,3,5,12,3,0,2,1,0,0,0,0,1,0,0,8.794949978000034,53.06720795100006,Neustadt,Südervorstadt,2017-3
2017-03-01,11,2017,3,5,13,3,5,3,1,1,0,0,0,0,0,0,8.789643759000057,53.08661641200007,Walle,Utbremen,2017-3
2017-03-01,11,2017,3,5,19,3,1,5,1,1,0,0,0,0,2,0,8.78115573100007,53.10700965800004,Walle,Walle,2017-3
2017-03-01,11,2017,3,5,7,2,5,3,1,1,0,0,0,0,0,0,8.84647269800007,53.04846400600008,Obervieland,Habenhausen,2017-3
2017-03-01,11,2017,3,5,17,3,5,3,1,0,0,0,0,1,0,0,8.825035108000066,53.08419622600008,Schwachhausen,Barkhof,2017-3
2017-02-01,12,2017,2,6,14,2,3,6,1,0,0,0,0,1,0,0,8.601939019000042,53.57027328600003,Lehe (BHV),Schierholz,2017-2
2017-03-01,11,2017,3,4,10,3,6,3,1,0,1,0,0,0,0,0,8.790009911000027,53.07160087600005,Neustadt,Hohentor,2017-3
2017-03-01,11,2017,3,4,18,3,1,5,1,1,0,0,0,0,0,0,8.824042525000038,53.07303554000004,Östliche Vorstadt,Steintor,2017-3
2017-03-01,11,2017,3,3,17,3,5,2,1,1,0,0,0,0,0,0,8.820244314000036,53.08403661700004,Schwachhausen,Barkhof,2017-3
2017-03-01,11,2017,3,3,16,3,5,3,1,1,0,0,0,0,0,0,8.813544939000053,53.09037364900007,Findorff,Findorff-Bürgerweide,2017-3
2017-03-01,11,2017,3,3,8,3,5,3,1,0,0,0,0,0,0,0,8.835619147000045,53.07377044100008,Östliche Vorstadt,Hulsberg,2017-3
2017-03-01,11,2017,3,2,15,3,0,1,1,0,0,0,0,0,0,1,8.578647555000032,53.183397942000056,Blumenthal,Blumenthal,2017-3
2017-03-01,11,2017,3,2,10,3,0,1,1,0,0,0,0,0,0,1,8.827655309000022,53.07256548000004,Östliche Vorstadt,Steintor,2017-3
2017-03-01,11,2017,3,2,17,3,5,2,1,1,0,0,0,0,1,1,8.799092470000062,53.05643225600005,Neustadt,Neuenland,2017-3
2017-03-01,11,2017,3,2,13,3,5,3,1,1,0,0,0,0,0,1,8.918824123000036,53.05961163600006,Osterholz,Ellener Feld,2017-3
2017-03-01,11,2017,3,2,9,3,5,2,1,1,0,0,0,0,0,1,8.765574073000039,53.07412796500006,Woltmershausen,Woltmershausen,2017-3
2017-03-01,12,2017,3,1,20,3,0,1,1,0,0,0,0,0,2,1,8.633794335000061,53.52264314800004,Surheide,Surheide,2017-3
2017-03-01,11,2017,3,7,20,3,5,3,1,1,0,0,0,0,2,1,8.930530279000038,53.08764059900005,Oberneuland,Unbekannt,2017-3
2017-03-01,12,2017,3,6,9,3,5,3,1,1,0,0,0,0,0,0,8.602294131000065,53.57201413700005,Lehe (BHV),Schierholz,2017-3
2017-03-01,11,2017,3,6,12,3,5,3,1,1,0,0,0,0,0,0,8.927132111000049,53.09002478500008,Oberneuland,Unbekannt,2017-3
2017-03-01,11,2017,3,6,13,3,5,2,1,1,0,0,0,0,0,0,8.804841840000051,53.08096455200007,Mitte,Bahnhofsvorstadt,2017-3
2017-03-01,11,2017,3,6,7,3,3,6,1,0,0,0,0,0,0,0,8.839896169000042,53.08174187900005,Schwachhausen,Gete,2017-3
2017-03-01,12,2017,3,5,16,3,5,3,1,1,0,0,0,0,0,0,8.599817546000054,53.49572773300008,Wulsdorf,Jedutenberg,2017-3
2017-03-01,11,2017,3,5,17,2,5,3,1,1,0,0,0,0,0,0,8.75172270400003,53.16389861200008,Unbekannt,Blockland,2017-3
2017-03-01,11,2017,3,5,15,3,5,2,1,0,0,0,0,1,0,0,8.782590785000025,53.08709175700005,Walle,Überseestadt,2017-3
2017-03-01,11,2017,3,5,15,3,5,2,1,0,0,1,0,0,0,0,8.941683848000025,53.06036524300004,Osterholz,Ellenerbrok-Schevemoor,2017-3
2017-03-01,11,2017,3,5,13,2,5,3,1,1,0,0,0,0,0,0,8.835827307000045,53.04826142200005,Obervieland,Kattenturm,2017-3
2017-03-01,11,2017,3,4,19,1,5,3,1,0,0,0,0,1,2,0,8.722832345000029,53.05879937800006,Huchting,Mittelshuchting,2017-3
2017-03-01,11,2017,3,4,19,3,1,5,1,1,0,0,0,0,2,0,8.852351254000041,53.08186490700007,Schwachhausen,Gete,2017-3
2017-03-01,11,2017,3,4,13,3,5,3,1,1,0,0,0,0,0,0,8.794895857000029,53.09393061600008,Walle,Utbremen,2017-3
2017-03-01,11,2017,3,4,8,3,5,2,1,1,0,0,0,0,0,1,8.847103749000041,53.08022991500008,Schwachhausen,Gete,2017-3
2017-03-01,11,2017,3,3,15,3,6,4,1,0,1,0,0,0,0,0,8.820067907000066,53.07264017800003,Mitte,Ostertor,2017-3
2017-03-01,11,2017,3,3,16,3,0,5,1,1,0,0,0,0,0,0,8.83772699800005,53.09502768100003,Schwachhausen,Neu-Schwachhausen,2017-3
2017-03-01,11,2017,3,3,17,3,5,3,1,1,0,0,0,0,0,0,8.90236369300004,53.10108801600006,Oberneuland,Unbekannt,2017-3
2017-03-01,11,2017,3,3,11,3,0,1,1,0,0,0,0,0,0,0,8.826852159000055,53.07282943700005,Östliche Vorstadt,Steintor,2017-3
2017-03-01,11,2017,3,2,11,3,5,3,1,1,0,0,0,0,0,0,8.799487447000047,53.07155290800006,Neustadt,Alte Neustadt,2017-3
2017-03-01,11,2017,3,2,13,3,3,7,1,1,0,0,0,0,0,0,8.761977333000061,53.08067655000008,Woltmershausen,Woltmershausen,2017-3
2017-03-01,11,2017,3,2,14,3,5,3,1,1,0,0,0,0,0,0,8.738541584000075,53.13723675700004,Gröpelingen,Oslebshausen,2017-3
2017-03-01,11,2017,3,1,12,3,0,1,1,0,0,0,0,0,0,0,8.828230344000076,53.16005615900008,Unbekannt,Blockland,2017-3
2017-03-01,12,2017,3,6,13,3,5,2,1,1,0,0,0,0,0,0,8.58263260800004,53.521591227000044,Fischereihafen,Fischereihafen,2017-3
2017-03-01,12,2017,3,6,13,3,5,1,1,1,0,0,0,0,0,0,8.584659546000069,53.55688048300004,Lehe (BHV),Goethestrasse,2017-3
2017-03-01,12,2017,3,5,12,3,5,2,1,0,0,0,0,1,0,1,8.595294102000025,53.51124784700005,Wulsdorf,Dreibergen,2017-3
2017-03-01,11,2017,3,5,21,3,5,2,1,0,0,1,0,0,2,1,8.893069753000077,53.049999058000026,Hemelingen,Hemelingen,2017-3
2017-03-01,11,2017,3,4,10,3,5,3,1,1,0,0,0,0,0,0,8.782148043000063,53.07561699800005,Woltmershausen,Woltmershausen,2017-3
2017-03-01,11,2017,3,4,18,2,0,7,1,0,0,0,0,0,1,1,8.789298693000035,53.06417769800004,Neustadt,Neustadt,2017-3
2017-03-01,11,2017,3,3,12,3,5,3,1,1,0,0,0,0,0,0,8.72133886100005,53.131980817000056,Häfen,Industriehäfen,2017-3
2017-03-01,11,2017,3,3,13,3,3,7,1,0,0,0,0,0,0,0,8.725820234000025,53.10035724800008,Häfen,Neustädter Hafen,2017-3
2017-03-01,11,2017,3,2,10,3,5,3,1,1,0,0,0,0,0,0,8.946508425000047,53.07659145600008,Osterholz,Tenever,2017-3
2017-03-01,11,2017,3,2,17,3,0,6,1,0,0,0,0,0,1,1,8.833484913000063,53.039716207000026,Obervieland,Kattenturm,2017-3
2017-03-01,11,2017,3,2,13,3,4,6,1,0,0,0,0,0,0,0,8.825931942000068,53.07300568800008,Östliche Vorstadt,Steintor,2017-3
2017-03-01,11,2017,3,2,15,3,5,2,1,1,0,0,0,0,0,1,8.87543054300005,53.06190690400007,Hemelingen,Hastedt,2017-3
2017-03-01,11,2017,3,7,19,3,5,3,1,1,0,0,0,0,2,0,8.71296256200003,53.14527354500007,Burglesum,Burg-Grambke,2017-3
2017-03-01,11,2017,3,7,15,2,5,3,1,0,0,0,0,1,0,0,8.858003477000068,53.04602494900007,Obervieland,Habenhausen,2017-3
2017-03-01,11,2017,3,7,15,3,5,3,1,1,0,0,0,0,0,0,8.957574863000048,53.05744755900008,Osterholz,Tenever,2017-3
2017-03-01,11,2017,3,6,14,3,5,2,1,1,0,0,0,0,0,1,8.807467856000073,53.08248038700003,Mitte,Bahnhofsvorstadt,2017-3
2017-03-01,11,2017,3,6,12,2,5,3,1,0,0,0,0,1,0,0,8.853977496000027,53.08244622600006,Schwachhausen,Gete,2017-3
2017-03-01,12,2017,3,5,11,3,5,3,1,1,0,0,0,0,0,0,8.601813570000047,53.59145769000003,Leherheide,Königsheide,2017-3
2017-03-01,11,2017,3,5,17,3,0,3,1,1,0,0,0,0,2,1,8.781523715000048,53.08350602100006,Walle,Überseestadt,2017-3
2017-03-01,11,2017,3,4,10,3,0,1,1,0,0,0,0,0,0,1,8.800439657000027,53.07880704500008,Mitte,Altstadt,2017-3
2017-03-01,11,2017,3,4,13,3,0,7,1,0,0,0,0,0,0,0,8.844892126000047,53.04575763400004,Obervieland,Habenhausen,2017-3
2017-02-01,11,2017,2,3,13,3,6,4,1,0,1,0,0,0,0,0,8.750001929000064,53.09290344800007,Woltmershausen,Rablinghausen,2017-2
2017-02-01,11,2017,2,3,15,2,5,3,1,1,0,0,0,0,0,1,8.795603216000075,53.06763986300007,Neustadt,Neustadt,2017-2
2017-02-01,11,2017,2,3,10,3,5,2,1,1,0,0,0,0,0,1,8.798785862000045,53.079805760000056,Mitte,Altstadt,2017-2
2017-02-01,11,2017,2,3,15,3,5,3,1,1,0,0,0,0,0,0,8.880340901000068,53.07897347800008,Vahr,Neue Vahr Südwest,2017-2
2017-02-01,11,2017,2,3,6,3,5,3,1,1,0,0,0,0,2,1,8.763544323000076,53.108971902000064,Gröpelingen,Lindenhof,2017-2
2017-02-01,11,2017,2,3,19,2,5,3,1,1,0,0,0,0,2,0,8.658618895000075,53.172988823000026,Burglesum,St.Magnus,2017-2
2017-02-01,11,2017,2,2,13,3,5,3,1,1,0,0,0,0,0,0,8.82266856800004,53.07457120400005,Östliche Vorstadt,Steintor,2017-2
2017-02-01,11,2017,2,2,9,3,5,3,1,1,0,0,0,0,0,0,8.838691453000024,53.08275316700008,Schwachhausen,Schwachhausen,2017-2
2017-02-01,11,2017,2,7,5,3,0,1,1,0,0,0,0,0,2,2,8.601944071000048,53.18012552900007,Vegesack,Fähr-Lobbendorf,2017-2
2017-02-01,11,2017,2,6,7,3,5,3,1,1,0,0,0,0,0,0,8.940565832000061,53.07760136200005,Oberneuland,Unbekannt,2017-2
2017-02-01,11,2017,2,6,18,3,5,2,1,1,0,0,0,0,2,1,8.802826137000068,53.079923163000046,Mitte,Altstadt,2017-2
2017-02-01,11,2017,2,6,16,3,5,2,1,1,0,0,0,0,0,1,8.824539516000073,53.08421852400005,Schwachhausen,Barkhof,2017-2
2017-02-01,11,2017,2,5,7,3,5,3,1,1,0,0,0,0,1,1,8.824448715000074,53.08428730700007,Schwachhausen,Barkhof,2017-2
2017-02-01,11,2017,2,5,12,3,5,3,1,0,0,0,0,0,0,1,8.801892374000033,53.06779504100007,Neustadt,Buntentor,2017-2
2017-02-01,11,2017,2,5,14,3,5,3,1,1,0,0,0,0,0,1,8.944847296000034,53.07532684500006,Osterholz,Ellenerbrok-Schevemoor,2017-2
2017-02-01,12,2017,2,4,10,3,3,2,1,1,0,0,0,0,0,1,8.577404727000044,53.55390504600007,Mitte (BHV),Mitte-Nord,2017-2
2017-02-01,11,2017,2,3,19,3,5,2,1,1,0,0,0,0,2,0,8.833577843000057,53.07061818000005,Östliche Vorstadt,Peterswerder,2017-2
2017-02-01,12,2017,2,2,10,3,5,3,1,1,0,0,0,0,0,1,8.638166396000031,53.53490010000007,Schiffdorferdamm,Schiffdorferdamm,2017-2
2017-02-01,12,2017,2,2,16,3,5,3,1,1,0,0,0,0,0,1,8.59097988600007,53.54399514800008,Geestemünde,Geestemünde-Nord,2017-2
2017-02-01,11,2017,2,2,18,3,0,3,1,1,0,0,0,0,1,1,8.791226947000041,53.09515428100008,Walle,Westend,2017-2
2017-02-01,11,2017,2,2,9,2,0,1,1,0,0,0,0,0,0,1,8.82868323100007,53.08523647100003,Schwachhausen,Bürgerpark,2017-2
2017-02-01,11,2017,2,2,16,3,6,4,1,0,1,0,0,0,0,1,8.790031644000067,53.06408673100003,Neustadt,Südervorstadt,2017-2
2017-02-01,11,2017,2,1,19,3,8,6,1,1,0,0,0,0,2,1,8.944457881000062,53.05707214500006,Osterholz,Osterholz,2017-2
2017-02-01,11,2017,2,1,19,3,0,7,1,0,0,0,0,0,2,1,8.802599749000024,53.09747107500005,Findorff,Regensburger Str.,2017-2
2017-02-01,11,2017,2,6,13,3,3,6,1,1,0,0,0,0,0,0,8.847738999000057,53.07873939000007,Schwachhausen,Gete,2017-2
2017-02-01,11,2017,2,5,20,3,5,2,1,1,0,0,0,0,2,0,8.817692283000042,53.05263328600006,Neustadt,Huckelriede,2017-2
2017-02-01,11,2017,2,4,8,3,5,3,1,1,0,0,0,0,0,0,8.579140094000024,53.18338458700004,Blumenthal,Blumenthal,2017-2
2017-02-01,11,2017,2,4,8,3,5,3,1,1,0,0,0,0,0,0,8.822075244000075,53.04092207000008,Obervieland,Kattenturm,2017-2
2017-02-01,11,2017,2,4,16,3,5,3,1,1,0,0,0,0,0,0,8.892270073000077,53.07942376600005,Vahr,Neue Vahr Südwest,2017-2
2017-02-01,11,2017,2,3,13,3,5,3,1,1,0,0,0,0,0,0,8.799475261000055,53.07151457700007,Neustadt,Alte Neustadt,2017-2
2017-02-01,11,2017,2,3,15,3,1,5,1,1,0,0,0,0,0,0,8.822688713000048,53.07432475300004,Mitte,Ostertor,2017-2
2017-02-01,11,2017,2,3,17,3,1,3,1,1,0,0,0,0,2,0,8.78452747800003,53.08476902500007,Walle,Überseestadt,2017-2
2017-02-01,11,2017,2,2,7,3,5,2,1,0,0,0,0,1,0,0,8.800451113000065,53.078795135000064,Mitte,Altstadt,2017-2
2017-02-01,11,2017,2,2,10,3,5,3,1,0,0,0,0,1,0,0,8.880715158000044,53.05590338700006,Hemelingen,Hemelingen,2017-2
2017-02-01,11,2017,2,6,18,3,5,3,1,1,0,0,0,0,2,0,8.802845682000054,53.10137838300005,Findorff,Weidedamm,2017-2
2017-05-01,12,2017,5,3,14,3,5,3,1,1,0,0,0,0,0,0,8.597780962000058,53.58514498200003,Lehe (BHV),Speckenbüttel,2017-5
2017-05-01,12,2017,5,3,11,3,5,2,1,1,0,0,0,0,0,0,8.591173886000036,53.56612086800004,Lehe (BHV),Klushof,2017-5
2017-05-01,11,2017,5,3,9,3,5,3,1,1,0,0,0,0,0,0,8.80151853500007,53.08674130300005,Mitte,Bahnhofsvorstadt,2017-5
2017-05-01,11,2017,5,3,14,3,5,3,1,1,0,0,0,0,0,0,8.731387907000055,53.04794215700008,Huchting,Sodenmatt,2017-5
2017-05-01,11,2017,5,3,12,3,1,5,1,1,0,0,0,0,0,0,8.768469968000034,53.07996304200003,Woltmershausen,Woltmershausen,2017-5
2017-05-01,11,2017,5,2,11,3,0,1,1,0,0,0,0,0,0,1,8.804215761000023,53.08528668800005,Mitte,Bahnhofsvorstadt,2017-5
2017-05-01,11,2017,5,6,15,3,0,6,1,0,0,0,0,1,0,0,8.808490218000031,53.08809114500008,Findorff,Findorff-Bürgerweide,2017-5
2017-05-01,11,2017,5,1,19,3,0,7,1,0,0,0,0,0,0,0,8.789711453000052,53.07901912800003,Neustadt,Alte Neustadt,2017-5
2017-05-01,11,2017,5,6,9,3,0,7,1,0,0,0,0,1,0,1,8.810020337000026,53.09905157700007,Findorff,Weidedamm,2017-5
2017-05-01,11,2017,5,7,14,3,5,3,1,1,0,0,0,0,0,0,8.803844463000075,53.07233677200003,Neustadt,Alte Neustadt,2017-5
2017-05-01,11,2017,5,7,14,3,4,6,1,1,0,0,0,0,0,0,8.90155296100005,53.09344781200008,Horn-Lehe,Horn,2017-5
2017-05-01,11,2017,5,7,3,3,5,2,1,1,0,0,0,0,2,1,8.82318538800007,53.07296488800006,Mitte,Ostertor,2017-5
2017-05-01,11,2017,5,6,13,3,5,2,1,1,0,0,0,0,0,0,8.571907288000034,53.19603744300008,Blumenthal,Blumenthal,2017-5
2017-05-01,11,2017,5,6,7,3,3,6,1,0,0,0,0,0,0,1,8.83562046000003,53.03656967300003,Obervieland,Arsten,2017-5
2017-05-01,11,2017,5,5,16,3,5,3,1,1,0,0,0,0,0,1,8.783136929000023,53.08347077500008,Walle,Überseestadt,2017-5
2017-05-01,11,2017,5,4,10,3,0,7,1,0,0,0,0,0,0,1,8.816484008000032,53.07488646200005,Mitte,Ostertor,2017-5
2017-05-01,11,2017,5,4,17,3,5,2,1,0,0,0,0,0,0,0,8.84789760600006,53.04953916900007,Obervieland,Habenhausen,2017-5
2017-05-01,12,2017,5,3,11,3,5,3,1,1,0,0,0,0,0,0,8.598119367000038,53.53283669600006,Geestemünde,Geestendorf,2017-5
2017-05-01,11,2017,5,3,16,3,5,2,1,0,0,0,0,1,0,0,8.618971965000071,53.18012463500003,Vegesack,Fähr-Lobbendorf,2017-5
2017-05-01,11,2017,5,3,10,3,5,3,1,1,0,0,0,0,0,0,8.923898954000038,53.07296401800005,Osterholz,Ellener Feld,2017-5
2017-05-01,11,2017,5,3,8,3,5,2,1,1,0,0,0,0,0,0,8.792853741000044,53.07352721000007,Neustadt,Alte Neustadt,2017-5
2017-05-01,11,2017,5,3,12,3,3,6,1,1,0,0,0,0,0,0,8.822819827000046,53.04293999500004,Obervieland,Kattenturm,2017-5