Datetime,UKREIS,UJAHR,UMONAT,UWOCHENTAG,USTUNDE,UKATEGORIE,UART,UTYP1,IstRad,IstPKW,IstFuss,IstKrad,IstGkfz,IstSonstig,ULICHTVERH,STRZUSTAND,longitude,latitude,Stadtteil,Ortsteil,Datetime
2017-05-01,11,2017,5,3,14,3,4,6,1,0,0,0,0,0,0,1,8.800077590000058,53.07905311700006,Mitte,Altstadt,2017-5
2017-04-01,12,2017,4,1,18,3,5,3,1,1,0,0,0,0,0,0,8.626398215000052,53.529621098000064,Schiffdorferdamm,Schiffdorferdamm,2017-4
2017-04-01,11,2017,4,7,14,3,5,3,1,1,0,0,0,0,0,0,8.806255864000036,53.08431519800007,Mitte,Bahnhofsvorstadt,2017-4
2017-04-01,11,2017,4,7,21,2,4,6,1,0,0,0,0,0,2,0,8.799542122000048,53.07014515100008,Neustadt,Alte Neustadt,2017-4
2017-04-01,11,2017,4,7,3,3,0,1,1,0,0,0,0,0,2,0,8.798444967000023,53.07737826600004,Mitte,Altstadt,2017-4
2017-04-01,12,2017,4,6,12,2,5,3,1,1,0,0,0,0,0,0,8.590876861000027,53.53353829800005,Geestemünde,Geestendorf,2017-4
2017-04-01,11,2017,4,6,17,3,5,3,1,1,0,0,0,0,0,0,8.894585017000054,53.07945953400008,Vahr,Neue Vahr Südost,2017-4
2017-04-01,11,2017,4,6,20,3,6,4,1,0,1,0,0,0,1,1,8.800680624000051,53.07867807000008,Mitte,Altstadt,2017-4
2017-04-01,11,2017,4,6,21,3,5,2,1,1,0,0,0,0,2,1,8.801830629000051,53.06393065000003,Neustadt,Buntentor,2017-4
2017-04-01,11,2017,4,6,13,3,3,6,1,1,0,0,0,0,0,0,8.796548658000063,53.08114497000008,Mitte,Altstadt,2017-4
2017-04-01,11,2017,4,6,12,3,5,3,1,1,0,0,0,0,0,0,8.862971556000048,53.071448788000055,Hemelingen,Hastedt,2017-4
2017-04-01,11,2017,4,5,17,2,3,2,1,1,0,0,0,0,0,0,8.799432763000027,53.07018014000005,Neustadt,Alte Neustadt,2017-4
2017-04-01,11,2017,4,5,5,3,4,6,1,1,0,0,0,0,1,0,8.864321245000042,53.05236444100007,Obervieland,Habenhausen,2017-4
2017-04-01,11,2017,4,5,18,3,5,3,1,1,0,0,0,0,0,0,8.904496970000025,53.04069874800007,Hemelingen,Hemelingen,2017-4
2017-04-01,11,2017,4,5,18,3,4,6,1,1,0,0,0,0,0,0,8.789774317000024,53.07144554000007,Neustadt,Hohentor,2017-4
2017-04-01,11,2017,4,5,8,3,5,3,1,1,0,0,0,0,0,0,8.791756156000076,53.10397471600004,Walle,Osterfeuerberg,2017-4
2017-04-01,11,2017,4,5,10,1,5,3,1,0,0,0,0,1,0,0,8.790320735000023,53.09628979500008,Walle,Westend,2017-4
2017-04-01,11,2017,4,4,17,3,1,5,1,1,0,0,0,0,0,0,8.839382159000024,53.09619963200004,Schwachhausen,Neu-Schwachhausen,2017-4
2017-04-01,12,2017,4,3,12,2,5,3,1,1,0,0,0,0,0,0,8.612068803000057,53.58743979400003,Leherheide,Leherheide-West,2017-4
2017-04-01,12,2017,4,3,6,3,5,3,1,1,0,0,0,0,1,1,8.598017230000039,53.58513395700004,Lehe (BHV),Schierholz,2017-4
2017-04-01,11,2017,4,3,17,3,5,3,1,0,0,0,0,1,0,0,8.913101563000055,53.043128738000064,Hemelingen,Arbergen,2017-4
2017-04-01,11,2017,4,3,18,3,3,6,1,1,0,0,0,0,0,0,8.830455768000036,53.07157447900005,Östliche Vorstadt,Steintor,2017-4
2017-04-01,11,2017,4,3,12,3,5,3,1,1,0,0,0,0,0,1,8.837129230000073,53.08260690200007,Schwachhausen,Schwachhausen,2017-4
2017-04-01,11,2017,4,2,18,3,5,3,1,1,0,0,0,0,0,1,8.545340975000045,53.19427034000006,Blumenthal,Rönnebeck,2017-4
2017-04-01,11,2017,4,2,9,3,5,2,1,1,0,0,0,0,0,0,8.572745473000055,53.19514655100005,Blumenthal,Blumenthal,2017-4
2017-04-01,11,2017,4,2,10,3,5,3,1,1,0,0,0,0,0,0,8.625825505000023,53.18227358700005,Vegesack,Unbekannt,2017-4
2017-04-01,11,2017,4,2,16,3,5,3,1,1,0,0,0,0,0,1,8.716129042000034,53.17823056600008,Burglesum,Burgdamm,2017-4
2017-04-01,11,2017,4,2,7,3,5,3,1,1,0,0,0,0,0,0,8.870730029000072,53.09127798800006,Schwachhausen,Radio Bremen,2017-4
2017-04-01,12,2017,4,1,22,3,1,1,1,1,0,0,0,0,2,0,8.58212780100007,53.541810732000044,Mitte (BHV),Mitte-Süd,2017-4
2017-04-01,11,2017,4,7,21,3,3,6,1,1,0,0,0,0,1,0,8.838131632000056,53.06777665100003,Östliche Vorstadt,Peterswerder,2017-4
2017-04-01,11,2017,4,7,16,2,0,7,1,0,0,0,0,0,0,1,8.863965919000066,53.09346832700004,Horn-Lehe,Horn,2017-4
2017-04-01,11,2017,4,6,23,2,5,3,1,1,0,0,0,0,2,1,8.853992670000025,53.06610842200007,Hemelingen,Hastedt,2017-4
2017-04-01,11,2017,4,6,10,3,5,3,1,1,0,0,0,0,0,0,8.783286836000059,53.06972004700003,Neustadt,Hohentor,2017-4
2017-04-01,11,2017,4,5,22,2,0,7,1,0,0,0,0,0,2,0,8.734476199000028,53.04738024100004,Huchting,Kirchhuchting,2017-4
2017-04-01,11,2017,4,5,19,3,0,7,1,0,0,0,0,0,0,0,8.784876204000057,53.09737329800004,Walle,Westend,2017-4
2017-04-01,11,2017,4,5,8,3,5,3,1,1,0,0,0,0,0,0,8.762346716000025,53.11235970300004,Gröpelingen,Lindenhof,2017-4
2017-04-01,11,2017,4,4,10,3,3,6,1,0,0,0,0,1,0,0,8.697764388000053,53.17281676300007,Burglesum,Lesum,2017-4
2017-04-01,11,2017,4,4,16,3,1,5,1,1,0,0,0,0,0,0,8.82411852100006,53.07921703400007,Mitte,Ostertor,2017-4
2017-04-01,11,2017,4,4,9,3,5,2,1,1,0,0,0,0,0,0,8.784885471000052,53.10251179200003,Walle,Walle,2017-4
2017-04-01,11,2017,4,4,16,3,0,7,1,0,0,0,0,0,0,0,8.843773186000021,53.07436919700007,Östliche Vorstadt,Hulsberg,2017-4
2017-04-01,11,2017,4,4,7,3,5,3,1,1,0,0,0,0,0,0,8.882060555000066,53.07909741200007,Vahr,Neue Vahr Südwest,2017-4
2017-04-01,12,2017,4,3,18,3,0,7,1,1,0,0,0,0,0,0,8.60731830900005,53.53721334700003,Geestemünde,Bürgerpark (BHV),2017-4
2017-04-01,11,2017,4,3,14,3,4,6,1,0,0,0,0,0,0,0,8.810637292000024,53.06236080000008,Neustadt,Buntentor,2017-4
2017-04-01,11,2017,4,3,7,3,6,4,1,0,1,0,0,0,0,1,8.810684380000055,53.08042223100006,Mitte,Bahnhofsvorstadt,2017-4
2017-04-01,11,2017,4,7,9,3,5,3,1,1,0,0,0,0,0,1,8.757841710000037,53.05835107900003,Huchting,Grolland,2017-4
2017-04-01,11,2017,4,7,11,3,5,3,1,1,0,0,0,0,0,0,8.754153124000027,53.08881024900006,Woltmershausen,Rablinghausen,2017-4
2017-04-01,11,2017,4,6,16,3,0,7,1,1,0,0,0,0,0,0,8.810710802000074,53.08367930400004,Mitte,Bahnhofsvorstadt,2017-4
2017-04-01,11,2017,4,5,18,3,4,6,1,0,0,0,0,0,0,0,8.804149464000034,53.07239225500007,Neustadt,Alte Neustadt,2017-4
2017-04-01,11,2017,4,5,8,3,5,3,1,1,0,0,0,0,0,1,8.882490129000075,53.10965755700005,Horn-Lehe,Lehesterdeich,2017-4
2017-04-01,11,2017,4,4,1,3,1,7,1,1,0,0,0,0,2,1,8.833647464000023,53.07403534500003,Östliche Vorstadt,Fesenfeld,2017-4
2017-04-01,11,2017,4,3,13,3,5,3,1,0,0,0,0,0,0,0,8.758016198000064,53.05783027500007,Huchting,Grolland,2017-4
2017-04-01,11,2017,4,3,9,3,5,3,1,1,0,0,0,0,0,0,8.798966810000024,53.10562814300005,Walle,Hohweg,2017-4
2017-04-01,11,2017,4,2,17,3,5,2,1,1,0,0,0,0,0,0,8.789874318000045,53.071512048000045,Neustadt,Hohentor,2017-4
2017-04-01,11,2017,4,2,15,3,0,1,1,0,0,0,0,0,0,0,8.830296717000067,53.07163151800006,Östliche Vorstadt,Steintor,2017-4
2017-04-01,11,2017,4,2,15,3,5,2,1,1,0,0,0,0,0,0,8.584578079000039,53.18144684200007,Blumenthal,Blumenthal,2017-4
2017-04-01,12,2017,4,1,11,3,0,7,1,0,0,0,0,0,0,0,8.615900774000067,53.58402488400003,Leherheide,Leherheide-West,2017-4
2017-04-01,11,2017,4,1,17,3,5,3,1,1,0,0,0,0,0,0,8.785629269000026,53.07096506800008,Neustadt,Hohentor,2017-4
2017-04-01,11,2017,4,1,16,3,3,6,1,0,0,0,0,0,0,0,8.858998129000042,53.12457241000004,Unbekannt,Blockland,2017-4
2017-04-01,11,2017,4,7,14,3,5,3,1,1,0,0,0,0,0,0,8.740889150000044,53.053034884000056,Huchting,Mittelshuchting,2017-4
2017-04-01,12,2017,4,6,13,3,6,7,1,0,1,0,0,0,0,1,8.581948042000022,53.55281296700008,Lehe (BHV),Klushof,2017-4
2017-04-01,11,2017,4,6,14,3,5,3,1,0,0,0,0,1,0,0,8.797512716000028,53.08042521700003,Mitte,Altstadt,2017-4
2017-04-01,11,2017,4,6,14,3,4,6,1,0,0,0,0,0,0,0,8.542197031000057,53.19028627400007,Blumenthal,Rönnebeck,2017-4
2017-04-01,11,2017,4,6,14,2,5,3,1,1,0,0,0,0,0,0,8.79755625100006,53.06653652900008,Neustadt,Südervorstadt,2017-4
2017-04-01,11,2017,4,6,8,3,5,3,1,1,0,0,0,0,0,0,8.787347314000044,53.07204920200007,Neustadt,Hohentor,2017-4
2017-04-01,12,2017,4,5,11,2,3,6,1,0,0,0,0,1,0,0,8.58883824700007,53.52516447100004,Geestemünde,Geestendorf,2017-4
2017-04-01,11,2017,4,5,14,3,0,7,1,0,0,0,0,0,0,0,8.690915560000064,53.168783217000055,Burglesum,Lesum,2017-4
2017-04-01,11,2017,4,5,12,2,0,7,1,0,0,0,0,0,0,0,8.940395352000053,53.08397070000007,Oberneuland,Unbekannt,2017-4
2017-04-01,11,2017,4,5,18,3,0,1,1,0,0,0,0,0,0,0,8.679819714000075,53.17245644100007,Burglesum,Lesum,2017-4
2017-04-01,11,2017,4,5,16,3,0,1,1,0,0,0,0,0,0,0,8.832042217000037,53.07104316700003,Östliche Vorstadt,Steintor,2017-4
2017-04-01,11,2017,4,5,9,3,6,4,1,0,1,0,0,0,0,0,8.769323847000067,53.11443363800004,Gröpelingen,Gröpelingen,2017-4
2017-04-01,12,2017,4,4,17,3,1,5,1,1,0,0,0,0,0,0,8.598164095000072,53.53301895800007,Geestemünde,Geestendorf,2017-4
2017-04-01,11,2017,4,4,19,3,6,2,1,0,1,0,0,0,0,0,8.804415224000024,53.08075552100007,Mitte,Bahnhofsvorstadt,2017-4
2017-04-01,11,2017,4,4,15,3,5,2,1,1,0,0,0,0,0,0,8.788662188000046,53.09818936000005,Walle,Westend,2017-4
2017-04-01,11,2017,4,4,8,3,5,2,1,0,0,0,0,1,0,0,8.828712860000053,53.072222088000046,Östliche Vorstadt,Steintor,2017-4
2017-04-01,11,2017,4,3,18,3,0,1,1,0,0,0,0,0,0,0,8.822520061000034,53.072884730000055,Mitte,Ostertor,2017-4
2017-04-01,11,2017,4,3,10,3,5,3,1,1,0,0,0,0,0,0,8.818128758000057,53.07772934300005,Mitte,Ostertor,2017-4
2017-04-01,11,2017,4,3,17,3,1,7,1,1,0,0,0,0,0,0,8.571707837000076,53.19619664600003,Blumenthal,Lüssum-Bockhorn,2017-4
2017-04-01,11,2017,4,3,15,3,5,2,1,1,0,0,0,0,0,0,8.819593258000054,53.07576810400008,Mitte,Ostertor,2017-4
2017-04-01,11,2017,4,3,18,3,5,3,1,1,0,0,0,0,0,0,8.823559353000064,53.044149696000034,Obervieland,Kattenturm,2017-4
2017-04-01,11,2017,4,3,15,3,5,3,1,1,0,0,0,0,0,0,8.818580079000071,53.05169326100008,Neustadt,Huckelriede,2017-4
2017-04-01,12,2017,4,2,13,3,5,3,1,1,0,0,0,0,0,0,8.593298680000032,53.55939167100007,Lehe (BHV),Klushof,2017-4
2017-04-01,11,2017,4,2,14,3,5,3,1,0,0,0,0,0,0,0,8.793098041000064,53.06674440300003,Neustadt,Neustadt,2017-4
2017-04-01,11,2017,4,2,12,2,0,1,1,0,0,0,0,0,0,0,8.73938247500007,53.13451431200008,Gröpelingen,Oslebshausen,2017-4
2017-04-01,11,2017,4,2,11,3,5,3,1,1,0,0,0,0,0,0,8.901089459000048,53.089328427000055,Oberneuland,Unbekannt,2017-4
2017-04-01,11,2017,4,2,14,3,5,2,1,1,0,0,0,0,0,0,8.867988987000047,53.07293794800006,Hemelingen,Hastedt,2017-4
2017-04-01,11,2017,4,2,22,3,5,2,1,0,0,0,0,0,2,0,8.873034688000075,53.10065777300008,Horn-Lehe,Lehe,2017-4
2017-04-01,11,2017,4,1,15,3,0,3,1,0,0,0,0,1,0,0,8.779377347000036,53.10017318300004,Walle,Walle,2017-4
2017-04-01,11,2017,4,7,14,3,0,1,1,0,0,0,0,0,0,0,8.81187170800007,53.08185457900004,Mitte,Bahnhofsvorstadt,2017-4
2017-03-01,11,2017,3,6,22,3,1,7,1,1,0,0,0,0,2,0,8.837238529000047,53.06960027100007,Östliche Vorstadt,Peterswerder,2017-3
2017-03-01,11,2017,3,6,15,3,5,2,1,1,0,0,0,0,0,0,8.807286850000025,53.08213910200004,Mitte,Bahnhofsvorstadt,2017-3
2017-03-01,11,2017,3,6,12,3,5,2,1,1,0,0,0,0,0,0,8.736937128000022,53.047447645000034,Huchting,Kirchhuchting,2017-3
2017-03-01,11,2017,3,6,12,3,5,3,1,0,0,0,0,0,0,0,8.774752453000076,53.10798204600008,Walle,Walle,2017-3
2017-03-01,11,2017,3,6,16,3,5,3,1,1,0,0,0,0,0,0,8.760935286000063,53.12355843800003,Gröpelingen,Ohlenhof,2017-3
2017-03-01,12,2017,3,5,18,2,6,7,1,0,1,0,0,0,0,0,8.595101561000035,53.53033209100005,Geestemünde,Geestendorf,2017-3
2017-03-01,11,2017,3,5,15,2,6,4,1,0,1,0,0,0,0,0,8.786012442000072,53.099343746000045,Walle,Westend,2017-3
2017-03-01,11,2017,3,5,4,2,0,7,1,0,0,0,0,0,2,1,8.884662830000025,53.07896277700007,Vahr,Neue Vahr Südwest,2017-3
2017-03-01,11,2017,3,5,12,3,0,1,1,0,0,0,0,0,0,0,8.807670651000024,53.07578002100007,Mitte,Altstadt,2017-3
2017-03-01,11,2017,3,5,18,3,1,5,1,1,0,0,0,0,0,0,8.936632574000043,53.038336377000064,Hemelingen,Mahndorf,2017-3
2017-03-01,12,2017,3,4,7,3,5,3,1,1,0,0,0,0,0,1,8.604313776000026,53.58794640200006,Leherheide,Königsheide,2017-3
2017-03-01,11,2017,3,4,17,3,3,2,1,1,0,0,0,0,0,1,8.603954423000062,53.18462770100007,Vegesack,Unbekannt,2017-3
2017-03-01,11,2017,3,4,12,3,5,2,1,1,0,0,0,0,0,1,8.837390064000033,53.03784418600003,Obervieland,Arsten,2017-3
2017-03-01,11,2017,3,4,5,3,0,1,1,0,0,0,0,0,2,1,8.791488336000043,53.07477273100005,Neustadt,Alte Neustadt,2017-3
2017-03-01,11,2017,3,4,0,3,1,1,1,1,0,0,0,0,2,0,8.611722728000075,53.18334242500004,Vegesack,Fähr-Lobbendorf,2017-3
2017-03-01,12,2017,3,3,17,3,1,3,1,1,0,0,0,0,0,0,8.585884909000072,53.55925165800005,Lehe (BHV),Klushof,2017-3
2017-03-01,11,2017,3,3,14,3,3,6,1,1,0,0,0,0,0,0,8.760789541000065,53.11512782900007,Gröpelingen,Gröpelingen,2017-3
2017-03-01,11,2017,3,3,15,3,3,5,1,1,0,0,0,0,0,0,8.779760105000037,53.09967866700004,Walle,Walle,2017-3
2017-03-01,11,2017,3,3,13,3,5,3,1,1,0,0,0,0,0,0,8.83833721800005,53.08139889700004,Schwachhausen,Gete,2017-3
2017-03-01,11,2017,3,3,22,3,0,1,1,0,0,0,0,0,2,0,8.877716766000049,53.08019217600008,Vahr,Neue Vahr Südwest,2017-3
2017-03-01,11,2017,3,3,16,2,0,1,1,1,0,0,0,0,0,0,8.87880414600005,53.11227233300008,Horn-Lehe,Lehesterdeich,2017-3
2017-03-01,11,2017,3,2,17,2,4,6,1,0,0,0,0,0,0,0,8.80521081300003,53.07302722100008,Mitte,Altstadt,2017-3
2017-03-01,11,2017,3,2,19,3,1,5,1,1,0,0,0,0,1,0,8.835890995000057,53.074158339000064,Östliche Vorstadt,Fesenfeld,2017-3
2017-05-01,11,2017,5,3,11,3,6,4,1,0,1,0,0,0,0,0,8.625758294000036,53.17253707900005,Vegesack,Vegesack,2017-5
2017-03-01,11,2017,3,2,6,3,5,2,1,1,0,0,0,0,0,0,8.788008577000028,53.06296183500007,Neustadt,Neustadt,2017-3
2017-03-01,11,2017,3,2,12,3,5,2,1,0,0,0,0,1,0,0,8.808220049000056,53.09459692100006,Findorff,Findorff-Bürgerweide,2017-3
2017-06-01,11,2017,6,3,13,3,5,3,1,1,0,0,0,0,0,0,8.713841629000058,53.17071829400004,Burglesum,Burgdamm,2017-6
2017-06-01,11,2017,6,3,20,3,3,2,1,1,0,0,0,0,0,0,8.791066435000062,53.09144159800008,Walle,Utbremen,2017-6
2017-06-01,11,2017,6,3,12,2,0,7,1,0,0,0,0,0,0,0,8.800409005000063,53.08445046600008,Mitte,Bahnhofsvorstadt,2017-6
2017-06-01,11,2017,6,3,16,2,6,4,1,0,1,0,0,0,0,0,8.797270450000042,53.08071420800008,Mitte,Altstadt,2017-6
2017-06-01,11,2017,6,2,9,3,5,3,1,1,0,0,0,0,0,0,8.640013009000029,53.17456489200004,Vegesack,Schönebeck,2017-6
2017-06-01,11,2017,6,2,14,3,5,2,1,1,0,0,0,0,0,0,8.80676111200006,53.08171886000008,Mitte,Bahnhofsvorstadt,2017-6
2017-06-01,11,2017,6,2,9,3,5,2,1,0,0,0,0,1,0,0,8.788164551000023,53.07647768100003,Neustadt,Alte Neustadt,2017-6
2017-06-01,11,2017,6,2,16,3,5,3,1,1,0,0,0,0,0,1,8.583551140000054,53.214329709000026,Blumenthal,Lüssum-Bockhorn,2017-6
2017-06-01,11,2017,6,1,14,3,0,1,1,0,0,0,0,0,0,0,8.782189667000068,53.12344179600007,Walle,Hohweg,2017-6
2017-06-01,11,2017,6,1,15,3,3,6,1,0,0,0,0,0,0,0,8.664779182000075,53.12134350200006,Unbekannt,Seehausen,2017-6
2017-06-01,11,2017,6,1,14,2,1,5,1,1,0,0,0,0,0,0,8.852099847000034,53.087650532000055,Schwachhausen,Riensberg,2017-6
2017-06-01,11,2017,6,7,10,2,5,3,1,1,0,0,0,0,0,0,8.80743846200005,53.09438190200007,Findorff,Regensburger Str.,2017-6
2017-06-01,11,2017,6,7,0,2,0,1,1,0,0,0,0,0,2,0,8.800196847000052,53.080355610000026,Mitte,Altstadt,2017-6
2017-06-01,11,2017,6,6,13,3,5,3,1,1,0,0,0,0,0,0,8.78412395600003,53.08949350700004,Walle,Überseestadt,2017-6
2017-06-01,11,2017,6,6,14,3,5,3,1,1,0,0,0,0,0,1,8.735153515000036,53.04400077700007,Huchting,Kirchhuchting,2017-6
2017-06-01,11,2017,6,6,15,2,4,7,1,0,0,0,0,0,0,1,8.853514636000057,53.08714015100003,Schwachhausen,Radio Bremen,2017-6
2017-06-01,11,2017,6,6,15,3,1,7,1,1,0,0,0,0,0,1,8.807120879000024,53.06021317600005,Neustadt,Huckelriede,2017-6
2017-06-01,12,2017,6,5,7,3,5,3,1,1,0,0,0,0,0,0,8.58837896500006,53.56651276800005,Lehe (BHV),Klushof,2017-6
2017-06-01,11,2017,6,5,8,3,5,2,1,1,0,0,0,0,0,0,8.879470980000065,53.10138436600005,Horn-Lehe,Lehe,2017-6
2017-06-01,11,2017,6,5,13,3,5,3,1,1,0,0,0,0,0,0,8.765315069000053,53.11040253500005,Gröpelingen,Lindenhof,2017-6
2017-06-01,11,2017,6,5,15,3,5,3,1,1,0,0,0,0,0,0,8.841374421000069,53.09265942800005,Schwachhausen,Neu-Schwachhausen,2017-6
2017-06-01,11,2017,6,5,12,3,5,3,1,1,0,0,0,0,0,0,8.842758683000056,53.07229089100008,Östliche Vorstadt,Peterswerder,2017-6
2017-06-01,12,2017,6,4,13,3,5,3,1,0,0,0,0,1,0,1,8.590794966000033,53.54069990000005,Geestemünde,Geestemünde-Nord,2017-6
2017-06-01,12,2017,6,4,12,2,5,2,1,1,0,0,0,0,0,1,8.598065535000046,53.58514746600008,Lehe (BHV),Schierholz,2017-6
2017-06-01,12,2017,6,4,16,3,3,2,1,1,0,0,0,0,0,1,8.58521309200006,53.557433521000064,Lehe (BHV),Klushof,2017-6
2017-06-01,12,2017,6,4,15,3,5,3,1,1,0,0,0,0,0,1,8.597916013000031,53.53342564100007,Geestemünde,Geestendorf,2017-6
2017-06-01,11,2017,6,4,13,3,5,2,1,1,0,0,0,0,0,1,8.852325333000067,53.08599152700003,Schwachhausen,Radio Bremen,2017-6
2017-06-01,11,2017,6,4,9,3,5,3,1,1,0,0,0,0,0,0,8.87566146200004,53.08249430400008,Schwachhausen,Radio Bremen,2017-6
2017-06-01,11,2017,6,4,10,3,5,2,1,1,0,0,0,0,0,1,8.704403060000061,53.15565259100004,Burglesum,Burg-Grambke,2017-6
2017-06-01,11,2017,6,4,16,3,5,3,1,0,0,0,0,0,0,0,8.803160899000034,53.08464130600004,Mitte,Bahnhofsvorstadt,2017-6
2017-06-01,11,2017,6,4,9,3,5,3,1,1,0,0,0,0,0,0,8.72262478700003,53.04414258100008,Huchting,Sodenmatt,2017-6
2017-06-01,11,2017,6,4,5,3,5,3,1,1,0,0,0,0,1,0,8.837340896000057,53.076836411000045,Östliche Vorstadt,Fesenfeld,2017-6
2017-06-01,11,2017,6,4,15,3,5,3,1,1,0,0,0,0,0,1,8.878352611000025,53.07951989300005,Vahr,Neue Vahr Südwest,2017-6
2017-06-01,12,2017,6,3,18,3,5,3,1,1,0,0,0,0,0,0,8.600203682000028,53.52876894000008,Geestemünde,Geestendorf,2017-6
2017-06-01,11,2017,6,3,6,3,5,3,1,1,0,0,0,0,0,0,8.85659277600007,53.071372491000034,Hemelingen,Hastedt,2017-6
2017-06-01,11,2017,6,3,15,3,1,5,1,1,0,0,0,0,0,1,8.857379326000057,53.10893305600007,Horn-Lehe,Lehe,2017-6
2017-06-01,12,2017,6,2,14,3,5,3,1,1,0,0,0,0,0,0,8.582663655000033,53.544173252000064,Mitte (BHV),Mitte-Süd,2017-6
2017-06-01,12,2017,6,2,14,2,0,7,1,0,0,0,0,0,0,0,8.59759568100003,53.54600365800008,Geestemünde,Bürgerpark (BHV),2017-6
2017-06-01,11,2017,6,2,20,2,0,7,1,0,0,0,0,0,0,0,8.80722449500007,53.07056035400007,Neustadt,Alte Neustadt,2017-6
2017-06-01,12,2017,6,1,21,2,0,7,1,0,0,0,0,0,1,0,8.554895488000057,53.57851243100004,Häfen (BHV),Stadtbremisches Überseehafengebiet Bremerhaven,2017-6
2017-06-01,11,2017,6,1,11,3,0,3,1,1,0,0,0,0,0,0,8.720238589000076,53.03918299700007,Unbekannt,Unbekannt,2017-6
2017-06-01,12,2017,6,7,0,3,0,1,1,0,0,0,0,0,2,0,8.602855159000057,53.57034213500003,Lehe (BHV),Schierholz,2017-6
2017-06-01,12,2017,6,7,10,3,4,6,1,1,0,0,0,0,0,0,8.593666469000027,53.56577601000004,Lehe (BHV),Klushof,2017-6
2017-06-01,11,2017,6,7,0,2,8,7,1,0,0,0,0,0,2,0,8.86378860900004,53.08229261500003,Vahr,Gartenstadt Vahr,2017-6
2017-06-01,11,2017,6,7,1,3,0,7,1,0,0,0,0,0,2,0,8.872215544000028,53.08051540300005,Vahr,Gartenstadt Vahr,2017-6
2017-06-01,12,2017,6,6,12,3,5,3,1,1,0,0,0,0,0,0,8.574872721000077,53.56055102400006,Lehe (BHV),Goethestrasse,2017-6
2017-06-01,12,2017,6,6,7,3,0,7,1,1,0,0,0,0,0,0,8.576764249000064,53.55233069800005,Mitte (BHV),Mitte-Nord,2017-6
2017-06-01,11,2017,6,6,15,3,5,3,1,1,0,0,0,0,0,0,8.78319543200007,53.08346699200007,Walle,Überseestadt,2017-6
2017-06-01,11,2017,6,6,16,3,4,6,1,0,0,0,0,0,0,0,8.82361293200006,53.07173710200004,Mitte,Ostertor,2017-6
2017-06-01,11,2017,6,6,16,2,4,6,1,0,0,0,0,0,0,0,8.83631573100007,53.09843402200005,Schwachhausen,Neu-Schwachhausen,2017-6
2017-06-01,11,2017,6,6,12,2,5,3,1,1,0,0,0,0,0,0,8.890564201000075,53.10891354200004,Horn-Lehe,Lehesterdeich,2017-6
2017-06-01,11,2017,6,6,10,3,5,3,1,1,0,0,0,0,0,0,8.890905534000069,53.08144239500007,Vahr,Neue Vahr Südwest,2017-6
2017-06-01,11,2017,6,5,14,3,4,6,1,0,0,0,0,0,0,0,8.890677846000074,53.08259832700003,Vahr,Neue Vahr Nord,2017-6
2017-06-01,11,2017,6,5,19,3,3,6,1,1,0,0,0,0,0,0,8.833582389000071,53.07982162700006,Schwachhausen,Gete,2017-6
2017-06-01,11,2017,6,5,17,3,5,3,1,1,0,0,0,0,0,0,8.739489175000074,53.05502088100008,Huchting,Mittelshuchting,2017-6
2017-06-01,11,2017,6,5,21,3,0,7,1,0,0,0,0,0,0,0,8.768684671000074,53.08321263700003,Woltmershausen,Woltmershausen,2017-6
2017-06-01,11,2017,6,5,11,3,0,1,1,0,0,0,0,0,0,0,8.871929824000063,53.09150510900008,Horn-Lehe,Horn,2017-6
2017-06-01,11,2017,6,5,10,3,5,7,1,1,0,0,0,0,0,0,8.605366606000075,53.17659919700003,Vegesack,Fähr-Lobbendorf,2017-6
2017-06-01,11,2017,6,5,7,3,6,4,1,0,1,0,0,0,0,0,8.788544559000059,53.07707545800008,Neustadt,Alte Neustadt,2017-6
2017-05-01,11,2017,5,4,16,3,4,6,1,0,0,0,0,0,0,0,8.899526265000077,53.09138879300008,Horn-Lehe,Horn,2017-5
2017-05-01,11,2017,5,4,15,3,5,2,1,1,0,0,0,0,0,0,8.886285014000066,53.07154548100005,Hemelingen,Sebaldsbrück,2017-5
2017-05-01,11,2017,5,4,19,3,6,7,1,0,1,0,0,0,0,0,8.823236398000063,53.076328509000064,Mitte,Ostertor,2017-5
2017-05-01,11,2017,5,4,18,3,1,1,1,1,0,0,0,0,0,0,8.855722187000026,53.070569601000045,Östliche Vorstadt,Hulsberg,2017-5
2017-05-01,11,2017,5,4,16,3,0,1,1,0,0,0,0,0,0,0,8.702730041000052,53.16832903000005,Burglesum,Burgdamm,2017-5
2017-05-01,11,2017,5,4,20,2,0,7,1,0,0,0,0,0,0,0,8.870062573000041,53.09713211300004,Horn-Lehe,Horn,2017-5
2017-05-01,11,2017,5,4,19,3,5,3,1,0,0,1,0,0,0,0,8.803402541000025,53.08032040300003,Mitte,Altstadt,2017-5
2017-05-01,11,2017,5,3,15,3,4,1,1,0,0,0,0,0,0,1,8.755725096000049,53.11885837900007,Gröpelingen,Ohlenhof,2017-5
2017-05-01,11,2017,5,3,17,3,0,7,1,0,0,0,0,0,0,0,8.835161653000057,53.09141753700004,Schwachhausen,Neu-Schwachhausen,2017-5