Datetime,UKREIS,UJAHR,UMONAT,UWOCHENTAG,USTUNDE,UKATEGORIE,UART,UTYP1,IstRad,IstPKW,IstFuss,IstKrad,IstGkfz,IstSonstig,ULICHTVERH,STRZUSTAND,longitude,latitude,Stadtteil,Ortsteil,Datetime
2017-12-01,12,2017,12,3,17,3,5,3,1,1,0,0,0,0,2,1,8.582226002000027,53.55336656700007,Lehe (BHV),Goethestrasse,2017-12
2017-12-01,12,2017,12,5,13,3,5,3,1,1,0,0,0,0,0,0,8.627671595000038,53.53069564500004,Schiffdorferdamm,Schiffdorferdamm,2017-12
2017-11-01,11,2017,11,6,5,3,5,3,1,1,0,0,0,0,2,1,8.713831030000051,53.14013877500008,Burglesum,Burg-Grambke,2017-11
2017-11-01,11,2017,11,6,16,3,3,6,1,0,0,0,0,0,1,0,8.832294026000056,53.07420574200006,Östliche Vorstadt,Steintor,2017-11
2017-12-01,11,2017,12,1,0,3,1,5,1,1,0,0,0,0,2,1,8.809452969000063,53.06322354800005,Neustadt,Buntentor,2017-12
2017-12-01,11,2017,12,2,17,3,4,6,1,0,0,0,0,0,2,1,8.740210010000055,53.05144694500007,Huchting,Kirchhuchting,2017-12
2017-12-01,11,2017,12,3,8,3,5,2,1,0,0,0,0,1,0,1,8.802039042000047,53.09457465400004,Findorff,Regensburger Str.,2017-12
2017-12-01,11,2017,12,5,1,3,9,1,1,0,0,0,0,0,2,1,8.809194638000065,53.09900530900006,Findorff,Weidedamm,2017-12
2017-11-01,11,2017,11,5,18,3,5,3,1,1,0,0,0,0,2,1,8.809510351000029,53.05119409500003,Neustadt,Huckelriede,2017-11
2017-11-01,11,2017,11,5,15,3,5,3,1,1,0,0,0,0,0,1,8.899204807000046,53.05319521700005,Hemelingen,Hemelingen,2017-11
2017-11-01,11,2017,11,5,10,3,3,6,1,0,0,0,0,0,0,1,8.809341676000031,53.09926249900008,Findorff,Weidedamm,2017-11
2017-11-01,11,2017,11,5,18,3,0,7,1,1,0,0,0,0,2,0,8.75618938200006,53.11387975700006,Gröpelingen,Lindenhof,2017-11
2017-12-01,11,2017,12,3,22,3,5,3,1,1,0,0,0,1,2,0,8.824395739000067,53.08437781000004,Schwachhausen,Barkhof,2017-12
2017-12-01,12,2017,12,5,15,3,5,3,1,1,0,0,0,0,0,1,8.598480202000076,53.51540526800005,Wulsdorf,Dreibergen,2017-12
2017-11-01,11,2017,11,5,17,3,1,5,1,1,0,0,0,0,2,0,8.786836243000039,53.08266516500004,Walle,Überseestadt,2017-11
2017-11-01,11,2017,11,5,17,3,1,5,1,1,0,0,0,0,0,1,8.856483445000038,53.088827879000064,Schwachhausen,Radio Bremen,2017-11
2017-12-01,12,2017,12,3,8,3,5,3,1,1,0,0,0,0,0,1,8.586315858000034,53.53706094700004,Geestemünde,Geestemünde-Nord,2017-12
2017-11-01,11,2017,11,7,15,3,5,2,1,1,0,0,0,0,0,0,8.626251385000046,53.18384092600007,Vegesack,Unbekannt,2017-11
2017-11-01,11,2017,11,7,8,3,5,3,1,1,0,0,0,0,0,0,8.941781357000025,53.03808147200005,Hemelingen,Mahndorf,2017-11
2017-12-01,11,2017,12,6,9,3,0,7,1,0,0,0,0,0,0,1,8.79686838300006,53.09466945400004,Findorff,Regensburger Str.,2017-12
2017-12-01,11,2017,12,1,17,3,5,3,1,1,0,0,0,0,2,1,8.816537409000034,53.08409305900005,Findorff,Findorff-Bürgerweide,2017-12
2017-11-01,12,2017,11,4,7,3,5,2,1,1,0,0,0,0,2,0,8.546679864000055,53.58114595100005,Häfen (BHV),Stadtbremisches Überseehafengebiet Bremerhaven,2017-11
2017-12-01,11,2017,12,4,19,2,4,6,1,0,0,0,0,0,2,1,8.805740832000026,53.07329399600008,Mitte,Altstadt,2017-12
2017-11-01,12,2017,11,4,9,3,0,7,1,0,0,0,0,1,0,1,8.611112483000056,53.50373798600003,Wulsdorf,Jedutenberg,2017-11
2017-12-01,11,2017,12,3,9,3,5,3,1,1,0,0,0,0,0,0,8.874516345000075,53.06097997200004,Hemelingen,Hastedt,2017-12
2017-12-01,11,2017,12,4,6,3,5,3,1,1,0,0,0,0,2,0,8.785021353000047,53.08866613300006,Walle,Überseestadt,2017-12
2017-11-01,12,2017,11,6,11,2,5,7,1,1,0,0,0,0,0,1,8.587216338000076,53.53949673700004,Geestemünde,Geestemünde-Nord,2017-11
2017-11-01,11,2017,11,6,8,3,5,2,1,1,0,0,0,0,1,1,8.805246497000041,53.08374317000005,Mitte,Bahnhofsvorstadt,2017-11
2017-11-01,11,2017,11,6,16,3,5,2,1,1,0,0,0,0,0,0,8.861718151000048,53.10282246400004,Horn-Lehe,Lehe,2017-11
2017-12-01,11,2017,12,6,8,3,4,6,1,0,0,0,0,0,2,1,8.852178581000032,53.02664847300008,Obervieland,Arsten,2017-12
2017-11-01,11,2017,11,6,13,3,5,3,1,1,0,0,0,0,0,0,8.801644186000033,53.07145208900005,Neustadt,Alte Neustadt,2017-11
2017-12-01,12,2017,12,7,11,2,5,3,1,1,0,0,0,0,0,1,8.607594121000034,53.53525374800006,Geestemünde,Bürgerpark (BHV),2017-12
2017-12-01,12,2017,12,6,9,3,3,2,1,0,0,0,0,1,0,0,8.592126045000043,53.57463837200004,Lehe (BHV),Eckernfeld,2017-12
2017-11-01,11,2017,11,4,5,3,5,3,1,1,0,0,0,0,2,1,8.91412279800005,53.06529975500007,Hemelingen,Sebaldsbrück,2017-11
2017-12-01,11,2017,12,3,7,3,5,3,1,1,0,0,0,0,1,0,8.69526607000006,53.16875825500006,Burglesum,Lesum,2017-12
2017-12-01,11,2017,12,5,7,3,5,3,1,1,0,0,0,0,1,1,8.788735185000064,53.07283781500007,Neustadt,Alte Neustadt,2017-12
2017-11-01,11,2017,11,6,14,3,5,3,1,1,0,0,0,0,0,1,8.820232073000057,53.08400672400006,Schwachhausen,Barkhof,2017-11
2017-12-01,11,2017,12,6,22,2,5,3,1,1,0,0,0,0,2,1,8.825029785000027,53.08419345100003,Schwachhausen,Barkhof,2017-12
2017-11-01,11,2017,11,6,7,3,5,3,1,1,0,0,0,0,0,1,8.818101093000053,53.07772325500008,Mitte,Ostertor,2017-11
2017-11-01,11,2017,11,6,7,3,5,3,1,1,0,0,0,0,2,1,8.81814173500004,53.07773219800004,Mitte,Ostertor,2017-11
2017-12-01,11,2017,12,6,17,3,5,3,1,1,0,0,0,0,2,1,8.73569320100006,53.04431016800004,Huchting,Kirchhuchting,2017-12
2017-12-01,11,2017,12,4,11,3,5,3,1,1,0,0,0,0,0,2,8.628688201000045,53.17778804800008,Vegesack,Vegesack,2017-12
2017-11-01,11,2017,11,3,18,2,0,1,1,0,0,0,0,0,2,1,8.831992072000048,53.07105786900007,Östliche Vorstadt,Steintor,2017-11
2017-11-01,11,2017,11,3,9,3,5,3,1,1,0,0,0,0,0,0,8.808042956000065,53.09971948900005,Findorff,Weidedamm,2017-11
2017-12-01,11,2017,12,2,17,3,5,3,1,0,0,0,0,1,2,0,8.80384166400006,53.07233525500004,Neustadt,Alte Neustadt,2017-12
2017-11-01,11,2017,11,3,17,3,0,7,1,0,0,0,0,0,2,1,8.800651669000047,53.07860902900006,Mitte,Altstadt,2017-11
2017-11-01,11,2017,11,6,15,3,5,3,1,1,0,0,0,0,0,0,8.838224054000023,53.06773422300006,Östliche Vorstadt,Peterswerder,2017-11
2017-12-01,11,2017,12,5,9,3,0,1,1,0,0,0,0,0,0,0,8.798210115000074,53.08010690000003,Mitte,Altstadt,2017-12
2017-11-01,12,2017,11,5,13,3,0,7,1,0,0,0,0,0,0,1,8.591585639000073,53.53928771600005,Geestemünde,Geestemünde-Nord,2017-11
2017-12-01,11,2017,12,5,10,3,0,7,1,1,0,0,0,0,0,0,8.638064478000047,53.18174618400008,Vegesack,Schönebeck,2017-12
2017-12-01,11,2017,12,1,16,3,0,1,1,0,0,0,0,0,0,1,8.869343221000065,53.06701102900007,Hemelingen,Hastedt,2017-12
2017-11-01,12,2017,11,5,10,3,5,2,1,1,0,0,0,0,0,0,8.609245611000063,53.59028526600008,Leherheide,Leherheide-West,2017-11
2017-12-01,11,2017,12,4,20,3,0,7,1,1,0,0,0,0,2,1,8.84523762300006,53.09095695700006,Schwachhausen,Neu-Schwachhausen,2017-12
2017-11-01,11,2017,11,3,10,3,5,3,1,1,0,0,0,0,0,0,8.861946100000068,53.07169002800004,Hemelingen,Hastedt,2017-11
2017-12-01,11,2017,12,7,19,3,0,1,1,1,0,0,0,0,2,1,8.802579066000021,53.07978933300007,Mitte,Altstadt,2017-12
2017-11-01,11,2017,11,5,16,3,3,2,1,1,0,0,0,0,1,1,8.79103464700006,53.09549500700007,Walle,Westend,2017-11
2017-11-01,11,2017,11,5,11,3,5,2,1,1,0,0,0,0,0,1,8.523865490000048,53.20449567600008,Blumenthal,Farge,2017-11
2017-11-01,12,2017,11,2,15,3,2,6,1,1,0,0,0,0,0,0,8.609423370000059,53.50812914600005,Wulsdorf,Dreibergen,2017-11
2017-11-01,11,2017,11,5,13,3,5,3,1,1,0,0,0,0,0,0,8.799825069000065,53.07006730500007,Neustadt,Alte Neustadt,2017-11
2017-12-01,11,2017,12,3,13,3,5,2,1,1,0,0,0,0,0,1,8.853693604000057,53.08249046900005,Schwachhausen,Gete,2017-12
2017-12-01,11,2017,12,4,16,3,5,3,1,1,0,0,0,0,1,1,8.896714967000037,53.11838583800005,Horn-Lehe,Lehesterdeich,2017-12
2017-11-01,11,2017,11,5,11,3,5,2,1,1,0,0,0,0,0,0,8.810927752000055,53.092546319000064,Findorff,Weidedamm,2017-11
2017-12-01,11,2017,12,5,10,3,5,3,1,1,0,0,0,0,0,1,8.81555012900003,53.05153460800005,Neustadt,Huckelriede,2017-12
2017-11-01,11,2017,11,5,11,3,5,2,1,1,0,0,0,0,0,1,8.909169463000069,53.056415816000026,Hemelingen,Sebaldsbrück,2017-11
2017-12-01,11,2017,12,6,13,3,5,3,1,1,0,0,0,0,0,1,8.794901883000023,53.09393821000003,Walle,Utbremen,2017-12
2017-11-01,11,2017,11,2,13,3,5,2,1,1,0,0,0,0,2,0,8.73910337600006,53.13519000200006,Gröpelingen,Oslebshausen,2017-11
2017-12-01,11,2017,12,3,13,3,6,4,1,0,1,0,0,0,0,1,8.80921623100005,53.07885221800007,Mitte,Altstadt,2017-12
2017-12-01,11,2017,12,5,7,2,1,5,1,0,0,0,0,1,2,1,8.870342063000066,53.127963883000064,Horn-Lehe,Lehesterdeich,2017-12
2017-11-01,11,2017,11,2,14,3,6,4,1,0,1,0,0,0,0,0,8.80749826500005,53.07411766500008,Mitte,Altstadt,2017-11
2017-11-01,11,2017,11,4,6,3,2,6,1,1,0,0,0,0,2,1,8.599750921000066,53.17781547000004,Vegesack,Fähr-Lobbendorf,2017-11
2017-11-01,11,2017,11,2,17,3,5,3,1,1,0,0,0,0,2,0,8.885493112000063,53.11001487500005,Horn-Lehe,Lehesterdeich,2017-11
2017-11-01,11,2017,11,4,6,2,0,7,1,0,0,0,0,0,2,1,8.87491732500007,53.08319024000008,Schwachhausen,Radio Bremen,2017-11
2017-11-01,12,2017,11,3,14,3,5,3,1,1,0,0,0,0,0,1,8.574409629000058,53.54967375900003,Mitte (BHV),Mitte-Nord,2017-11
2017-12-01,11,2017,12,5,17,3,0,6,1,1,0,0,0,0,2,1,8.613441758000022,53.18925330700006,Vegesack,Unbekannt,2017-12
2018-07-01,11,2018,7,2,12,3,5,2,1,1,0,0,0,0,0,0,8.799593839000067,53.05508488000004,Neustadt,Neuenland,2018-7
2018-08-01,11,2018,8,2,7,3,0,7,1,0,0,0,0,0,0,0,8.747443366000027,53.05357067300008,Huchting,Kirchhuchting,2018-8
2018-07-01,11,2018,7,2,7,3,5,3,1,0,0,1,0,0,0,0,8.79044381400007,53.06108419500004,Neustadt,Südervorstadt,2018-7
2018-07-01,11,2018,7,5,12,3,5,3,1,1,0,0,0,0,0,0,8.803160795000053,53.053338291000046,Neustadt,Huckelriede,2018-7
2018-05-01,11,2018,5,3,12,3,0,7,1,0,0,0,0,0,0,0,8.819362975000047,53.04844100300005,Neustadt,Huckelriede,2018-5
2018-01-01,11,2018,1,2,16,3,3,6,1,1,0,0,0,0,0,1,8.873230337000052,53.10137267200008,Horn-Lehe,Lehe,2018-1
2018-01-01,12,2018,1,4,7,3,0,7,1,0,0,0,0,0,1,1,8.604579217000037,53.58231377200008,Lehe (BHV),Schierholz,2018-1
2018-01-01,11,2018,1,5,18,3,5,3,1,1,0,0,0,0,2,1,8.79914248600005,53.08399500300004,Mitte,Bahnhofsvorstadt,2018-1
2018-01-01,11,2018,1,2,18,3,5,2,1,1,0,0,0,0,2,0,8.837391108000077,53.03784281900005,Obervieland,Arsten,2018-1
2018-01-01,11,2018,1,3,15,3,5,2,1,1,0,0,0,0,0,0,8.788800277000064,53.09803745000005,Walle,Westend,2018-1
2018-01-01,11,2018,1,6,6,3,5,3,1,1,0,0,0,0,2,2,8.899956749000069,53.12368824500004,Unbekannt,Borgfeld,2018-1
2018-01-01,11,2018,1,3,14,3,5,3,1,0,0,0,0,1,0,0,8.803400095000029,53.080321008000055,Mitte,Altstadt,2018-1
2018-01-01,11,2018,1,6,12,3,0,7,1,0,0,0,0,0,0,1,8.803863293000063,53.08519151500008,Mitte,Bahnhofsvorstadt,2018-1
2018-01-01,11,2018,1,2,8,3,1,5,1,1,0,0,0,0,0,1,8.839142906000063,53.07118843800004,Östliche Vorstadt,Peterswerder,2018-1
2018-01-01,12,2018,1,5,16,3,6,4,1,0,1,0,0,0,0,1,8.586122705000037,53.56140261600007,Lehe (BHV),Twischkamp,2018-1
2018-01-01,11,2018,1,2,22,2,6,6,1,0,1,0,0,0,2,1,8.946098919000065,53.06863920600006,Osterholz,Ellenerbrok-Schevemoor,2018-1
2018-01-01,11,2018,1,6,7,2,5,3,1,1,0,0,0,0,2,1,8.83554459000004,53.03534171000007,Obervieland,Arsten,2018-1
2018-01-01,11,2018,1,5,14,3,5,3,1,0,0,0,1,0,0,1,8.785744583000053,53.06130390300007,Neustadt,Neuenland,2018-1
2018-01-01,11,2018,1,4,8,3,9,6,1,1,0,0,0,0,0,0,8.800410158000034,53.06995999500003,Neustadt,Alte Neustadt,2018-1
2018-01-01,11,2018,1,5,18,3,5,2,1,1,0,0,0,0,2,1,8.593511799000055,53.18431110900008,Vegesack,Fähr-Lobbendorf,2018-1
2018-01-01,11,2018,1,2,17,3,5,3,1,1,0,0,0,0,2,1,8.814173696000069,53.08521824300004,Findorff,Findorff-Bürgerweide,2018-1
2018-01-01,11,2018,1,6,8,3,0,1,1,0,0,0,0,0,0,2,8.85560139100005,53.084331631000055,Schwachhausen,Radio Bremen,2018-1
2018-01-01,11,2018,1,4,8,3,6,4,1,0,1,0,0,0,2,1,8.794424209000056,53.07456654100008,Neustadt,Alte Neustadt,2018-1
2018-01-01,11,2018,1,5,13,3,5,3,1,1,0,0,0,0,0,0,8.838056588000029,53.06788540500003,Östliche Vorstadt,Peterswerder,2018-1
2018-01-01,11,2018,1,5,7,2,4,6,1,0,0,0,0,0,2,1,8.787144369000032,53.07564240200003,Neustadt,Alte Neustadt,2018-1
2018-01-01,11,2018,1,6,21,3,6,4,1,0,1,0,0,0,2,1,8.88057182700004,53.07672743000006,Vahr,Gartenstadt Vahr,2018-1
2018-01-01,11,2018,1,6,9,3,4,2,1,1,0,0,0,0,0,1,8.811245528000029,53.09218532700004,Findorff,Findorff-Bürgerweide,2018-1
2018-01-01,12,2018,1,6,7,2,0,7,1,0,0,0,0,0,1,2,8.601289296000061,53.57344813700007,Lehe (BHV),Schierholz,2018-1
2018-01-01,11,2018,1,2,23,3,0,7,1,0,0,0,0,0,2,1,8.855222242000025,53.07758442900007,Schwachhausen,Gete,2018-1
2018-01-01,11,2018,1,3,17,3,5,3,1,0,0,0,0,1,2,1,8.822164282000074,53.072801078000055,Mitte,Ostertor,2018-1
2018-01-01,11,2018,1,7,16,2,0,3,1,0,0,0,1,0,1,0,8.95921955800003,53.04187539400005,Hemelingen,Mahndorf,2018-1
2018-01-01,11,2018,1,2,5,3,5,3,1,1,0,0,0,0,2,0,8.68607892500006,53.17333814400007,Burglesum,Lesum,2018-1
2018-01-01,11,2018,1,2,7,3,5,3,1,1,0,0,0,0,1,1,8.797959337000066,53.07333256900006,Neustadt,Alte Neustadt,2018-1
2018-01-01,11,2018,1,6,9,3,5,2,1,1,0,0,0,0,0,0,8.603494355000066,53.18464230700005,Vegesack,Unbekannt,2018-1
2018-01-01,11,2018,1,5,13,3,3,2,1,1,0,0,0,0,0,0,8.88954013600005,53.06166170200004,Hemelingen,Sebaldsbrück,2018-1
2018-01-01,11,2018,1,6,6,3,5,2,1,1,0,0,0,0,2,1,8.770261929000071,53.09311446000004,Walle,Überseestadt,2018-1
2018-01-01,11,2018,1,2,15,3,3,6,1,0,0,0,0,0,1,1,8.836834856000053,53.06809230300007,Östliche Vorstadt,Peterswerder,2018-1
2018-01-01,11,2018,1,4,15,3,5,3,1,1,0,0,0,0,0,0,8.796708239000054,53.08920973100004,Walle,Utbremen,2018-1
2018-01-01,11,2018,1,4,9,3,0,7,1,0,0,0,0,0,0,2,8.839274357000022,53.09877006700003,Schwachhausen,Neu-Schwachhausen,2018-1
2018-01-01,11,2018,1,6,6,3,5,3,1,1,0,0,0,0,2,2,8.576085393000028,53.19043166500006,Blumenthal,Blumenthal,2018-1
2018-01-01,11,2018,1,3,11,3,3,6,1,0,0,0,0,0,0,0,8.799135206000074,53.06939084500005,Neustadt,Alte Neustadt,2018-1
2018-01-01,11,2018,1,2,11,2,5,3,1,1,0,0,0,0,0,0,8.750272589000076,53.12646333400005,Gröpelingen,Ohlenhof,2018-1
2018-01-01,11,2018,1,3,17,3,5,3,1,1,0,0,0,0,2,0,8.847168921000048,53.08699092900008,Schwachhausen,Schwachhausen,2018-1
2018-01-01,11,2018,1,3,12,3,5,3,1,1,0,0,0,0,0,0,8.86165012500004,53.09929103500008,Horn-Lehe,Lehe,2018-1
2018-01-01,12,2018,1,2,15,3,5,3,1,1,0,0,0,0,0,1,8.591273323000053,53.559037887000045,Lehe (BHV),Klushof,2018-1
2018-01-01,11,2018,1,1,16,3,3,6,1,1,0,0,0,0,1,0,8.828126419000057,53.072418113000026,Östliche Vorstadt,Steintor,2018-1
2018-01-01,11,2018,1,4,17,3,6,3,1,0,1,0,0,0,2,1,8.788983895000058,53.069037611000056,Neustadt,Neustadt,2018-1
2018-01-01,11,2018,1,3,10,3,4,6,1,0,0,0,0,0,0,1,8.798212658000068,53.08010498000005,Mitte,Altstadt,2018-1
2018-01-01,11,2018,1,5,7,3,2,7,1,1,0,0,0,0,1,1,8.826166148000027,53.083683353000026,Schwachhausen,Bürgerpark,2018-1
2018-01-01,11,2018,1,4,10,3,0,2,1,1,0,0,0,0,0,1,8.690876125000045,53.16880958100006,Burglesum,Lesum,2018-1
2018-01-01,11,2018,1,7,10,3,5,3,1,1,0,0,0,0,0,0,8.890819192000038,53.10894701700005,Horn-Lehe,Lehesterdeich,2018-1
2018-01-01,11,2018,1,5,10,3,5,3,1,1,0,0,0,0,0,0,8.555965153000045,53.18584597400008,Blumenthal,Blumenthal,2018-1
2018-01-01,11,2018,1,2,9,3,2,2,1,1,0,0,0,0,0,1,8.54972439100004,53.19090357400006,Blumenthal,Rönnebeck,2018-1
2018-01-01,11,2018,1,6,7,3,5,3,1,1,0,0,0,0,2,0,8.792660871000066,53.08278308700005,Mitte,Altstadt,2018-1
2018-01-01,11,2018,1,5,21,3,0,1,1,0,0,0,0,0,2,1,8.87085184700004,53.06709085900008,Hemelingen,Hastedt,2018-1
2018-01-01,11,2018,1,5,18,3,5,3,1,1,0,0,0,0,2,1,8.782588955000051,53.08709276800005,Walle,Überseestadt,2018-1
2018-01-01,12,2018,1,2,7,2,0,7,1,0,1,0,0,0,2,0,8.57822565600003,53.54449449100008,Mitte (BHV),Mitte-Süd,2018-1
2018-01-01,11,2018,1,6,12,3,5,3,1,1,0,0,0,0,0,1,8.786920018000046,53.10020719100004,Walle,Walle,2018-1
2018-01-01,11,2018,1,3,14,3,5,2,1,0,0,0,1,0,0,0,8.713995124000064,53.13940981200005,Burglesum,Burg-Grambke,2018-1
2018-01-01,11,2018,1,2,15,2,5,2,1,1,0,0,0,0,0,0,8.788572719000058,53.072901296000055,Neustadt,Hohentor,2018-1
2018-01-01,11,2018,1,3,18,3,3,6,1,1,0,0,0,0,2,1,8.823788642000068,53.07760801000006,Östliche Vorstadt,Fesenfeld,2018-1
2018-02-01,11,2018,2,4,7,3,5,2,1,1,0,0,0,0,1,0,8.863419385000043,53.06843806200004,Hemelingen,Hastedt,2018-2
2018-03-01,11,2018,3,1,18,3,1,7,1,1,0,0,0,0,2,0,8.806090955000059,53.093903072000046,Findorff,Findorff-Bürgerweide,2018-3
2018-02-01,11,2018,2,3,10,3,2,6,1,0,0,0,0,0,0,0,8.882612763000054,53.06370006600008,Hemelingen,Hastedt,2018-2
2018-03-01,11,2018,3,1,21,3,5,3,1,0,0,0,0,1,2,0,8.781585557000028,53.10098626400003,Walle,Walle,2018-3
2018-02-01,11,2018,2,3,22,2,5,2,1,1,0,0,0,0,2,0,8.812743451000074,53.07328870500004,Mitte,Altstadt,2018-2
2018-02-01,12,2018,2,2,17,3,5,3,1,1,0,0,0,0,1,0,8.597353187000067,53.53644919300007,Geestemünde,Geestemünde-Nord,2018-2
2018-02-01,11,2018,2,2,8,3,1,5,1,1,0,0,0,0,0,0,8.837049834000027,53.08271921300008,Schwachhausen,Schwachhausen,2018-2
2018-03-01,11,2018,3,7,11,3,5,3,1,1,0,0,0,0,0,1,8.808801621000043,53.07844057100005,Mitte,Altstadt,2018-3
2018-02-01,11,2018,2,4,22,2,0,7,1,0,0,0,0,0,2,0,8.819744618000072,53.05371163000007,Neustadt,Huckelriede,2018-2
2018-02-01,12,2018,2,7,11,3,0,7,1,1,0,0,0,0,0,0,8.614388158000054,53.59314216000007,Leherheide,Königsheide,2018-2
2018-02-01,11,2018,2,7,13,3,6,4,1,0,1,0,0,0,0,0,8.940609384000027,53.07902846000008,Oberneuland,Unbekannt,2018-2
2018-03-01,11,2018,3,5,18,3,5,2,1,1,0,0,0,0,2,1,8.806800340000052,53.06047818000008,Neustadt,Huckelriede,2018-3
2018-02-01,12,2018,2,6,18,2,5,3,1,1,0,0,0,0,2,1,8.596035182000037,53.56687859800007,Lehe (BHV),Klushof,2018-2
2018-03-01,11,2018,3,4,14,3,6,4,1,0,1,0,0,0,0,0,8.86741879400006,53.06598690800007,Hemelingen,Hastedt,2018-3
2018-02-01,11,2018,2,6,11,3,5,2,1,1,0,0,0,0,0,0,8.82464109700004,53.06891121800004,Östliche Vorstadt,Steintor,2018-2
2018-02-01,11,2018,2,6,13,3,5,3,1,1,0,0,0,0,0,0,8.613339580000059,53.18430960400008,Vegesack,Fähr-Lobbendorf,2018-2
2018-03-01,11,2018,3,6,16,3,5,2,1,1,0,0,0,0,0,1,8.804149099000028,53.07239246300003,Neustadt,Alte Neustadt,2018-3
2018-03-01,11,2018,3,4,7,3,5,2,1,1,0,0,0,0,0,0,8.716726798000025,53.05652557900004,Huchting,Mittelshuchting,2018-3
2018-02-01,11,2018,2,5,10,2,6,3,1,0,1,0,0,0,0,1,8.836919945000034,53.08240117700007,Schwachhausen,Gete,2018-2
2018-02-01,11,2018,2,5,9,3,5,3,1,1,0,0,0,0,0,1,8.809496635000073,53.09538961900006,Findorff,Weidedamm,2018-2
2018-02-01,11,2018,2,5,7,3,5,3,1,1,0,0,0,0,1,0,8.564760318000026,53.19772276200007,Blumenthal,Lüssum-Bockhorn,2018-2
2018-03-01,11,2018,3,2,16,3,5,2,1,1,0,0,0,0,0,0,8.862549948000037,53.06763960800004,Hemelingen,Hastedt,2018-3
2018-02-01,11,2018,2,4,13,3,3,5,1,0,0,0,0,1,0,0,8.80091898400002,53.07127708500008,Neustadt,Alte Neustadt,2018-2
2018-02-01,11,2018,2,4,11,2,5,3,1,1,0,0,0,0,0,0,8.610552545000075,53.17590310300005,Vegesack,Fähr-Lobbendorf,2018-2
2018-03-01,12,2018,3,5,12,3,5,3,1,1,0,0,0,0,0,0,8.591274240000075,53.55903013600005,Lehe (BHV),Klushof,2018-3
2018-02-01,11,2018,2,4,8,3,5,3,1,1,0,0,0,0,0,0,8.690221680000036,53.17409835200005,Burglesum,Lesum,2018-2
2018-02-01,11,2018,2,4,10,3,0,7,1,0,0,0,0,0,0,2,8.802792328000066,53.07990525000008,Mitte,Altstadt,2018-2
2018-03-01,11,2018,3,3,14,3,0,7,1,0,0,0,0,0,0,0,8.577520014000072,53.18355128000008,Blumenthal,Blumenthal,2018-3
2018-02-01,11,2018,2,4,14,3,5,3,1,1,0,0,0,0,0,0,8.63439657500004,53.17307386600004,Vegesack,Vegesack,2018-2
2018-03-01,11,2018,3,2,9,3,5,3,1,1,0,0,0,0,0,0,8.875867400000061,53.07982775300008,Vahr,Gartenstadt Vahr,2018-3
2018-02-01,11,2018,2,3,16,3,5,3,1,1,0,0,0,0,0,0,8.874284893000038,53.07840615900005,Vahr,Gartenstadt Vahr,2018-2
2018-02-01,11,2018,2,3,8,3,5,3,1,1,0,0,0,0,0,1,8.827681165000058,53.08301604500008,Schwachhausen,Schwachhausen,2018-2
2018-03-01,11,2018,3,6,14,3,5,3,1,1,0,0,0,0,0,1,8.714133182000069,53.13838918100004,Burglesum,Burg-Grambke,2018-3
2018-02-01,11,2018,2,3,14,3,5,3,1,1,0,0,0,0,0,0,8.805092068000022,53.092051180000055,Findorff,Findorff-Bürgerweide,2018-2
2018-03-01,11,2018,3,5,16,3,5,3,1,1,0,0,0,0,0,0,8.768761459000075,53.079752348000056,Woltmershausen,Woltmershausen,2018-3
2018-02-01,11,2018,2,2,12,3,5,2,1,1,0,0,0,0,0,0,8.795603602000028,53.06758461200008,Neustadt,Südervorstadt,2018-2
2018-03-01,12,2018,3,3,11,2,5,3,1,1,0,0,0,0,0,1,8.608810481000035,53.58681297300007,Leherheide,Königsheide,2018-3
2018-02-01,11,2018,2,1,23,3,0,1,1,0,0,0,0,0,2,1,8.82764813600005,53.07256760700005,Östliche Vorstadt,Steintor,2018-2
2018-02-01,11,2018,2,1,14,3,0,7,1,0,0,0,0,0,0,0,8.72172314200003,53.141813083000045,Gröpelingen,Oslebshausen,2018-2
2018-02-01,11,2018,2,4,10,3,5,3,1,1,0,0,0,0,0,0,8.876511859000061,53.08103427600008,Vahr,Gartenstadt Vahr,2018-2
2018-03-01,11,2018,3,4,16,3,6,4,1,0,1,0,0,0,0,0,8.825147486000049,53.08450744600003,Schwachhausen,Bürgerpark,2018-3
2018-02-01,11,2018,2,1,16,3,5,3,1,1,0,0,0,0,0,1,8.87340127400006,53.08478416100007,Schwachhausen,Radio Bremen,2018-2
2018-02-01,11,2018,2,6,11,3,5,3,1,1,0,0,0,0,0,0,8.804132755000069,53.07240163900008,Neustadt,Alte Neustadt,2018-2
2018-03-01,11,2018,3,2,23,2,0,1,1,0,0,0,0,0,2,1,8.849104992000036,53.06837636200004,Östliche Vorstadt,Peterswerder,2018-3
2018-02-01,11,2018,2,1,11,3,5,3,1,1,0,0,0,0,0,0,8.78498877000004,53.06088020600004,Neustadt,Neuenland,2018-2