Datetime,UKREIS,UJAHR,UMONAT,UWOCHENTAG,USTUNDE,UKATEGORIE,UART,UTYP1,IstRad,IstPKW,IstFuss,IstKrad,IstGkfz,IstSonstig,ULICHTVERH,STRZUSTAND,longitude,latitude,Stadtteil,Ortsteil,Datetime
2018-03-01,11,2018,3,3,8,3,5,3,1,1,0,0,0,0,0,0,8.919028350000076,53.03846813800004,Hemelingen,Arbergen,2018-3
2018-02-01,11,2018,2,6,7,3,0,7,1,0,0,0,0,0,0,0,8.81093820500007,53.08920003100008,Findorff,Findorff-Bürgerweide,2018-2
2018-02-01,11,2018,2,6,11,3,5,2,1,1,0,0,0,0,0,0,8.83280060100003,53.07746575600004,Östliche Vorstadt,Fesenfeld,2018-2
2018-02-01,12,2018,2,5,17,3,4,2,1,1,0,0,0,0,2,1,8.584749672000044,53.55685817900007,Lehe (BHV),Klushof,2018-2
2018-03-01,11,2018,3,1,17,3,5,3,1,1,0,0,0,0,0,0,8.753026464000072,53.118862017000026,Gröpelingen,Lindenhof,2018-3
2018-03-01,11,2018,3,2,7,3,5,3,1,1,0,0,0,0,0,1,8.815543110000021,53.05153109500003,Neustadt,Huckelriede,2018-3
2018-02-01,11,2018,2,5,9,3,5,2,1,1,0,0,0,0,0,0,8.79286730900003,53.091344821000064,Walle,Utbremen,2018-2
2018-03-01,11,2018,3,6,18,3,5,2,1,1,0,0,0,0,2,0,8.853548115000024,53.06489062900005,Östliche Vorstadt,Peterswerder,2018-3
2018-02-01,11,2018,2,5,8,3,5,3,1,1,0,0,0,0,0,0,8.715547382000068,53.14264282700003,Burglesum,Burg-Grambke,2018-2
2018-03-01,11,2018,3,6,23,3,0,7,1,0,0,0,0,0,2,0,8.960629491000077,53.06943302100007,Osterholz,Tenever,2018-3
2018-03-01,11,2018,3,6,14,3,5,7,1,1,0,0,0,0,0,1,8.77368649300007,53.11090053700008,Walle,Walle,2018-3
2018-03-01,11,2018,3,5,13,3,5,3,1,0,0,0,0,1,0,0,8.910933412000077,53.07734954200004,Vahr,Neue Vahr Südost,2018-3
2018-03-01,12,2018,3,6,9,3,1,5,1,1,0,0,0,0,0,1,8.616750706000062,53.58603449800006,Leherheide,Leherheide-West,2018-3
2018-03-01,11,2018,3,3,7,3,5,3,1,1,0,0,0,0,0,1,8.76177283800007,53.12178911800004,Gröpelingen,Gröpelingen,2018-3
2018-02-01,11,2018,2,4,5,3,5,3,1,1,0,0,0,0,2,1,8.93895572300005,53.058543987000064,Osterholz,Ellenerbrok-Schevemoor,2018-2
2018-03-01,11,2018,3,4,13,3,5,3,1,1,0,0,0,0,0,0,8.817659742000046,53.07849627000007,Mitte,Ostertor,2018-3
2018-02-01,11,2018,2,6,14,3,5,2,1,1,0,0,0,0,0,0,8.923544303000028,53.059401904000026,Osterholz,Osterholz,2018-2
2018-02-01,11,2018,2,3,8,3,5,3,1,1,0,0,0,0,1,0,8.780989961000046,53.10164040600006,Walle,Walle,2018-2
2018-02-01,11,2018,2,3,7,3,0,3,1,1,0,0,0,0,0,0,8.731062224000027,53.13528010400006,Gröpelingen,Oslebshausen,2018-2
2018-03-01,11,2018,3,3,15,3,4,6,1,1,0,0,0,0,0,0,8.804099012000052,53.072382247000064,Neustadt,Alte Neustadt,2018-3
2018-02-01,11,2018,2,6,7,3,3,3,1,0,0,0,0,1,1,1,8.81314053500006,53.07845713500007,Mitte,Bahnhofsvorstadt,2018-2
2018-03-01,11,2018,3,3,10,3,0,7,1,1,0,0,0,0,0,0,8.937093420000053,53.08879716300004,Oberneuland,Unbekannt,2018-3
2018-03-01,11,2018,3,2,10,3,5,3,1,1,0,0,0,0,0,0,8.82508688400003,53.084593770000026,Schwachhausen,Bürgerpark,2018-3
2018-02-01,11,2018,2,3,11,3,5,3,1,1,0,0,0,0,0,0,8.809323297000049,53.07888338200007,Mitte,Altstadt,2018-2
2018-03-01,11,2018,3,4,8,3,0,7,1,1,0,0,0,0,0,0,8.779715157000055,53.05945475500005,Neustadt,Neuenland,2018-3
2018-03-01,11,2018,3,2,11,3,5,3,1,1,0,0,0,0,0,0,8.881258657000046,53.10130423600003,Horn-Lehe,Lehe,2018-3
2018-03-01,12,2018,3,7,15,3,5,3,1,1,0,0,0,0,0,1,8.595734624000045,53.48754180200007,Fischereihafen,Fischereihafen,2018-3
2018-02-01,11,2018,2,6,12,3,5,3,1,0,0,0,1,0,0,0,8.887977094000064,53.06677648200008,Hemelingen,Sebaldsbrück,2018-2
2018-03-01,12,2018,3,5,15,3,5,3,1,1,0,0,0,0,0,0,8.607594121000034,53.53525374800006,Geestemünde,Bürgerpark (BHV),2018-3
2018-03-01,11,2018,3,5,15,3,5,3,1,1,0,0,0,0,0,0,8.898359640000024,53.11996260600006,Unbekannt,Borgfeld,2018-3
2018-02-01,11,2018,2,7,11,3,1,5,1,1,0,0,0,0,0,1,8.808476648000067,53.08808496100005,Findorff,Findorff-Bürgerweide,2018-2
2018-03-01,11,2018,3,5,15,3,5,3,1,1,0,0,0,0,0,0,8.889269317000071,53.09884242200008,Horn-Lehe,Lehesterdeich,2018-3
2018-02-01,11,2018,2,6,19,3,5,3,1,1,0,0,0,0,2,1,8.78950035500003,53.10592716400004,Walle,Hohweg,2018-2
2018-02-01,11,2018,2,5,19,3,5,3,1,1,0,0,0,0,2,1,8.804443045000028,53.06211851500007,Neustadt,Buntentor,2018-2
2018-01-01,12,2018,1,4,16,3,5,3,1,1,0,0,0,0,0,1,8.59029540900002,53.53483583400004,Geestemünde,Geestendorf,2018-1
2018-01-01,11,2018,1,4,7,3,6,4,1,0,1,0,0,0,2,1,8.853971424000065,53.08334331500004,Schwachhausen,Radio Bremen,2018-1
2018-03-01,11,2018,3,2,15,3,0,7,1,0,0,0,0,0,0,0,8.721096240000065,53.04487285300007,Huchting,Sodenmatt,2018-3
2018-01-01,12,2018,1,3,8,3,1,5,1,1,0,0,0,0,0,1,8.601150442000062,53.53580891900003,Geestemünde,Bürgerpark (BHV),2018-1
2018-02-01,11,2018,2,4,15,3,6,4,1,0,1,0,0,0,0,0,8.870687675000056,53.09589829600003,Horn-Lehe,Horn,2018-2
2018-01-01,11,2018,1,2,13,3,5,2,1,0,0,0,0,1,0,1,8.788522382000053,53.093937872000026,Walle,Westend,2018-1
2018-03-01,11,2018,3,2,16,2,0,7,1,0,0,0,0,0,0,0,8.750064617000021,53.09287646300004,Woltmershausen,Rablinghausen,2018-3
2018-03-01,11,2018,3,6,15,3,5,2,1,1,0,0,0,0,0,1,8.838308899000026,53.06783721100004,Östliche Vorstadt,Peterswerder,2018-3
2018-01-01,12,2018,1,7,16,3,5,3,1,1,0,0,0,0,0,0,8.590640761000031,53.53070404300007,Geestemünde,Geestendorf,2018-1
2018-03-01,11,2018,3,5,18,3,6,4,1,0,1,0,0,0,1,0,8.886635733000048,53.05161237800007,Hemelingen,Hemelingen,2018-3
2018-03-01,11,2018,3,5,8,3,4,6,1,0,0,0,0,0,0,0,8.833871310000063,53.03955211300007,Obervieland,Kattenturm,2018-3
2018-03-01,11,2018,3,4,14,3,0,1,1,0,0,0,0,0,0,0,8.632019598000056,53.17692491200006,Vegesack,Vegesack,2018-3
2018-03-01,11,2018,3,4,17,3,5,3,1,1,0,0,0,0,0,0,8.807315823000067,53.082160087000034,Mitte,Bahnhofsvorstadt,2018-3
2018-01-01,12,2018,1,5,7,3,6,4,1,0,1,0,0,0,1,1,8.590758956000059,53.56583035300008,Lehe (BHV),Klushof,2018-1
2018-03-01,11,2018,3,4,22,3,4,6,1,0,0,0,0,0,2,1,8.92886367400007,53.07197177300003,Osterholz,Ellener Feld,2018-3
2018-01-01,12,2018,1,5,13,3,1,7,1,1,0,0,0,0,0,0,8.63148927800006,53.59596519000007,Leherheide,Unbekannt,2018-1
2018-03-01,11,2018,3,2,14,3,5,3,1,1,0,0,0,0,0,0,8.891169129000048,53.04960985500003,Hemelingen,Hemelingen,2018-3
2018-01-01,11,2018,1,5,7,3,5,3,1,1,0,0,0,0,1,0,8.940558514000031,53.07758980600005,Oberneuland,Unbekannt,2018-1
2018-03-01,11,2018,3,3,6,3,5,3,1,1,0,0,0,0,1,1,8.766555070000038,53.11531719900006,Gröpelingen,Gröpelingen,2018-3
2018-02-01,11,2018,2,4,8,3,5,3,1,0,0,0,0,1,0,1,8.817110372000059,53.07877057000008,Mitte,Ostertor,2018-2
2018-04-01,11,2018,4,6,10,3,5,3,1,1,0,0,0,0,0,1,8.85958314000004,53.07219018100005,Hemelingen,Hastedt,2018-4
2018-05-01,11,2018,5,4,7,3,5,3,1,1,0,0,0,0,0,0,8.87886502400005,53.07909925500008,Vahr,Neue Vahr Südwest,2018-5
2018-04-01,11,2018,4,6,11,2,5,3,1,1,0,0,0,0,0,0,8.867990145000022,53.07293937500003,Hemelingen,Hastedt,2018-4
2018-04-01,11,2018,4,4,8,3,5,2,1,1,0,0,0,0,0,0,8.870608437000044,53.09485834600008,Horn-Lehe,Horn,2018-4
2018-04-01,11,2018,4,6,8,2,2,6,1,0,0,0,0,0,0,0,8.791126371000075,53.091379594000045,Walle,Utbremen,2018-4
2018-04-01,11,2018,4,5,18,3,4,2,1,0,0,0,0,1,0,0,8.807111888000065,53.06024916700005,Neustadt,Huckelriede,2018-4
2018-04-01,11,2018,4,5,9,3,1,5,1,1,0,0,0,0,0,0,8.618656592000036,53.174741106000056,Vegesack,Vegesack,2018-4
2018-04-01,11,2018,4,6,15,3,0,7,1,0,1,0,0,0,0,0,8.818299732000071,53.086405178000064,Findorff,Findorff-Bürgerweide,2018-4
2018-04-01,11,2018,4,6,15,2,5,3,1,1,0,0,0,0,0,0,8.78947604800004,53.08294792700008,Walle,Überseestadt,2018-4
2018-04-01,11,2018,4,2,9,2,5,3,1,1,0,0,0,0,0,0,8.896077625000032,53.11423075000005,Horn-Lehe,Lehesterdeich,2018-4
2018-04-01,12,2018,4,7,21,3,6,1,1,1,1,0,0,0,2,0,8.586099650000051,53.56114691600004,Lehe (BHV),Twischkamp,2018-4
2018-04-01,11,2018,4,5,9,3,5,3,1,1,0,0,0,0,0,0,8.786543619000042,53.08797561700004,Walle,Überseestadt,2018-4
2018-04-01,11,2018,4,5,12,2,0,7,1,0,0,0,0,0,0,0,8.870119315000068,53.10217027200008,Horn-Lehe,Lehe,2018-4
2018-04-01,11,2018,4,5,7,3,1,7,1,1,0,0,0,0,0,0,8.823020773000053,53.07356313500003,Mitte,Ostertor,2018-4
2018-04-01,11,2018,4,5,15,3,5,7,1,1,0,0,0,0,0,0,8.89308423400007,53.05476335000003,Hemelingen,Hemelingen,2018-4
2018-04-01,11,2018,4,5,7,3,5,3,1,1,0,0,0,0,0,0,8.795900446000076,53.106300188000034,Walle,Hohweg,2018-4
2018-04-01,11,2018,4,4,15,3,5,3,1,1,0,0,0,0,0,1,8.807677234000039,53.08338870100005,Mitte,Bahnhofsvorstadt,2018-4
2018-04-01,11,2018,4,5,17,3,3,6,1,0,0,0,0,0,0,0,8.805646393000075,53.07391888700005,Mitte,Altstadt,2018-4
2018-04-01,11,2018,4,7,17,3,5,2,1,1,0,0,0,0,0,0,8.784994121000068,53.10222295500006,Walle,Walle,2018-4
2018-04-01,11,2018,4,4,11,2,5,3,1,1,0,0,0,0,0,0,8.886731965000024,53.109510587000045,Horn-Lehe,Lehesterdeich,2018-4
2018-04-01,11,2018,4,4,10,3,0,7,1,0,0,0,0,0,0,0,8.774477429000058,53.06204482100003,Neustadt,Neuenland,2018-4
2018-04-01,12,2018,4,7,17,3,2,6,1,1,0,0,0,0,0,0,8.604742552000062,53.58180201800008,Lehe (BHV),Schierholz,2018-4
2018-04-01,11,2018,4,4,17,3,5,3,1,1,0,0,0,0,0,1,8.823323136000056,53.07646839500006,Mitte,Ostertor,2018-4
2018-04-01,11,2018,4,4,7,3,5,2,1,1,0,0,0,0,0,0,8.551091202000066,53.19772248900006,Blumenthal,Lüssum-Bockhorn,2018-4
2018-04-01,11,2018,4,4,17,3,5,2,1,1,0,0,0,0,0,0,8.803187385000058,53.08466204500007,Mitte,Bahnhofsvorstadt,2018-4
2018-04-01,11,2018,4,6,16,3,3,6,1,1,0,0,0,0,0,0,8.798406413000066,53.085510674000034,Mitte,Bahnhofsvorstadt,2018-4
2018-04-01,12,2018,4,6,10,3,5,2,1,1,0,0,0,0,0,0,8.57524490700007,53.54766962000008,Mitte (BHV),Mitte-Süd,2018-4
2018-04-01,11,2018,4,4,20,3,0,1,1,0,1,0,0,0,0,0,8.582143072000065,53.21460033400007,Blumenthal,Lüssum-Bockhorn,2018-4
2018-04-01,11,2018,4,6,9,3,5,3,1,1,0,0,0,0,0,0,8.804065687000048,53.07618573900004,Mitte,Altstadt,2018-4
2018-04-01,11,2018,4,4,6,3,1,7,1,1,0,0,0,0,0,0,8.802992214000028,53.06987230200008,Neustadt,Alte Neustadt,2018-4
2018-04-01,12,2018,4,3,15,3,5,3,1,1,0,0,0,0,0,0,8.599960365000072,53.51224736800003,Wulsdorf,Dreibergen,2018-4
2018-04-01,11,2018,4,4,21,3,5,3,1,1,0,0,0,0,2,0,8.843496808000054,53.08108550400004,Schwachhausen,Gete,2018-4
2018-04-01,11,2018,4,4,5,3,5,3,1,1,0,0,0,0,2,0,8.875944272000027,53.08213190300006,Vahr,Neue Vahr Südwest,2018-4
2018-04-01,12,2018,4,2,9,3,0,7,1,0,0,0,0,0,0,1,8.596659849000048,53.543319902000064,Geestemünde,Geestemünde-Nord,2018-4
2018-04-01,11,2018,4,6,23,3,0,1,1,0,0,0,0,0,2,0,8.796756568000035,53.068408215000034,Neustadt,Neustadt,2018-4
2018-04-01,11,2018,4,7,15,2,5,3,1,1,0,0,0,0,0,0,8.775366917000042,53.10758264200007,Walle,Walle,2018-4
2018-04-01,11,2018,4,3,8,3,5,3,1,1,0,0,0,0,0,0,8.796997496000074,53.07644173200004,Neustadt,Alte Neustadt,2018-4
2018-04-01,11,2018,4,3,18,2,5,2,1,0,0,0,1,0,0,0,8.788087080000025,53.07635666300007,Neustadt,Alte Neustadt,2018-4
2018-04-01,11,2018,4,3,15,3,5,3,1,1,0,0,0,0,0,0,8.634547693000059,53.17308494100007,Vegesack,Vegesack,2018-4
2018-04-01,11,2018,4,2,8,3,0,7,1,0,0,0,0,1,0,1,8.765723337000054,53.10889277200005,Gröpelingen,Lindenhof,2018-4
2018-04-01,11,2018,4,3,18,2,0,7,1,0,0,0,0,0,0,0,8.865638231000048,53.06655723700004,Hemelingen,Hastedt,2018-4
2018-04-01,11,2018,4,1,17,3,1,5,1,1,0,0,0,0,0,0,8.790318951000074,53.07045676500008,Neustadt,Neustadt,2018-4
2018-05-01,12,2018,5,4,7,3,5,2,1,1,0,0,0,0,0,0,8.583241716000032,53.53628425800008,Geestemünde,Geestemünde-Nord,2018-5
2018-04-01,11,2018,4,6,7,3,5,2,1,1,0,0,0,0,0,1,8.870549553000046,53.09127504500003,Schwachhausen,Radio Bremen,2018-4
2018-05-01,11,2018,5,4,9,3,3,2,1,0,0,0,0,0,0,0,8.778807828000026,53.09999277400004,Walle,Walle,2018-5
2018-04-01,11,2018,4,7,15,3,5,3,1,1,0,0,0,0,0,0,8.626632791000077,53.18463015300006,Vegesack,Unbekannt,2018-4
2018-04-01,11,2018,4,4,17,3,5,3,1,1,0,0,0,0,0,0,8.781032788000061,53.06757025600007,Neustadt,Neuenland,2018-4
2018-04-01,12,2018,4,2,12,3,5,3,1,1,0,0,0,0,0,0,8.591871844000025,53.51724062000005,Wulsdorf,Dreibergen,2018-4
2018-04-01,11,2018,4,6,8,3,4,6,1,1,0,0,0,0,0,0,8.794900354000049,53.09393628300006,Walle,Utbremen,2018-4
2018-04-01,11,2018,4,6,13,3,1,7,1,1,0,0,0,0,0,1,8.801265400000034,53.068186473000026,Neustadt,Südervorstadt,2018-4
2018-05-01,11,2018,5,3,2,2,0,7,1,0,0,0,0,0,2,1,8.815343546000065,53.08233702200005,Mitte,Bahnhofsvorstadt,2018-5
2018-04-01,11,2018,4,1,15,3,4,6,1,0,0,0,0,0,0,0,8.809776648000025,53.07849289600006,Mitte,Altstadt,2018-4
2018-04-01,11,2018,4,6,12,3,5,3,1,1,0,0,0,0,0,0,8.79703242200003,53.07164995800008,Neustadt,Alte Neustadt,2018-4
2018-04-01,11,2018,4,1,14,3,5,2,1,1,0,0,0,0,0,0,8.804132755000069,53.07240163900008,Neustadt,Alte Neustadt,2018-4
2018-04-01,11,2018,4,7,18,3,0,7,1,0,0,0,0,0,0,0,8.82710656200004,53.08633984900007,Schwachhausen,Bürgerpark,2018-4
2018-04-01,11,2018,4,7,13,3,0,1,1,0,0,0,0,0,0,0,8.852706668000053,53.04754319400007,Obervieland,Habenhausen,2018-4
2018-04-01,11,2018,4,7,19,3,5,3,1,1,0,0,0,0,0,0,8.869376222000028,53.07487169000007,Vahr,Gartenstadt Vahr,2018-4
2018-04-01,11,2018,4,7,16,3,5,3,1,1,0,0,0,0,0,0,8.898764707000055,53.08479677300005,Vahr,Neue Vahr Nord,2018-4
2018-04-01,11,2018,4,2,9,3,1,5,1,1,0,0,0,0,0,0,8.834202603000051,53.08657512100007,Schwachhausen,Schwachhausen,2018-4
2018-04-01,11,2018,4,7,19,3,5,3,1,1,0,0,0,0,1,0,8.739464517000044,53.05501630200007,Huchting,Mittelshuchting,2018-4
2018-04-01,11,2018,4,7,10,3,5,3,1,1,0,0,0,0,0,0,8.817933554000035,53.05283666200006,Neustadt,Huckelriede,2018-4
2018-04-01,11,2018,4,5,9,3,5,2,1,1,0,0,0,0,0,0,8.847796533000064,53.06608018800006,Östliche Vorstadt,Peterswerder,2018-4
2018-04-01,11,2018,4,5,6,3,5,3,1,0,0,0,1,0,0,0,8.741110544000037,53.09134478700008,Häfen,Neustädter Hafen,2018-4
2018-04-01,11,2018,4,1,5,3,1,5,1,1,0,0,0,0,1,0,8.854006727000069,53.08336327200004,Schwachhausen,Radio Bremen,2018-4
2018-04-01,11,2018,4,6,15,3,5,2,1,0,0,0,0,1,0,0,8.584546070000044,53.18142904000007,Blumenthal,Blumenthal,2018-4
2018-04-01,11,2018,4,6,8,3,5,3,1,0,0,0,0,1,0,0,8.851261452000074,53.10484017300007,Horn-Lehe,Lehe,2018-4
2018-04-01,11,2018,4,6,5,3,5,2,1,1,0,0,0,0,2,0,8.729377904000046,53.128644261000034,Häfen,Industriehäfen,2018-4
2018-04-01,11,2018,4,2,14,3,5,3,1,1,0,0,0,0,0,0,8.85902840500006,53.07230733100005,Hemelingen,Hastedt,2018-4
2018-04-01,12,2018,4,6,13,3,5,3,1,1,0,0,0,0,0,0,8.597961314000031,53.58204396000008,Lehe (BHV),Eckernfeld,2018-4
2018-04-01,11,2018,4,5,17,3,5,2,1,1,0,0,0,0,0,0,8.899193185000058,53.12083374900004,Unbekannt,Borgfeld,2018-4
2018-04-01,11,2018,4,4,16,3,5,3,1,1,0,0,0,0,0,0,8.757824331000052,53.05812947800007,Huchting,Grolland,2018-4
2018-04-01,11,2018,4,4,18,3,6,4,1,0,1,0,0,0,0,0,8.812619470000072,53.05901326700007,Neustadt,Huckelriede,2018-4
2018-04-01,12,2018,4,5,7,3,5,2,1,1,0,0,0,0,0,1,8.597945826000057,53.58085228700003,Lehe (BHV),Eckernfeld,2018-4
2018-04-01,11,2018,4,5,16,3,5,3,1,1,0,0,0,0,0,1,8.882521759000042,53.06367941700006,Hemelingen,Hastedt,2018-4
2018-04-01,11,2018,4,5,16,3,5,3,1,1,0,0,0,0,0,0,8.756491744000073,53.08821575800005,Woltmershausen,Rablinghausen,2018-4
2018-04-01,11,2018,4,5,19,3,5,2,1,1,0,0,0,0,0,0,8.889515802000062,53.06159665200005,Hemelingen,Sebaldsbrück,2018-4
2018-04-01,11,2018,4,3,18,3,5,2,1,0,0,1,0,0,0,0,8.832087278000074,53.06864508600006,Östliche Vorstadt,Peterswerder,2018-4
2018-04-01,11,2018,4,4,8,3,1,7,1,1,0,0,0,0,0,0,8.874498489000075,53.09702908000003,Horn-Lehe,Horn,2018-4
2018-04-01,11,2018,4,5,17,3,5,2,1,0,0,0,1,0,0,0,8.81857492100005,53.05187460900004,Neustadt,Huckelriede,2018-4
2018-04-01,11,2018,4,4,10,2,4,6,1,0,0,0,0,0,0,0,8.963364695000053,53.06573758500008,Osterholz,Tenever,2018-4
2018-04-01,11,2018,4,5,13,2,4,6,1,0,0,0,0,0,0,0,8.870621220000032,53.09602484700008,Horn-Lehe,Horn,2018-4
2018-04-01,12,2018,4,1,16,3,3,6,1,1,0,0,0,0,0,0,8.58472107600005,53.54059503800005,Mitte (BHV),Mitte-Süd,2018-4
2018-05-01,11,2018,5,3,16,2,5,3,1,0,0,0,0,1,0,0,8.838365206000049,53.09645026000004,Schwachhausen,Neu-Schwachhausen,2018-5
2018-04-01,11,2018,4,4,5,1,5,3,1,0,0,0,1,0,2,0,8.801122897000027,53.07885083400004,Mitte,Altstadt,2018-4
2018-04-01,11,2018,4,5,12,3,0,7,1,0,0,0,0,0,0,0,8.850609180000049,53.08513965000003,Schwachhausen,Radio Bremen,2018-4
2018-04-01,11,2018,4,6,16,3,5,2,1,1,0,0,0,0,0,0,8.792862181000032,53.07357312400006,Neustadt,Alte Neustadt,2018-4
2018-04-01,11,2018,4,4,6,3,4,6,1,0,0,0,0,0,0,0,8.813460591000023,53.07096335700004,Mitte,Altstadt,2018-4
2018-04-01,11,2018,4,7,20,3,0,7,1,0,0,0,0,0,0,0,8.800802313000077,53.06832344000003,Neustadt,Südervorstadt,2018-4
2018-04-01,11,2018,4,7,20,3,3,6,1,0,0,0,0,0,1,0,8.809766118000027,53.09977795700007,Findorff,Weidedamm,2018-4
2018-04-01,11,2018,4,5,21,3,6,4,1,1,1,0,0,0,2,0,8.765229314000067,53.11281978300008,Gröpelingen,Lindenhof,2018-4
2018-05-01,12,2018,5,4,19,2,5,3,1,1,0,0,0,0,0,0,8.593480259000046,53.53718715400004,Geestemünde,Geestemünde-Nord,2018-5
2018-04-01,11,2018,4,1,0,3,3,6,1,0,1,0,0,0,2,0,8.871912374000033,53.06689188000007,Hemelingen,Hastedt,2018-4
2018-04-01,11,2018,4,4,8,3,2,6,1,1,0,0,0,0,0,0,8.719501442000023,53.05669044200005,Huchting,Mittelshuchting,2018-4
2018-04-01,11,2018,4,4,19,2,5,3,1,1,0,0,0,0,0,0,8.565696041000024,53.18233711600004,Blumenthal,Blumenthal,2018-4
2018-04-01,11,2018,4,3,15,2,0,7,1,0,0,0,0,0,0,1,8.831685978000053,53.08113833200008,Schwachhausen,Gete,2018-4
2018-04-01,11,2018,4,1,12,3,5,2,1,1,0,0,0,0,0,0,8.76314895400003,53.122743025000034,Gröpelingen,Gröpelingen,2018-4
2018-04-01,11,2018,4,1,2,3,4,6,1,1,0,0,0,0,2,1,8.803595426000072,53.072348903000034,Neustadt,Alte Neustadt,2018-4
2018-04-01,11,2018,4,7,10,3,5,2,1,1,0,0,0,0,0,0,8.873848285000065,53.10125990000006,Horn-Lehe,Lehe,2018-4
2018-03-01,12,2018,3,7,5,3,5,3,1,1,0,0,0,0,2,1,8.58328719800005,53.554904435000026,Lehe (BHV),Goethestrasse,2018-3
2018-04-01,11,2018,4,4,13,3,5,3,1,0,0,0,0,0,0,0,8.851261452000074,53.10484017300007,Horn-Lehe,Lehe,2018-4
2018-04-01,11,2018,4,4,16,3,3,6,1,1,0,0,0,0,0,0,8.771807700000068,53.094803082000055,Walle,Überseestadt,2018-4
2018-04-01,11,2018,4,6,17,3,0,1,1,0,0,0,0,0,0,0,8.819689169000071,53.113265571000056,Findorff,In den Hufen,2018-4
2018-04-01,11,2018,4,6,18,3,1,5,1,1,0,0,0,0,0,1,8.825952185000062,53.07370644600008,Östliche Vorstadt,Steintor,2018-4
2018-05-01,11,2018,5,3,19,3,0,7,1,0,0,0,0,0,0,0,8.782193409000058,53.07724654500004,Häfen,Hohentorshafen,2018-5
2018-03-01,11,2018,3,7,12,3,5,3,1,1,0,0,0,0,0,1,8.79946680200004,53.06954279900003,Neustadt,Alte Neustadt,2018-3
2018-04-01,11,2018,4,4,12,3,4,7,1,1,0,0,0,0,0,0,8.820542583000076,53.06936462500005,Mitte,Ostertor,2018-4
2018-03-01,11,2018,3,7,17,3,5,3,1,1,0,0,0,0,0,0,8.760138840000025,53.08799765100008,Woltmershausen,Woltmershausen,2018-3
2018-04-01,11,2018,4,4,18,3,5,3,1,1,0,0,0,0,0,0,8.603442786000073,53.18464394400007,Vegesack,Unbekannt,2018-4
2018-04-01,11,2018,4,4,10,2,5,3,1,0,0,0,0,1,0,0,8.781543503000023,53.07770538300008,Woltmershausen,Woltmershausen,2018-4
2018-03-01,11,2018,3,7,17,3,5,2,1,1,0,0,0,0,0,1,8.850620806000052,53.09436609100004,Schwachhausen,Riensberg,2018-3
2018-04-01,11,2018,4,2,7,3,5,2,1,1,0,0,0,0,0,0,8.848623925000027,53.05054809100005,Obervieland,Habenhausen,2018-4
2018-04-01,11,2018,4,2,15,3,1,5,1,1,0,0,0,0,0,0,8.820549017000076,53.07268261400003,Mitte,Ostertor,2018-4
2018-04-01,11,2018,4,1,8,3,1,5,1,1,0,0,0,0,0,1,8.84753181800005,53.07158479000003,Östliche Vorstadt,Hulsberg,2018-4
2018-03-01,11,2018,3,5,9,2,5,3,1,0,0,0,1,0,0,1,8.783999829000038,53.07556344800008,Woltmershausen,Woltmershausen,2018-3
2018-03-01,11,2018,3,5,10,3,5,2,1,1,0,0,0,0,0,1,8.91992695600004,53.07307406800004,Osterholz,Blockdiek,2018-3
2018-03-01,11,2018,3,5,7,3,5,3,1,1,0,0,0,0,0,1,8.876952378000055,53.101339333000055,Horn-Lehe,Lehe,2018-3
2018-04-01,11,2018,4,2,15,3,5,2,1,1,0,0,0,0,0,0,8.884100662000037,53.06358237900008,Hemelingen,Sebaldsbrück,2018-4
2018-04-01,11,2018,4,5,14,3,5,3,1,0,0,0,0,1,0,1,8.798078297000075,53.09053276800006,Walle,Utbremen,2018-4
2018-05-01,12,2018,5,4,7,2,5,3,1,1,0,0,0,0,0,0,8.60481241900004,53.523365031000026,Geestemünde,Grünhöfe,2018-5
2018-04-01,11,2018,4,4,9,3,0,3,1,1,0,0,0,0,0,1,8.791504493000048,53.06499855900006,Neustadt,Südervorstadt,2018-4
2018-04-01,12,2018,4,4,7,3,6,7,1,0,1,0,0,0,0,0,8.579291731000069,53.55291345000006,Mitte (BHV),Mitte-Nord,2018-4
2018-03-01,11,2018,3,3,19,3,5,3,1,1,0,0,0,0,0,0,8.877016525000045,53.08094297100007,Vahr,Neue Vahr Südwest,2018-3
2018-05-01,11,2018,5,4,7,3,5,3,1,1,0,0,0,0,0,0,8.62487883600005,53.17858385000005,Vegesack,Vegesack,2018-5
2018-03-01,11,2018,3,3,13,3,5,3,1,1,0,0,0,0,0,0,8.871838730000036,53.07713350200004,Vahr,Gartenstadt Vahr,2018-3
2018-03-01,11,2018,3,3,16,3,0,3,1,0,0,0,0,0,0,0,8.816251032000025,53.07251031200008,Mitte,Ostertor,2018-3
2018-04-01,11,2018,4,4,16,3,5,3,1,1,0,0,0,0,0,0,8.789926864000051,53.07140474300007,Neustadt,Neustadt,2018-4
2018-04-01,11,2018,4,6,23,3,5,3,1,1,0,0,0,0,2,0,8.80132915400003,53.07148678900006,Neustadt,Alte Neustadt,2018-4
2018-05-01,11,2018,5,5,21,3,6,4,1,0,1,0,0,0,0,0,8.807208479000053,53.082638615000064,Mitte,Bahnhofsvorstadt,2018-5
2018-05-01,12,2018,5,5,6,2,5,3,1,1,0,0,0,0,0,0,8.641383399000063,53.53735130200005,Schiffdorferdamm,Schiffdorferdamm,2018-5