Datetime,UKREIS,UJAHR,UMONAT,UWOCHENTAG,USTUNDE,UKATEGORIE,UART,UTYP1,IstRad,IstPKW,IstFuss,IstKrad,IstGkfz,IstSonstig,ULICHTVERH,STRZUSTAND,longitude,latitude,Stadtteil,Ortsteil,Datetime
2018-05-01,11,2018,5,7,16,3,4,6,1,1,0,0,0,0,0,0,8.765570123000032,53.16155516200007,Unbekannt,Blockland,2018-5
2018-05-01,11,2018,5,1,15,3,0,1,1,0,0,0,0,0,0,0,8.613045340000042,53.19403866600004,Vegesack,Unbekannt,2018-5
2018-05-01,11,2018,5,2,12,3,5,2,1,1,0,0,0,0,0,0,8.784188053000037,53.10338563300007,Walle,Walle,2018-5
2018-05-01,11,2018,5,3,6,3,4,6,1,1,0,0,0,0,0,0,8.848347090000061,53.03862752100008,Obervieland,Habenhausen,2018-5
2018-05-01,11,2018,5,4,17,3,3,6,1,0,0,0,0,0,0,0,8.786347457000034,53.10088571500006,Walle,Walle,2018-5
2018-05-01,11,2018,5,3,17,3,0,4,1,1,1,0,0,0,0,0,8.818196688000057,53.05136362400003,Neustadt,Huckelriede,2018-5
2018-05-01,12,2018,5,7,18,3,1,7,1,1,0,0,0,0,0,0,8.614187929000025,53.52964675900006,Geestemünde,Bürgerpark (BHV),2018-5
2018-05-01,11,2018,5,2,14,2,5,3,1,1,0,0,0,0,0,0,8.736376779000068,53.13369136000006,Gröpelingen,Oslebshausen,2018-5
2018-05-01,11,2018,5,7,12,3,8,1,1,1,0,0,0,0,0,0,8.787016355000048,53.100090926000064,Walle,Westend,2018-5
2018-05-01,11,2018,5,3,14,3,5,3,1,1,0,0,0,0,0,0,8.836986973000023,53.09925871500008,Schwachhausen,Neu-Schwachhausen,2018-5
2018-05-01,11,2018,5,6,13,3,5,3,1,1,0,0,0,0,0,0,8.905977993000022,53.07844722800007,Vahr,Neue Vahr Südost,2018-5
2018-06-01,12,2018,6,1,18,3,8,1,1,0,0,0,0,0,0,0,8.593769543000064,53.51383092100008,Wulsdorf,Dreibergen,2018-6
2018-05-01,11,2018,5,2,11,3,5,3,1,1,0,0,0,0,0,0,8.876394636000043,53.08126811600005,Vahr,Gartenstadt Vahr,2018-5
2018-05-01,11,2018,5,7,9,2,5,6,1,1,0,0,0,0,0,0,8.78203591600004,53.07738679900007,Woltmershausen,Woltmershausen,2018-5
2018-05-01,11,2018,5,2,14,3,5,2,1,1,0,0,0,0,0,0,8.891969968000069,53.08034370300004,Vahr,Neue Vahr Südwest,2018-5
2018-05-01,12,2018,5,3,8,3,5,3,1,1,0,0,0,0,0,0,8.600159320000046,53.531407623000064,Geestemünde,Geestendorf,2018-5
2018-06-01,11,2018,6,7,17,3,5,3,1,1,0,0,0,0,0,0,8.868217671000025,53.06194058500006,Hemelingen,Hastedt,2018-6
2018-05-01,12,2018,5,6,16,3,5,3,1,1,0,0,0,0,0,0,8.607591110000044,53.53523753200005,Geestemünde,Bürgerpark (BHV),2018-5
2018-05-01,11,2018,5,4,8,3,4,6,1,0,0,1,0,0,0,0,8.852619314000037,53.06050469200005,Hemelingen,Hastedt,2018-5
2018-05-01,11,2018,5,6,10,3,3,6,1,1,0,0,0,1,0,0,8.868273099000021,53.09124322200006,Horn-Lehe,Horn,2018-5
2018-05-01,11,2018,5,6,15,2,5,3,1,1,0,0,0,0,0,0,8.864423816000055,53.06698099100004,Hemelingen,Hastedt,2018-5
2018-05-01,12,2018,5,1,20,3,5,3,1,1,0,0,0,0,0,0,8.584661525000058,53.55687999300005,Lehe (BHV),Goethestrasse,2018-5
2018-05-01,11,2018,5,6,16,3,0,7,1,0,0,0,0,0,0,0,8.690202291000048,53.16918284100007,Burglesum,Lesum,2018-5
2018-05-01,11,2018,5,3,11,3,3,2,1,1,0,0,0,0,0,0,8.820937999000023,53.05115975500007,Obervieland,Kattenturm,2018-5
2018-05-01,11,2018,5,5,17,2,6,6,1,0,1,0,0,0,0,0,8.911743147000038,53.10774783000005,Oberneuland,Unbekannt,2018-5
2018-05-01,11,2018,5,5,13,3,5,3,1,1,0,0,0,0,0,0,8.715401133000057,53.05284382700006,Huchting,Mittelshuchting,2018-5
2018-05-01,11,2018,5,3,15,3,0,1,1,0,0,0,0,0,0,0,8.780506752000065,53.10066379700004,Walle,Walle,2018-5
2018-05-01,11,2018,5,5,18,3,0,7,1,0,0,0,0,0,0,0,8.95327786200005,53.034265565000055,Hemelingen,Mahndorf,2018-5
2018-05-01,11,2018,5,3,7,3,0,7,1,0,0,0,0,1,0,0,8.80102193600004,53.07730824200007,Mitte,Altstadt,2018-5
2018-05-01,11,2018,5,5,14,3,0,1,1,0,0,0,0,0,0,0,8.834584009000025,53.08521988200005,Schwachhausen,Schwachhausen,2018-5
2018-05-01,11,2018,5,5,20,3,0,5,1,1,0,0,0,0,1,0,8.828840544000059,53.07217834300008,Östliche Vorstadt,Steintor,2018-5
2018-05-01,11,2018,5,2,17,3,5,3,1,1,0,0,0,0,0,0,8.70248400500003,53.17002592700004,Burglesum,Burgdamm,2018-5
2018-05-01,11,2018,5,5,19,2,0,7,1,0,0,0,0,0,0,0,8.822810638000021,53.07564185400008,Mitte,Ostertor,2018-5
2018-05-01,11,2018,5,5,21,2,0,7,1,0,0,0,0,0,2,0,8.91928305500005,53.04117094000003,Hemelingen,Arbergen,2018-5
2018-05-01,12,2018,5,2,18,3,5,3,1,1,0,0,0,0,0,0,8.595218407000061,53.51136496000004,Wulsdorf,Dreibergen,2018-5
2018-06-01,11,2018,6,6,20,3,5,3,1,1,0,0,0,0,0,0,8.796901239000022,53.06457730300008,Neustadt,Gartenstadt Süd,2018-6
2018-05-01,11,2018,5,3,16,3,5,3,1,1,0,0,0,0,0,0,8.901463549000027,53.05942573800007,Hemelingen,Sebaldsbrück,2018-5
2018-05-01,11,2018,5,5,17,2,3,1,1,0,0,0,0,0,0,0,8.845115247000024,53.07764127000007,Schwachhausen,Gete,2018-5
2018-05-01,11,2018,5,3,7,3,5,3,1,1,0,0,0,0,0,0,8.723862059000055,53.04355584500007,Huchting,Sodenmatt,2018-5
2018-05-01,12,2018,5,6,7,3,5,3,1,1,0,0,0,0,0,0,8.63841607300003,53.53204659500005,Schiffdorferdamm,Schiffdorferdamm,2018-5
2018-06-01,11,2018,6,2,18,3,5,2,1,1,0,0,0,0,0,0,8.827683686000057,53.08301657300007,Schwachhausen,Schwachhausen,2018-6
2018-05-01,12,2018,5,4,12,3,5,3,1,0,0,0,1,0,0,0,8.589717274000066,53.52691004400003,Geestemünde,Geestendorf,2018-5
2018-05-01,11,2018,5,2,10,3,0,7,1,0,0,0,0,0,0,0,8.569132060000072,53.18123986300003,Blumenthal,Blumenthal,2018-5
2018-05-01,12,2018,5,4,16,3,1,5,1,1,0,0,0,0,0,0,8.59866544700003,53.53013449000008,Geestemünde,Geestendorf,2018-5
2018-05-01,11,2018,5,5,17,3,5,2,1,1,0,0,0,0,0,0,8.618806805000077,53.17819002700003,Vegesack,Fähr-Lobbendorf,2018-5
2018-05-01,11,2018,5,4,15,3,5,2,1,1,0,0,0,0,0,0,8.825133329000039,53.08434090100008,Schwachhausen,Bürgerpark,2018-5
2018-05-01,11,2018,5,3,19,3,5,3,1,0,0,0,0,1,0,0,8.88104118700005,53.06105966000007,Hemelingen,Hastedt,2018-5
2018-05-01,11,2018,5,4,9,2,2,6,1,1,0,0,0,0,0,0,8.831064157000071,53.07604137100003,Östliche Vorstadt,Fesenfeld,2018-5
2018-05-01,11,2018,5,6,8,2,5,3,1,1,0,0,0,0,0,0,8.618208060000029,53.17448806700003,Vegesack,Vegesack,2018-5
2018-06-01,11,2018,6,2,12,2,0,7,1,0,0,0,0,0,0,0,8.774530816000038,53.11190108800008,Walle,Walle,2018-6
2018-05-01,11,2018,5,4,13,2,6,7,1,0,1,0,0,0,0,0,8.52868552700005,53.19390455700005,Blumenthal,Farge,2018-5
2018-05-01,11,2018,5,3,10,3,5,3,1,1,0,0,0,0,0,0,8.902613135000024,53.12676357200007,Unbekannt,Borgfeld,2018-5
2018-05-01,11,2018,5,2,6,3,1,3,1,1,0,0,0,0,0,0,8.901428151000061,53.059422408000046,Hemelingen,Sebaldsbrück,2018-5
2018-05-01,11,2018,5,4,6,3,5,3,1,1,0,0,0,0,0,0,8.695292600000073,53.16875345400007,Burglesum,Lesum,2018-5
2018-05-01,11,2018,5,4,9,3,5,3,1,1,0,0,0,0,0,0,8.771389369000076,53.09501779500005,Walle,Überseestadt,2018-5
2018-05-01,11,2018,5,3,16,3,0,7,1,0,0,0,0,1,0,0,8.904303285000026,53.047447215000034,Hemelingen,Hemelingen,2018-5
2018-05-01,11,2018,5,5,14,3,3,6,1,1,0,0,0,0,0,0,8.601907510000046,53.18012273100004,Vegesack,Fähr-Lobbendorf,2018-5
2018-06-01,12,2018,6,6,10,3,5,3,1,1,0,0,0,0,0,0,8.599992923000059,53.51225272800008,Wulsdorf,Dreibergen,2018-6
2018-05-01,11,2018,5,4,15,3,6,4,1,0,1,0,0,0,0,0,8.816351990000044,53.07796870200008,Mitte,Ostertor,2018-5
2018-05-01,11,2018,5,6,8,3,0,6,1,0,0,0,0,0,0,0,8.804415224000024,53.08075552100007,Mitte,Bahnhofsvorstadt,2018-5
2018-05-01,11,2018,5,1,15,3,7,7,1,0,0,0,0,1,0,0,8.751365510000028,53.12974204600005,Gröpelingen,Ohlenhof,2018-5
2018-05-01,11,2018,5,4,18,3,3,6,1,1,0,0,0,0,0,0,8.842162290000033,53.03184078100003,Obervieland,Arsten,2018-5
2018-05-01,11,2018,5,4,17,3,6,3,1,0,1,0,0,0,0,0,8.793669636000061,53.07407498500004,Neustadt,Alte Neustadt,2018-5
2018-05-01,11,2018,5,5,10,3,5,2,1,1,0,0,0,0,0,0,8.824748810000074,53.084582270000055,Schwachhausen,Bürgerpark,2018-5
2018-06-01,11,2018,6,6,18,3,5,2,1,1,0,0,0,0,0,0,8.758219616000076,53.11650377900003,Gröpelingen,Lindenhof,2018-6
2018-05-01,11,2018,5,3,14,3,1,7,1,1,0,0,0,0,0,0,8.751393914000062,53.12575232300003,Gröpelingen,Ohlenhof,2018-5
2018-05-01,11,2018,5,3,7,3,3,6,1,1,0,0,0,0,0,0,8.852764430000036,53.073816589000046,Östliche Vorstadt,Hulsberg,2018-5
2018-05-01,12,2018,5,3,21,3,0,7,1,0,0,0,0,0,1,0,8.553802544000064,53.57879138000004,Häfen (BHV),Stadtbremisches Überseehafengebiet Bremerhaven,2018-5
2018-05-01,11,2018,5,4,8,3,5,2,1,1,0,0,0,0,0,0,8.898926462000077,53.12748678500003,Unbekannt,Borgfeld,2018-5
2018-05-01,12,2018,5,3,16,3,5,2,1,1,0,0,0,0,0,0,8.593882996000048,53.54934027400003,Geestemünde,Geestemünde-Nord,2018-5
2018-05-01,12,2018,5,5,16,3,5,3,1,1,0,0,0,0,0,0,8.601996197000062,53.57027798200005,Lehe (BHV),Schierholz,2018-5
2018-05-01,12,2018,5,3,14,3,0,7,1,1,0,0,0,0,0,0,8.606788255000026,53.50973533500007,Wulsdorf,Dreibergen,2018-5
2018-05-01,11,2018,5,3,16,3,4,6,1,1,0,0,0,0,0,0,8.775558172000046,53.06050681100004,Neustadt,Neuenland,2018-5
2018-05-01,11,2018,5,2,14,3,5,3,1,1,0,0,0,0,0,0,8.720607021000035,53.13234271600004,Häfen,Industriehäfen,2018-5
2018-05-01,11,2018,5,3,17,3,5,2,1,1,0,0,0,0,0,0,8.95939136800007,53.04719750500004,Osterholz,Osterholz,2018-5
2018-05-01,11,2018,5,3,17,2,5,2,1,1,1,0,0,0,0,0,8.800136740000028,53.06234964300006,Neustadt,Buntentor,2018-5
2018-05-01,11,2018,5,3,16,3,5,3,1,0,0,0,0,1,0,0,8.792684447000056,53.06573495100008,Neustadt,Südervorstadt,2018-5
2018-05-01,11,2018,5,3,6,3,5,3,1,1,0,0,0,0,0,0,8.77721586000007,53.06554816800008,Neustadt,Neuenland,2018-5
2018-05-01,11,2018,5,6,14,3,5,3,1,1,0,0,0,0,0,0,8.815783131000046,53.05404557900005,Neustadt,Huckelriede,2018-5
2018-05-01,11,2018,5,5,15,3,1,5,1,1,0,0,0,0,0,0,8.807219658000065,53.06458814900003,Neustadt,Buntentor,2018-5
2018-05-01,11,2018,5,7,19,3,5,2,1,1,0,0,0,0,0,0,8.786335481000037,53.07464544700008,Neustadt,Alte Neustadt,2018-5
2018-05-01,11,2018,5,3,15,3,5,3,1,1,0,0,0,0,0,0,8.71383624200007,53.14169438900007,Burglesum,Burg-Grambke,2018-5
2018-05-01,11,2018,5,2,18,2,5,2,1,1,0,0,0,0,0,0,8.711477824000042,53.16842811000004,Burglesum,Burgdamm,2018-5
2018-05-01,11,2018,5,5,7,3,0,1,1,0,0,0,0,0,0,0,8.684221425000032,53.16348859500005,Burglesum,Lesum,2018-5
2018-05-01,11,2018,5,3,11,3,6,4,1,0,1,0,0,0,0,0,8.822654550000038,53.07858088700005,Mitte,Ostertor,2018-5
2018-05-01,11,2018,5,3,17,2,5,2,1,1,0,0,0,0,0,0,8.812783029000059,53.07331416400007,Mitte,Altstadt,2018-5
2018-05-01,11,2018,5,3,11,3,5,3,1,1,0,0,0,0,0,0,8.795005522000054,53.08462660900005,Mitte,Bahnhofsvorstadt,2018-5
2018-06-01,12,2018,6,1,17,3,1,5,1,1,0,0,0,0,0,0,8.568434643000046,53.54707336300004,Mitte (BHV),Mitte-Süd,2018-6
2018-05-01,11,2018,5,3,14,3,5,2,1,1,0,0,0,0,0,0,8.807623327000044,53.082506419000026,Mitte,Bahnhofsvorstadt,2018-5
2018-05-01,11,2018,5,3,15,3,5,3,1,1,0,0,0,0,0,0,8.870612940000058,53.09613076000005,Horn-Lehe,Horn,2018-5
2018-05-01,11,2018,5,5,14,3,0,1,1,1,0,0,0,0,0,0,8.941415981000034,53.06446649500003,Osterholz,Ellenerbrok-Schevemoor,2018-5
2018-05-01,11,2018,5,3,17,3,1,5,1,1,0,0,0,0,0,0,8.799150574000066,53.06802417400007,Neustadt,Südervorstadt,2018-5
2018-05-01,11,2018,5,3,21,3,5,3,1,1,0,0,0,0,1,0,8.726947050000035,53.04522006800005,Huchting,Sodenmatt,2018-5
2018-05-01,12,2018,5,5,12,3,0,7,1,1,0,0,0,0,0,0,8.586276686000076,53.56319975300005,Lehe (BHV),Klushof,2018-5
2018-06-01,11,2018,6,1,11,3,1,1,1,1,0,0,0,0,0,0,8.732273727000063,53.05492144100003,Huchting,Mittelshuchting,2018-6
2018-05-01,11,2018,5,4,22,3,5,3,1,1,0,0,0,0,2,1,8.782609999000044,53.08708115100006,Walle,Überseestadt,2018-5
2018-05-01,11,2018,5,3,15,3,5,2,1,1,0,0,0,0,0,0,8.819678142000043,53.07989141000007,Mitte,Ostertor,2018-5
2018-05-01,11,2018,5,3,8,3,3,2,1,1,0,0,0,0,0,0,8.741052599000056,53.05264688500006,Huchting,Kirchhuchting,2018-5
2018-05-01,12,2018,5,2,17,2,0,7,1,0,0,0,0,0,0,0,8.552142078000031,53.57113972500008,Häfen (BHV),Stadtbremisches Überseehafengebiet Bremerhaven,2018-5
2018-05-01,12,2018,5,1,15,3,0,7,1,1,0,0,0,0,0,0,8.582079503000045,53.55300847400008,Lehe (BHV),Goethestrasse,2018-5
2018-05-01,12,2018,5,2,6,3,4,3,1,1,0,0,0,0,0,0,8.598609495000062,53.53613065300004,Geestemünde,Geestendorf,2018-5
2018-05-01,11,2018,5,3,4,3,0,7,1,0,0,0,0,0,2,0,8.833363081000073,53.07100856000005,Östliche Vorstadt,Steintor,2018-5
2018-05-01,11,2018,5,5,9,3,6,4,1,0,1,0,0,0,0,0,8.80746491900004,53.08248217900007,Mitte,Bahnhofsvorstadt,2018-5
2018-06-01,12,2018,6,6,7,3,5,3,1,1,0,0,0,0,0,0,8.600301817000059,53.528618135000045,Geestemünde,Geestendorf,2018-6
2018-05-01,11,2018,5,2,13,3,6,4,1,0,1,0,0,0,0,0,8.817053480000027,53.07650405100003,Mitte,Ostertor,2018-5
2018-05-01,12,2018,5,3,20,3,5,3,1,0,0,0,0,0,0,0,8.574816362000035,53.54998335800008,Mitte (BHV),Mitte-Nord,2018-5
2018-05-01,11,2018,5,2,8,3,5,3,1,1,0,0,0,0,0,0,8.785405257000036,53.07091720900007,Neustadt,Hohentor,2018-5
2018-05-01,11,2018,5,5,20,3,5,3,1,1,0,0,0,0,0,0,8.79912424500003,53.05644943500005,Neustadt,Neuenland,2018-5
2018-05-01,11,2018,5,2,14,3,4,6,1,1,0,0,0,0,0,0,8.762255750000065,53.09023169800008,Woltmershausen,Woltmershausen,2018-5
2018-05-01,12,2018,5,3,17,3,0,7,1,1,0,0,0,0,0,0,8.565503853000052,53.55017571000008,Häfen (BHV),Stadtbremisches Überseehafengebiet Bremerhaven,2018-5
2018-05-01,11,2018,5,2,18,3,3,2,1,1,0,0,0,0,0,0,8.824748810000074,53.084582270000055,Schwachhausen,Bürgerpark,2018-5
2018-05-01,11,2018,5,5,17,3,5,2,1,1,0,0,0,0,0,0,8.824176787000056,53.070279955000046,Mitte,Ostertor,2018-5
2018-05-01,11,2018,5,2,16,2,5,3,1,0,0,1,0,0,0,0,8.851724105000073,53.02689241000007,Obervieland,Arsten,2018-5
2018-05-01,11,2018,5,1,22,3,5,3,1,1,0,0,0,0,2,0,8.82086498800004,53.03927432500007,Obervieland,Kattenturm,2018-5
2018-05-01,11,2018,5,3,18,3,5,2,1,1,0,0,0,0,0,0,8.785633683000071,53.07096234100004,Neustadt,Hohentor,2018-5
2018-05-01,11,2018,5,2,17,3,5,2,1,1,0,0,0,0,0,0,8.784173493000026,53.10340006700005,Walle,Walle,2018-5
2018-05-01,12,2018,5,6,14,3,6,4,1,0,1,0,0,0,0,0,8.610668615000066,53.52976487200005,Geestemünde,Bürgerpark (BHV),2018-5
2018-05-01,11,2018,5,2,17,3,3,6,1,0,0,0,0,1,0,0,8.806912963000059,53.08184155900005,Mitte,Bahnhofsvorstadt,2018-5
2018-05-01,11,2018,5,2,14,3,5,3,1,1,0,0,0,0,0,0,8.774952505000044,53.06240638400004,Neustadt,Neuenland,2018-5
2018-05-01,11,2018,5,4,1,3,0,1,1,0,0,0,0,0,2,0,8.847881233000066,53.06610632400003,Östliche Vorstadt,Peterswerder,2018-5
2018-05-01,11,2018,5,5,7,3,5,3,1,1,0,0,0,0,0,0,8.524080109000067,53.204015620000064,Blumenthal,Farge,2018-5
2018-05-01,11,2018,5,2,17,3,5,3,1,1,0,0,0,0,0,0,8.78190653300004,53.05658723400006,Neustadt,Neuenland,2018-5
2018-05-01,11,2018,5,1,5,3,4,6,1,0,0,0,0,0,0,0,8.684206075000077,53.16349159500004,Burglesum,Lesum,2018-5
2018-05-01,11,2018,5,2,9,3,0,2,1,1,0,0,0,0,0,0,8.614214697000023,53.17622427300006,Vegesack,Vegesack,2018-5
2018-05-01,11,2018,5,2,18,3,5,3,1,1,0,0,0,0,0,0,8.803610760000026,53.08013936100008,Mitte,Altstadt,2018-5
2018-05-01,11,2018,5,4,9,3,5,2,1,1,0,0,0,0,0,0,8.901760576000072,53.10907580000003,Horn-Lehe,Lehesterdeich,2018-5
2018-05-01,11,2018,5,1,12,3,5,7,1,1,0,0,0,0,0,0,8.828408262000039,53.03707793800004,Obervieland,Kattenturm,2018-5
2018-05-01,11,2018,5,6,19,3,0,7,1,0,0,0,0,0,0,0,8.524077849000037,53.20403912800003,Blumenthal,Farge,2018-5
2018-05-01,11,2018,5,2,8,3,5,3,1,1,0,0,0,0,0,0,8.729420469000047,53.03948378700005,Huchting,Kirchhuchting,2018-5
2018-05-01,11,2018,5,7,17,3,5,3,1,1,0,0,0,0,0,0,8.741582613000048,53.05067430300005,Huchting,Kirchhuchting,2018-5
2018-06-01,11,2018,6,2,17,2,0,1,1,0,0,0,0,1,0,0,8.947186531000057,53.05810928000005,Osterholz,Osterholz,2018-6
2018-05-01,11,2018,5,2,7,3,5,3,1,0,0,0,0,1,0,0,8.773944907000043,53.05894139900005,Neustadt,Neuenland,2018-5
2018-05-01,12,2018,5,1,0,3,3,6,1,1,0,0,0,0,2,0,8.57212237300007,53.551943091000055,Mitte (BHV),Mitte-Nord,2018-5
2018-05-01,11,2018,5,2,18,3,4,6,1,0,0,0,0,0,0,0,8.84776493000004,53.04403871800008,Obervieland,Habenhausen,2018-5
2018-05-01,11,2018,5,1,0,3,0,7,1,0,0,0,0,0,2,0,8.801365417000056,53.07905590000007,Mitte,Altstadt,2018-5
2018-05-01,11,2018,5,5,18,3,1,5,1,1,0,0,0,0,0,0,8.836588783000025,53.06824324200005,Östliche Vorstadt,Peterswerder,2018-5
2018-06-01,11,2018,6,7,12,2,0,7,1,0,0,0,0,0,0,0,8.827247999000065,53.084884274000046,Schwachhausen,Bürgerpark,2018-6
2018-05-01,11,2018,5,4,15,3,5,3,1,1,0,0,0,0,0,0,8.575580468000055,53.191813747000026,Blumenthal,Blumenthal,2018-5
2018-06-01,11,2018,6,1,18,3,5,2,1,1,0,0,0,0,0,0,8.875920690000044,53.082226656000046,Vahr,Neue Vahr Südwest,2018-6
2018-05-01,11,2018,5,1,15,2,0,7,1,0,0,0,0,0,0,0,8.820699502000025,53.07269749400007,Mitte,Ostertor,2018-5
2018-05-01,11,2018,5,4,9,3,0,7,1,0,0,0,0,0,0,0,8.89174554300007,53.08414571800006,Vahr,Neue Vahr Nord,2018-5
2018-05-01,11,2018,5,1,12,2,0,7,1,0,0,0,0,0,0,0,8.86270084900002,53.06535287000003,Hemelingen,Hastedt,2018-5
2018-05-01,11,2018,5,7,13,3,1,7,1,1,0,0,0,0,0,0,8.707190139000033,53.17059820500003,Burglesum,Burgdamm,2018-5
2018-05-01,11,2018,5,7,18,3,0,7,1,0,0,0,0,0,0,0,8.831052765000038,53.085823151000056,Schwachhausen,Bürgerpark,2018-5
2018-05-01,11,2018,5,5,6,3,5,3,1,1,0,0,0,0,0,0,8.71555055500005,53.05363841600007,Huchting,Mittelshuchting,2018-5
2018-05-01,11,2018,5,7,14,2,0,7,1,0,0,0,0,0,0,0,8.85994937700002,53.13368480700007,Unbekannt,Blockland,2018-5
2018-05-01,11,2018,5,7,13,3,5,3,1,1,0,0,0,0,0,0,8.894848846000059,53.04605752700007,Hemelingen,Hemelingen,2018-5
2018-05-01,11,2018,5,7,17,2,5,3,1,0,0,0,0,0,0,0,8.858277549000036,53.04880308600008,Obervieland,Habenhausen,2018-5
2018-05-01,11,2018,5,5,15,3,5,2,1,1,0,0,0,0,0,0,8.82256293000006,53.07520831100004,Mitte,Ostertor,2018-5
2018-05-01,11,2018,5,6,22,3,1,7,1,1,0,0,0,0,2,0,8.823659060000068,53.071604259000026,Mitte,Ostertor,2018-5
2018-05-01,12,2018,5,6,18,3,5,3,1,0,0,0,0,0,0,0,8.600663092000048,53.57021302900006,Lehe (BHV),Schierholz,2018-5
2018-05-01,12,2018,5,7,16,3,5,2,1,1,0,0,0,0,0,0,8.598236574000055,53.57022603700005,Lehe (BHV),Klushof,2018-5
2018-05-01,11,2018,5,2,15,3,5,3,1,1,0,0,0,0,0,0,8.808604510000066,53.08290982000005,Mitte,Bahnhofsvorstadt,2018-5
2018-06-01,11,2018,6,6,7,3,5,2,1,0,0,0,1,0,0,0,8.820808346000035,53.05136618800003,Neustadt,Huckelriede,2018-6
2018-05-01,12,2018,5,6,13,3,5,3,1,1,0,0,0,0,0,0,8.595844268000064,53.58819769500008,Leherheide,Königsheide,2018-5
2018-05-01,11,2018,5,3,21,3,5,2,1,1,0,0,0,0,2,0,8.797872444000063,53.06637024300005,Neustadt,Südervorstadt,2018-5
2018-05-01,12,2018,5,6,10,2,5,2,1,1,0,0,0,0,0,0,8.59790861700003,53.50677585900007,Wulsdorf,Dreibergen,2018-5
2018-05-01,12,2018,5,4,21,3,5,3,1,1,0,0,0,0,1,0,8.59889147900003,53.57331339800004,Lehe (BHV),Eckernfeld,2018-5
2018-06-01,11,2018,6,2,22,3,0,7,1,0,0,0,0,0,1,0,8.79949330900007,53.06935744000003,Neustadt,Alte Neustadt,2018-6
2018-05-01,11,2018,5,2,15,3,2,6,1,0,0,0,1,0,0,0,8.894900612000072,53.05964251300003,Hemelingen,Sebaldsbrück,2018-5
2018-05-01,11,2018,5,5,22,3,6,4,1,0,1,0,0,0,1,0,8.891599124000038,53.06089569800008,Hemelingen,Sebaldsbrück,2018-5
2018-05-01,11,2018,5,2,9,3,5,3,1,1,0,0,0,0,0,0,8.570536785000058,53.20175936600003,Blumenthal,Lüssum-Bockhorn,2018-5
2018-05-01,11,2018,5,6,12,3,5,2,1,1,0,0,0,0,0,0,8.80701166600005,53.06470883400005,Neustadt,Buntentor,2018-5
2018-05-01,11,2018,5,6,10,3,5,2,1,1,0,0,0,0,0,0,8.780583757000045,53.06815110300005,Neustadt,Hohentor,2018-5
2018-05-01,11,2018,5,4,9,2,0,7,1,0,0,0,0,0,0,1,8.791142647000072,53.06477128000006,Neustadt,Südervorstadt,2018-5
2018-05-01,11,2018,5,6,17,3,5,3,1,1,0,0,0,0,0,0,8.828498024000055,53.08007057900005,Schwachhausen,Gete,2018-5
2018-06-01,11,2018,6,2,7,3,5,3,1,1,0,0,0,0,0,0,8.763328819000037,53.11654725500006,Gröpelingen,Gröpelingen,2018-6
2018-05-01,11,2018,5,6,15,3,0,1,1,0,0,0,0,0,0,0,8.816678567000054,53.09242227700008,Findorff,Weidedamm,2018-5
2018-05-01,11,2018,5,6,15,3,1,5,1,1,0,0,0,0,0,0,8.842856373000075,53.08912983400006,Schwachhausen,Neu-Schwachhausen,2018-5
2018-05-01,11,2018,5,6,15,3,5,3,1,1,0,0,0,0,0,0,8.888827689000038,53.085978305000026,Vahr,Neue Vahr Nord,2018-5
2018-05-01,12,2018,5,3,9,3,3,2,1,0,0,0,0,0,0,0,8.597061049000047,53.57452781800004,Lehe (BHV),Eckernfeld,2018-5
2018-05-01,11,2018,5,5,18,3,5,3,1,1,0,0,0,0,0,0,8.815132900000037,53.07713349000005,Mitte,Ostertor,2018-5
2018-05-01,11,2018,5,6,17,3,6,4,1,0,1,0,0,0,0,0,8.87078668600003,53.06468844700004,Hemelingen,Hastedt,2018-5
2018-05-01,11,2018,5,1,3,3,1,5,1,1,0,0,0,0,2,0,8.794335768000053,53.07198536700008,Neustadt,Alte Neustadt,2018-5
2018-05-01,11,2018,5,3,14,2,5,3,1,0,0,0,1,0,0,0,8.798657405000029,53.05452474400005,Neustadt,Neuenland,2018-5
2018-05-01,12,2018,5,4,19,3,0,7,1,0,0,0,0,0,0,0,8.589534839000066,53.53206458100004,Geestemünde,Geestendorf,2018-5
2018-05-01,12,2018,5,4,16,3,6,7,1,0,1,0,0,0,0,0,8.591526429000055,53.532212515000026,Geestemünde,Geestendorf,2018-5
2018-06-01,11,2018,6,7,1,3,1,7,1,0,0,0,0,1,2,0,8.852278511000065,53.08838557400003,Schwachhausen,Riensberg,2018-6
2018-06-01,11,2018,6,6,18,3,5,3,1,1,0,0,0,0,0,0,8.71768379200006,53.17603196800008,Burglesum,Burgdamm,2018-6
2018-06-01,11,2018,6,7,18,3,0,7,1,0,0,0,0,0,0,0,8.801368969000066,53.071277218000034,Neustadt,Alte Neustadt,2018-6
2018-07-01,11,2018,7,3,22,3,3,2,1,1,0,0,0,0,1,0,8.828314988000045,53.080194541000026,Schwachhausen,Barkhof,2018-7
2018-06-01,11,2018,6,3,13,3,3,2,1,1,0,0,0,0,0,0,8.837995076000027,53.07844914200007,Schwachhausen,Gete,2018-6