Datetime,UKREIS,UJAHR,UMONAT,UWOCHENTAG,USTUNDE,UKATEGORIE,UART,UTYP1,IstRad,IstPKW,IstFuss,IstKrad,IstGkfz,IstSonstig,ULICHTVERH,STRZUSTAND,longitude,latitude,Stadtteil,Ortsteil,Datetime
2018-06-01,11,2018,6,7,9,3,5,2,1,1,0,0,0,0,0,0,8.59530028100005,53.17924609900007,Vegesack,Fähr-Lobbendorf,2018-6
2018-07-01,12,2018,7,5,22,3,5,3,1,1,0,0,0,0,1,0,8.593685312000048,53.533369023000034,Geestemünde,Geestendorf,2018-7
2018-07-01,11,2018,7,4,17,3,5,3,1,1,0,0,0,0,0,1,8.803515597000057,53.07683619300008,Mitte,Altstadt,2018-7
2018-06-01,11,2018,6,4,15,3,5,3,1,1,0,0,0,0,0,0,8.879699305000031,53.11255438200004,Horn-Lehe,Lehesterdeich,2018-6
2018-06-01,11,2018,6,7,18,3,3,2,1,1,0,0,0,0,0,0,8.961919129000023,53.05323371000003,Osterholz,Osterholz,2018-6
2018-06-01,12,2018,6,4,7,3,5,2,1,1,0,0,0,0,0,0,8.596213120000073,53.50966365500005,Wulsdorf,Dreibergen,2018-6
2018-06-01,11,2018,6,3,15,3,0,7,1,0,0,0,0,0,0,0,8.882244411000045,53.10097491800008,Horn-Lehe,Lehe,2018-6
2018-06-01,11,2018,6,7,18,3,4,6,1,0,0,0,0,0,0,0,8.860923537000076,53.06338723400006,Hemelingen,Hastedt,2018-6
2018-06-01,11,2018,6,5,7,3,5,6,1,0,0,0,0,0,0,0,8.83353147300005,53.09442468000003,Schwachhausen,Neu-Schwachhausen,2018-6
2018-06-01,11,2018,6,6,7,3,0,7,1,0,0,1,0,1,0,1,8.786051430000043,53.07778711700007,Häfen,Hohentorshafen,2018-6
2018-06-01,11,2018,6,6,11,3,5,2,1,1,0,0,0,0,0,0,8.853830148000043,53.06571276500006,Hemelingen,Hastedt,2018-6
2018-07-01,11,2018,7,3,16,3,5,3,1,1,0,0,0,0,0,0,8.934693637000066,53.08340334800005,Oberneuland,Unbekannt,2018-7
2018-06-01,11,2018,6,3,18,3,3,2,1,1,0,0,0,0,0,0,8.886098418000074,53.05994561400007,Hemelingen,Hemelingen,2018-6
2018-06-01,11,2018,6,6,17,3,5,3,1,1,0,0,0,0,0,0,8.81867296400003,53.06972332000004,Mitte,Ostertor,2018-6
2018-06-01,11,2018,6,7,18,2,5,3,1,1,0,0,0,0,0,0,8.879071916000044,53.06507172500005,Hemelingen,Hastedt,2018-6
2018-06-01,11,2018,6,6,10,3,5,2,1,0,0,0,0,1,0,0,8.850906042000076,53.07170713000005,Östliche Vorstadt,Hulsberg,2018-6
2018-06-01,11,2018,6,5,8,3,5,3,1,0,0,0,0,0,0,0,8.612394436000045,53.17505813100007,Vegesack,Vegesack,2018-6
2018-06-01,11,2018,6,2,7,3,5,3,1,1,0,0,0,0,0,0,8.792061861000036,53.07305856900007,Neustadt,Alte Neustadt,2018-6
2018-06-01,11,2018,6,3,8,3,5,2,1,1,0,0,0,0,0,0,8.832605525000076,53.03349105600006,Obervieland,Arsten,2018-6
2018-06-01,12,2018,6,6,13,3,5,3,1,1,0,0,0,0,0,0,8.586601035000058,53.53667666900003,Geestemünde,Geestemünde-Nord,2018-6
2018-06-01,11,2018,6,5,11,3,5,2,1,1,0,0,0,0,0,0,8.875130006000063,53.08242706100003,Schwachhausen,Radio Bremen,2018-6
2018-06-01,11,2018,6,4,14,3,5,7,1,1,0,0,0,0,0,0,8.871628540000074,53.06227655200007,Hemelingen,Hastedt,2018-6
2018-07-01,11,2018,7,6,15,3,1,5,1,1,0,0,0,0,0,0,8.754589332000023,53.11650908200005,Gröpelingen,Lindenhof,2018-7
2018-07-01,11,2018,7,6,0,3,1,7,1,1,0,0,0,0,2,0,8.89441611500007,53.05205798800006,Hemelingen,Hemelingen,2018-7
2018-06-01,11,2018,6,1,15,3,5,3,1,1,0,0,0,0,0,1,8.811417737000056,53.091750527000045,Findorff,Findorff-Bürgerweide,2018-6
2018-06-01,11,2018,6,5,9,3,5,3,1,0,0,0,0,1,0,0,8.758398532000058,53.115629400000046,Gröpelingen,Lindenhof,2018-6
2018-07-01,12,2018,7,2,22,3,0,1,1,0,0,0,0,0,2,0,8.593608335000056,53.55241529500006,Lehe (BHV),Klushof,2018-7
2018-06-01,11,2018,6,5,13,3,5,3,1,1,0,0,0,0,0,0,8.897078432000058,53.11823124900008,Horn-Lehe,Lehesterdeich,2018-6
2018-06-01,11,2018,6,3,12,3,6,6,1,0,1,0,0,0,0,0,8.907102596000072,53.04007994600005,Hemelingen,Arbergen,2018-6
2018-06-01,11,2018,6,6,18,3,5,3,1,1,0,0,0,0,0,0,8.817084274000024,53.078782982000064,Mitte,Ostertor,2018-6
2018-07-01,11,2018,7,5,17,3,5,2,1,1,0,0,0,0,0,0,8.824400877000073,53.08442219700004,Schwachhausen,Barkhof,2018-7
2018-07-01,11,2018,7,2,17,3,5,3,1,1,0,0,0,0,0,0,8.80733312500007,53.08239406400003,Mitte,Bahnhofsvorstadt,2018-7
2018-07-01,11,2018,7,5,12,3,0,7,1,0,0,0,0,0,0,0,8.80909828700004,53.06346256100005,Neustadt,Buntentor,2018-7
2018-06-01,11,2018,6,7,19,2,5,3,1,1,0,0,0,0,0,0,8.809366030000035,53.03166779600008,Obervieland,Kattenesch,2018-6
2018-06-01,12,2018,6,4,16,3,5,2,1,0,0,0,0,1,0,0,8.575860305000049,53.55556374700007,Lehe (BHV),Goethestrasse,2018-6
2018-06-01,11,2018,6,2,17,3,0,7,1,0,0,0,0,0,0,1,8.831572650000055,53.08594316800003,Schwachhausen,Bürgerpark,2018-6
2018-06-01,11,2018,6,5,13,3,5,3,1,1,0,0,0,0,0,0,8.76482955800003,53.10999603100004,Gröpelingen,Lindenhof,2018-6
2018-06-01,11,2018,6,7,19,3,5,3,1,1,0,0,0,0,0,0,8.817254607000052,53.07870197500006,Mitte,Ostertor,2018-6
2018-06-01,12,2018,6,4,10,3,5,3,1,1,0,0,0,0,0,0,8.584110424000073,53.52124363300004,Fischereihafen,Fischereihafen,2018-6
2018-06-01,12,2018,6,4,20,3,1,5,1,0,0,0,1,0,0,0,8.601906685000074,53.57077899500007,Lehe (BHV),Schierholz,2018-6
2018-06-01,11,2018,6,4,17,3,6,4,1,0,1,0,0,0,0,0,8.832552210000074,53.068609148000064,Östliche Vorstadt,Peterswerder,2018-6
2018-07-01,11,2018,7,5,16,3,5,3,1,1,0,0,0,0,0,0,8.934733419000054,53.07010273100008,Osterholz,Ellenerbrok-Schevemoor,2018-7
2018-06-01,11,2018,6,4,17,3,5,3,1,1,0,0,0,0,0,0,8.757827883000061,53.12299784600003,Gröpelingen,Ohlenhof,2018-6
2018-06-01,12,2018,6,7,19,3,1,7,1,1,0,0,0,0,0,0,8.595209359000023,53.53877380000006,Geestemünde,Geestemünde-Nord,2018-6
2018-06-01,11,2018,6,4,8,3,5,2,1,0,0,0,0,0,0,0,8.831294060000062,53.07549233800006,Östliche Vorstadt,Fesenfeld,2018-6
2018-06-01,11,2018,6,5,18,3,1,5,1,1,0,0,0,0,0,0,8.758913127000028,53.116920839000045,Gröpelingen,Gröpelingen,2018-6
2018-07-01,11,2018,7,7,1,3,0,7,1,0,0,0,0,0,2,0,8.810680754000032,53.07182578000004,Mitte,Altstadt,2018-7
2018-06-01,11,2018,6,4,21,3,5,3,1,1,0,0,0,0,1,0,8.83819709900007,53.06775234300005,Östliche Vorstadt,Peterswerder,2018-6
2018-07-01,11,2018,7,3,6,2,0,3,1,1,0,0,0,0,0,0,8.749591357000043,53.12051204200003,Häfen,Industriehäfen,2018-7
2018-06-01,11,2018,6,4,21,3,5,2,1,1,0,0,0,0,0,0,8.941151949000073,53.05875555500006,Osterholz,Ellenerbrok-Schevemoor,2018-6
2018-07-01,11,2018,7,4,7,3,2,6,1,1,0,0,0,0,0,0,8.86492510200003,53.09578258400006,Horn-Lehe,Horn,2018-7
2018-06-01,12,2018,6,2,14,3,5,3,1,1,0,0,0,0,0,0,8.573600862000035,53.55861393800007,Lehe (BHV),Goethestrasse,2018-6
2018-06-01,12,2018,6,3,17,2,5,3,1,1,0,0,0,0,0,0,8.638547920000065,53.53088519200003,Schiffdorferdamm,Schiffdorferdamm,2018-6
2018-06-01,12,2018,6,3,18,3,3,6,1,1,0,0,0,0,0,0,8.594440967000025,53.55865461800005,Lehe (BHV),Klushof,2018-6
2018-06-01,12,2018,6,4,7,3,5,2,1,1,0,0,0,0,0,0,8.597889291000058,53.58017140200008,Lehe (BHV),Eckernfeld,2018-6
2018-06-01,12,2018,6,3,15,3,1,5,1,1,0,0,0,0,0,0,8.59874971000005,53.53170506500004,Geestemünde,Geestendorf,2018-6
2018-06-01,11,2018,6,1,11,2,6,4,1,0,1,0,0,0,0,0,8.81337497900006,53.05809728300005,Neustadt,Huckelriede,2018-6
2018-07-01,12,2018,7,2,16,3,5,3,1,1,0,0,0,0,0,0,8.571246982000048,53.55084258200003,Mitte (BHV),Mitte-Nord,2018-7
2018-06-01,11,2018,6,3,19,3,1,5,1,1,0,0,0,0,0,0,8.802739005000035,53.06330950200004,Neustadt,Buntentor,2018-6
2018-06-01,11,2018,6,3,10,3,5,3,1,1,0,0,0,0,0,0,8.839100658000064,53.08999240000003,Schwachhausen,Neu-Schwachhausen,2018-6
2018-06-01,11,2018,6,3,19,2,0,7,1,0,0,0,0,0,0,0,8.833174287000077,53.07864342400006,Östliche Vorstadt,Fesenfeld,2018-6
2018-06-01,11,2018,6,3,11,3,5,3,1,1,0,0,0,0,0,0,8.792220203000056,53.08272908600003,Mitte,Altstadt,2018-6
2018-06-01,11,2018,6,3,18,3,3,6,1,0,0,0,0,0,0,0,8.822536802000059,53.07521049000008,Mitte,Ostertor,2018-6
2018-06-01,11,2018,6,3,9,3,0,1,1,0,0,0,0,0,0,0,8.84727498500007,53.09285415000005,Schwachhausen,Riensberg,2018-6
2018-06-01,11,2018,6,7,9,3,5,3,1,0,0,0,0,1,0,0,8.899193185000058,53.12083374900004,Unbekannt,Borgfeld,2018-6
2018-06-01,11,2018,6,2,18,3,5,3,1,0,0,0,0,0,0,0,8.823551117000022,53.044155190000026,Obervieland,Kattenturm,2018-6
2018-06-01,11,2018,6,3,19,3,1,5,1,1,0,0,0,0,0,0,8.827019799000027,53.07655944100003,Östliche Vorstadt,Fesenfeld,2018-6
2018-06-01,11,2018,6,6,12,3,5,3,1,1,0,0,0,0,0,0,8.702887787000066,53.17109649800005,Burglesum,Burgdamm,2018-6
2018-06-01,11,2018,6,2,7,3,5,3,1,1,0,0,0,0,0,0,8.62661915700005,53.18463210800007,Vegesack,Unbekannt,2018-6
2018-07-01,11,2018,7,4,13,3,3,2,1,0,0,0,0,1,0,1,8.808176142000036,53.09463145900003,Findorff,Findorff-Bürgerweide,2018-7
2018-07-01,11,2018,7,2,16,3,0,7,1,0,0,0,0,0,0,0,8.759492891000036,53.12521086100003,Gröpelingen,Ohlenhof,2018-7
2018-06-01,11,2018,6,3,22,3,1,5,1,1,0,0,0,0,1,0,8.92224630800007,53.04096117700004,Hemelingen,Arbergen,2018-6
2018-06-01,11,2018,6,6,8,3,2,6,1,0,0,0,0,0,0,1,8.805195789000038,53.07295073000006,Mitte,Altstadt,2018-6
2018-06-01,11,2018,6,2,8,3,5,3,1,1,0,0,0,0,0,0,8.876537149000058,53.08104248300003,Vahr,Gartenstadt Vahr,2018-6
2018-07-01,11,2018,7,3,16,3,0,3,1,1,0,0,0,0,0,0,8.774968179000041,53.07726899600004,Woltmershausen,Woltmershausen,2018-7
2018-06-01,11,2018,6,3,19,3,5,3,1,0,0,0,0,1,0,0,8.895755339000061,53.05125860200008,Hemelingen,Hemelingen,2018-6
2018-07-01,11,2018,7,1,10,3,4,6,1,0,0,0,0,0,0,0,8.795581088000063,53.07547363800006,Neustadt,Alte Neustadt,2018-7
2018-06-01,11,2018,6,2,16,3,5,3,1,1,0,0,0,0,0,0,8.87792364400002,53.07965722200004,Vahr,Gartenstadt Vahr,2018-6
2018-06-01,11,2018,6,2,11,3,5,3,1,1,0,0,0,0,0,0,8.85876311100003,53.07236335400006,Hemelingen,Hastedt,2018-6
2018-07-01,11,2018,7,4,14,3,6,4,1,0,1,0,0,0,0,0,8.787063272000069,53.10003421300007,Walle,Westend,2018-7
2018-06-01,12,2018,6,1,20,2,5,3,1,1,0,0,0,0,0,0,8.595350291000045,53.54317204600005,Geestemünde,Geestemünde-Nord,2018-6
2018-06-01,11,2018,6,1,13,3,0,7,1,0,0,0,0,0,0,0,8.87784229700003,53.03927505300004,Hemelingen,Hemelingen,2018-6
2018-07-01,11,2018,7,1,18,3,5,3,1,1,0,0,0,0,0,0,8.846947059000058,53.04826474000004,Obervieland,Habenhausen,2018-7
2018-07-01,12,2018,7,7,12,3,5,2,1,1,0,0,0,0,0,0,8.600702091000073,53.51426192300005,Wulsdorf,Dreibergen,2018-7
2018-06-01,11,2018,6,7,13,3,5,3,1,1,0,0,0,0,0,0,8.753341729000056,53.12091973200006,Gröpelingen,Ohlenhof,2018-6
2018-06-01,11,2018,6,7,12,3,1,5,1,1,0,0,0,0,0,0,8.783123801000045,53.07552195800008,Woltmershausen,Woltmershausen,2018-6
2018-06-01,11,2018,6,7,18,3,5,2,1,1,0,0,0,0,0,0,8.853631620000044,53.06487338200003,Hemelingen,Hastedt,2018-6
2018-06-01,11,2018,6,7,22,2,5,3,1,0,0,0,0,1,2,0,8.56513553700006,53.18687866500005,Blumenthal,Blumenthal,2018-6
2018-07-01,11,2018,7,6,20,3,5,3,1,1,0,0,0,0,0,0,8.876504314000044,53.08103182800005,Vahr,Gartenstadt Vahr,2018-7
2018-06-01,11,2018,6,5,8,3,5,3,1,1,0,0,0,0,0,0,8.711070248000055,53.16830642800005,Burglesum,Burgdamm,2018-6
2018-06-01,11,2018,6,2,8,3,0,7,1,0,0,0,0,0,0,0,8.851701105000075,53.09563814200004,Schwachhausen,Riensberg,2018-6
2018-06-01,11,2018,6,7,15,3,4,6,1,0,0,0,0,0,0,0,8.712139248000028,53.14571235100004,Burglesum,Burg-Grambke,2018-6
2018-06-01,12,2018,6,6,2,3,5,2,1,0,0,0,0,1,2,0,8.594139039000027,53.539024049000034,Geestemünde,Geestemünde-Nord,2018-6
2018-06-01,11,2018,6,4,17,3,0,1,1,0,0,0,0,0,0,0,8.869411074000027,53.06701667600004,Hemelingen,Hastedt,2018-6
2018-07-01,11,2018,7,6,15,3,5,3,1,1,0,0,0,0,0,0,8.856585559000052,53.07135794000004,Hemelingen,Hastedt,2018-7
2018-06-01,11,2018,6,6,16,3,0,7,1,0,0,0,0,0,0,0,8.819531898000037,53.08051694900007,Mitte,Ostertor,2018-6
2018-07-01,11,2018,7,2,19,3,5,3,1,1,0,0,0,0,0,0,8.756382334000023,53.11842556000005,Gröpelingen,Ohlenhof,2018-7
2018-06-01,11,2018,6,2,15,3,5,3,1,0,0,0,0,1,0,0,8.910354932000075,53.07809598800003,Vahr,Neue Vahr Südost,2018-6
2018-06-01,12,2018,6,2,6,3,5,3,1,1,0,0,0,0,0,0,8.594984164000039,53.57209851200008,Lehe (BHV),Eckernfeld,2018-6
2018-06-01,11,2018,6,6,23,3,0,2,1,1,0,0,0,0,2,0,8.844197780000059,53.07536488000005,Östliche Vorstadt,Hulsberg,2018-6
2018-06-01,11,2018,6,6,10,3,5,3,1,1,0,0,0,0,0,0,8.90070557000007,53.12077094800003,Unbekannt,Borgfeld,2018-6
2018-07-01,11,2018,7,5,15,3,5,3,1,1,0,0,0,0,0,0,8.925597913000047,53.07313056800007,Osterholz,Blockdiek,2018-7
2018-06-01,11,2018,6,6,15,2,5,3,1,1,0,0,0,0,0,0,8.838658030000033,53.08279984500007,Schwachhausen,Schwachhausen,2018-6
2018-06-01,11,2018,6,6,13,3,5,3,1,1,0,0,0,0,0,0,8.849805855000056,53.05044089000006,Obervieland,Habenhausen,2018-6
2018-06-01,11,2018,6,6,15,3,0,3,1,0,0,0,0,1,0,0,8.790995011000064,53.07237929000007,Neustadt,Alte Neustadt,2018-6
2018-07-01,11,2018,7,1,14,3,5,2,1,0,0,1,0,0,0,0,8.785127696000075,53.08858796300007,Walle,Überseestadt,2018-7
2018-06-01,11,2018,6,7,0,3,0,7,1,0,0,0,0,0,2,0,8.794498001000022,53.11703161700007,Walle,Hohweg,2018-6
2018-06-01,11,2018,6,5,14,3,0,7,1,0,1,0,0,0,0,0,8.773885324000048,53.09527661800007,Walle,Überseestadt,2018-6
2018-06-01,11,2018,6,6,11,3,3,6,1,0,0,0,0,1,0,0,8.811174574000063,53.07627685600005,Mitte,Altstadt,2018-6
2018-06-01,12,2018,6,2,15,3,0,7,1,0,0,0,0,0,0,0,8.584890675000054,53.55705897200005,Lehe (BHV),Goethestrasse,2018-6
2018-06-01,12,2018,6,5,14,3,0,7,1,1,0,0,0,0,0,0,8.600350659000071,53.50125633600004,Wulsdorf,Jedutenberg,2018-6
2018-06-01,11,2018,6,6,19,3,5,3,1,1,0,0,0,0,0,0,8.940061494000076,53.067867214000046,Osterholz,Ellenerbrok-Schevemoor,2018-6
2018-06-01,11,2018,6,6,13,3,5,3,1,1,0,0,0,0,0,0,8.79678327800002,53.06697143300005,Neustadt,Südervorstadt,2018-6
2018-07-01,11,2018,7,5,9,3,5,2,1,1,0,0,0,0,0,0,8.914475851000077,53.05959997400004,Hemelingen,Sebaldsbrück,2018-7
2018-06-01,12,2018,6,5,8,3,5,3,1,1,0,0,0,0,0,0,8.632382093000047,53.53074382900007,Schiffdorferdamm,Schiffdorferdamm,2018-6
2018-06-01,11,2018,6,6,14,3,4,6,1,0,0,0,0,0,0,0,8.867192962000047,53.062140029000034,Hemelingen,Hastedt,2018-6
2018-06-01,12,2018,6,7,20,3,0,1,1,0,0,0,0,0,0,0,8.600610153000048,53.57021003600005,Lehe (BHV),Schierholz,2018-6
2018-06-01,11,2018,6,6,7,3,5,3,1,1,0,0,0,0,0,0,8.656472696000037,53.17576371000007,Vegesack,Schönebeck,2018-6
2018-06-01,11,2018,6,5,15,3,3,6,1,0,0,0,0,0,0,0,8.805222251000032,53.073104467000064,Mitte,Altstadt,2018-6
2018-06-01,11,2018,6,7,11,3,5,3,1,1,0,0,0,0,0,0,8.814662702000021,53.04231910900006,Obervieland,Kattenturm,2018-6
2018-06-01,11,2018,6,2,15,3,5,3,1,1,0,0,0,0,0,0,8.700752038000076,53.16792699600006,Burglesum,Burgdamm,2018-6
2018-07-01,11,2018,7,3,16,3,5,2,1,1,0,0,0,0,0,0,8.825122865000026,53.08431030000003,Schwachhausen,Bürgerpark,2018-7
2018-06-01,11,2018,6,3,16,3,4,7,1,0,0,0,0,0,0,0,8.799765936000028,53.079193246000045,Mitte,Altstadt,2018-6
2018-06-01,11,2018,6,5,23,3,5,3,1,1,0,0,0,0,2,1,8.80105510900006,53.06448799800006,Neustadt,Buntentor,2018-6
2018-06-01,12,2018,6,5,9,3,5,3,1,1,0,0,0,0,0,0,8.592346288000044,53.53947038800004,Geestemünde,Geestemünde-Nord,2018-6
2018-06-01,11,2018,6,4,12,3,5,3,1,1,0,0,0,0,0,0,8.87054366600006,53.098179180000045,Horn-Lehe,Horn,2018-6
2018-06-01,11,2018,6,5,15,3,5,3,1,1,0,0,0,0,0,0,8.846933475000071,53.04831568000003,Obervieland,Habenhausen,2018-6
2018-06-01,11,2018,6,7,19,3,6,4,1,0,1,0,0,0,0,0,8.800079437000022,53.07001409800006,Neustadt,Alte Neustadt,2018-6
2018-06-01,11,2018,6,5,16,3,5,2,1,1,0,0,0,0,0,0,8.774011474000076,53.08066513800003,Woltmershausen,Woltmershausen,2018-6
2018-07-01,11,2018,7,3,7,3,0,3,1,1,0,0,0,0,0,1,8.845715217000077,53.03313473200007,Obervieland,Arsten,2018-7
2018-07-01,11,2018,7,7,16,2,0,7,1,0,0,0,0,0,0,0,8.860542635000058,53.04958218100006,Obervieland,Habenhausen,2018-7
2018-06-01,11,2018,6,5,7,3,4,6,1,1,0,0,0,0,0,0,8.788828789000036,53.10422764200007,Walle,Osterfeuerberg,2018-6
2018-07-01,11,2018,7,3,16,3,5,3,1,1,0,0,0,0,0,0,8.731115857000077,53.054646999000056,Huchting,Mittelshuchting,2018-7
2018-06-01,11,2018,6,3,7,3,5,3,1,1,0,0,0,0,0,0,8.916064867000046,53.07116479800004,Hemelingen,Sebaldsbrück,2018-6
2018-06-01,11,2018,6,5,7,3,5,3,1,1,0,0,0,0,0,0,8.803923183000052,53.072482052000055,Neustadt,Alte Neustadt,2018-6
2018-06-01,11,2018,6,5,15,3,5,3,1,1,0,0,0,0,0,0,8.910872262000055,53.03939385600006,Hemelingen,Arbergen,2018-6
2018-06-01,11,2018,6,5,18,2,5,3,1,1,0,0,0,0,0,0,8.83802464300004,53.06789150700007,Östliche Vorstadt,Peterswerder,2018-6
2018-06-01,11,2018,6,4,19,3,4,3,1,1,0,0,0,0,0,0,8.899193185000058,53.12083374900004,Unbekannt,Borgfeld,2018-6
2018-07-01,11,2018,7,6,7,3,5,2,1,1,0,0,0,0,0,1,8.77206207100005,53.09467307300008,Walle,Überseestadt,2018-7
2018-06-01,11,2018,6,7,14,3,5,2,1,0,0,0,0,0,0,0,8.722095401000047,53.15871001100004,Burglesum,Burg-Grambke,2018-6
2018-06-01,11,2018,6,5,9,3,5,2,1,1,0,0,0,0,0,0,8.860280124000042,53.10282485800008,Horn-Lehe,Lehe,2018-6
2018-06-01,11,2018,6,2,16,3,6,4,1,0,1,0,0,0,0,0,8.799905727000066,53.09460579000006,Findorff,Regensburger Str.,2018-6
2018-06-01,12,2018,6,2,15,3,3,6,1,0,0,0,0,1,0,0,8.584706596000046,53.540598671000055,Mitte (BHV),Mitte-Süd,2018-6
2018-06-01,11,2018,6,4,9,3,6,4,1,0,1,0,0,0,0,0,8.802579704000038,53.08265842400005,Mitte,Bahnhofsvorstadt,2018-6
2018-06-01,11,2018,6,4,13,3,5,2,1,1,0,0,0,0,0,0,8.785774179000043,53.10277544400003,Walle,Walle,2018-6
2018-06-01,11,2018,6,4,9,3,0,7,1,0,0,0,0,0,0,0,8.832390001000022,53.08616182400005,Schwachhausen,Bürgerpark,2018-6
2018-07-01,11,2018,7,2,11,3,3,2,1,0,0,0,1,0,0,0,8.619383646000074,53.18406981500004,Vegesack,Unbekannt,2018-7
2018-06-01,11,2018,6,2,18,2,5,2,1,1,0,0,0,0,0,1,8.781589005000058,53.10098280900007,Walle,Walle,2018-6
2018-06-01,11,2018,6,4,7,3,5,2,1,1,0,0,0,0,0,0,8.800177096000027,53.06999463400007,Neustadt,Alte Neustadt,2018-6
2018-06-01,11,2018,6,6,8,2,5,2,1,0,0,0,1,0,0,0,8.819470297000066,53.04861378200008,Neustadt,Huckelriede,2018-6
2018-06-01,11,2018,6,4,16,3,5,2,1,1,0,0,0,0,0,0,8.847161999000036,53.08699373200005,Schwachhausen,Schwachhausen,2018-6
2018-07-01,11,2018,7,1,14,3,0,7,1,0,0,0,0,0,0,0,8.864165823000064,53.068901700000026,Hemelingen,Hastedt,2018-7
2018-07-01,12,2018,7,4,22,3,3,6,1,0,0,0,0,0,1,0,8.569136870000023,53.56039840100004,Mitte (BHV),Mitte-Nord,2018-7
2018-06-01,11,2018,6,4,13,3,5,2,1,1,0,0,0,0,0,0,8.638126209000063,53.17325492300006,Vegesack,Schönebeck,2018-6
2018-06-01,12,2018,6,3,12,3,5,2,1,1,0,0,0,0,0,0,8.590326717000039,53.53985263800007,Geestemünde,Geestemünde-Nord,2018-6
2018-07-01,11,2018,7,3,13,3,6,7,1,0,1,0,0,0,0,0,8.813440572000047,53.09944647200007,Findorff,Weidedamm,2018-7
2018-06-01,11,2018,6,5,13,3,0,2,1,0,1,0,0,0,0,0,8.813910906000046,53.03301562400003,Obervieland,Kattenesch,2018-6
2018-07-01,12,2018,7,3,10,3,5,2,1,1,0,0,0,0,0,0,8.597767872000077,53.57913871200003,Lehe (BHV),Eckernfeld,2018-7
2018-07-01,11,2018,7,1,7,3,4,6,1,0,0,0,0,0,0,0,8.761327805000064,53.05947918000004,Huchting,Grolland,2018-7
2018-06-01,12,2018,6,2,13,3,1,7,1,1,0,0,0,0,0,0,8.572681645000046,53.55047314800004,Mitte (BHV),Mitte-Nord,2018-6
2018-06-01,11,2018,6,3,10,3,5,3,1,1,0,0,0,0,0,0,8.904464052000037,53.07850526300007,Vahr,Neue Vahr Südost,2018-6
2018-06-01,11,2018,6,3,8,3,5,3,1,1,0,0,0,0,0,0,8.94164322000006,53.06041791700005,Osterholz,Ellenerbrok-Schevemoor,2018-6
2018-06-01,11,2018,6,4,15,3,3,2,1,1,0,0,0,0,0,0,8.806814257000042,53.06046795000003,Neustadt,Huckelriede,2018-6
2018-07-01,11,2018,7,7,18,3,5,7,1,1,0,0,0,0,0,0,8.734733250000033,53.05581190800007,Huchting,Mittelshuchting,2018-7
2018-06-01,11,2018,6,3,11,3,3,6,1,0,0,0,0,0,0,0,8.808396555000058,53.08801983300003,Findorff,Findorff-Bürgerweide,2018-6
2018-07-01,12,2018,7,2,19,3,5,3,1,1,0,0,0,0,0,0,8.594302811000034,53.54646280200007,Geestemünde,Geestemünde-Nord,2018-7
2018-06-01,11,2018,6,2,20,3,1,2,1,0,0,0,0,0,0,0,8.959080116000052,53.04712479400007,Osterholz,Osterholz,2018-6
2018-06-01,11,2018,6,3,17,3,5,3,1,1,0,0,0,0,0,0,8.829545734000021,53.07190747800007,Östliche Vorstadt,Steintor,2018-6
2018-06-01,11,2018,6,3,12,3,0,7,1,0,0,0,0,0,0,0,8.572289331000036,53.19567687500006,Blumenthal,Lüssum-Bockhorn,2018-6
2018-06-01,11,2018,6,3,14,3,5,3,1,0,0,0,1,0,0,0,8.791246495000053,53.09152879000004,Walle,Utbremen,2018-6
2018-06-01,11,2018,6,4,9,3,6,7,1,1,1,0,0,0,0,0,8.854614882000021,53.08096335700003,Schwachhausen,Gete,2018-6
2018-06-01,11,2018,6,3,16,3,5,3,1,1,0,0,0,0,0,0,8.754536264000023,53.11928165100005,Gröpelingen,Lindenhof,2018-6
2018-07-01,11,2018,7,2,20,3,0,7,1,0,0,0,0,0,0,0,8.830457398000021,53.08567797500007,Schwachhausen,Bürgerpark,2018-7
2018-06-01,12,2018,6,2,13,2,0,7,1,0,0,0,0,1,0,0,8.618365012000027,53.53030736900007,Geestemünde,Bürgerpark (BHV),2018-6
2018-07-01,11,2018,7,2,16,3,5,3,1,1,0,0,0,0,0,0,8.872318842000027,53.07742057500008,Vahr,Gartenstadt Vahr,2018-7
2018-08-01,11,2018,8,3,20,3,0,6,1,0,1,0,0,0,0,0,8.880479121000064,53.05982462300005,Hemelingen,Hastedt,2018-8
2018-08-01,11,2018,8,7,19,3,4,6,1,0,0,0,0,0,0,0,8.807177477000039,53.07409064700005,Mitte,Altstadt,2018-8
2018-08-01,11,2018,8,4,11,3,4,6,1,1,0,0,0,0,0,0,8.95249842100003,53.09325435900007,Oberneuland,Unbekannt,2018-8
2018-08-01,11,2018,8,6,16,3,1,7,1,1,0,0,0,0,0,0,8.741937032000067,53.12794698600004,Gröpelingen,Oslebshausen,2018-8
2018-08-01,11,2018,8,6,18,2,5,3,1,1,0,0,0,0,0,0,8.924568918000034,53.04408984700007,Hemelingen,Arbergen,2018-8
2018-08-01,11,2018,8,5,13,3,0,3,1,1,0,0,0,0,0,0,8.80686641400007,53.08197270300008,Mitte,Bahnhofsvorstadt,2018-8