Datetime,UKREIS,UJAHR,UMONAT,UWOCHENTAG,USTUNDE,UKATEGORIE,UART,UTYP1,IstRad,IstPKW,IstFuss,IstKrad,IstGkfz,IstSonstig,ULICHTVERH,STRZUSTAND,longitude,latitude,Stadtteil,Ortsteil,Datetime
2018-08-01,11,2018,8,3,17,3,5,3,1,1,0,0,0,0,0,0,8.871018132000074,53.08741685100006,Schwachhausen,Radio Bremen,2018-8
2018-08-01,11,2018,8,5,14,2,5,3,1,1,0,0,0,0,0,0,8.776761444000044,53.10605264800006,Walle,Walle,2018-8
2018-08-01,12,2018,8,5,19,3,3,6,1,1,0,0,0,0,0,0,8.572765367000045,53.56045720800006,Lehe (BHV),Twischkamp,2018-8
2018-08-01,11,2018,8,5,8,3,0,1,1,0,0,0,0,0,0,0,8.768712288000074,53.10295470800003,Walle,Überseestadt,2018-8
2018-08-01,11,2018,8,4,7,3,5,3,1,1,0,0,0,0,0,0,8.898549400000036,53.119926064000026,Unbekannt,Borgfeld,2018-8
2018-08-01,11,2018,8,5,11,3,6,7,1,0,1,0,0,0,0,0,8.756170653000027,53.12522360200006,Gröpelingen,Ohlenhof,2018-8
2018-08-01,11,2018,8,5,16,3,5,2,1,1,0,0,0,0,0,0,8.80836714700007,53.08302377600006,Mitte,Bahnhofsvorstadt,2018-8
2018-08-01,11,2018,8,5,17,3,5,3,1,0,0,0,0,0,0,0,8.82312427900007,53.07944547900007,Mitte,Ostertor,2018-8
2018-08-01,11,2018,8,2,18,3,5,3,1,1,0,0,0,0,0,0,8.740496636000046,53.13759194800008,Gröpelingen,Oslebshausen,2018-8
2018-08-01,11,2018,8,3,7,3,0,7,1,0,0,0,0,0,0,0,8.799209516000076,53.06955011500003,Neustadt,Alte Neustadt,2018-8
2018-08-01,11,2018,8,6,11,3,5,2,1,1,0,0,0,0,0,0,8.66379463000004,53.17543652900008,Burglesum,St.Magnus,2018-8
2018-08-01,11,2018,8,5,8,3,5,3,1,1,0,0,0,0,0,0,8.790403511000022,53.09216179600003,Walle,Westend,2018-8
2018-08-01,11,2018,8,4,14,2,6,4,1,0,1,0,0,0,0,0,8.57796669000004,53.18159824500003,Blumenthal,Blumenthal,2018-8
2018-08-01,11,2018,8,4,17,2,5,2,1,0,0,0,0,0,0,0,8.806105631000037,53.073300388000064,Mitte,Altstadt,2018-8
2018-08-01,11,2018,8,2,13,3,1,5,1,1,0,0,0,0,0,0,8.781934453000076,53.09747377900004,Walle,Steffensweg,2018-8
2018-08-01,11,2018,8,4,16,3,1,7,1,1,0,0,0,0,0,0,8.77836826400005,53.07623489700006,Woltmershausen,Woltmershausen,2018-8
2018-08-01,11,2018,8,4,9,3,3,2,1,0,0,0,0,1,0,0,8.803438615000061,53.08025502000004,Mitte,Altstadt,2018-8
2018-08-01,11,2018,8,4,16,2,3,2,1,0,0,0,0,1,0,0,8.951599080000051,53.05786617600006,Osterholz,Tenever,2018-8
2018-08-01,11,2018,8,2,17,3,4,3,1,0,0,0,0,0,0,0,8.790427076000071,53.08278852700005,Walle,Überseestadt,2018-8
2018-08-01,11,2018,8,4,5,3,5,3,1,1,0,0,0,0,1,0,8.783917788000053,53.06572410500007,Neustadt,Neuenland,2018-8
2018-08-01,11,2018,8,4,7,3,0,7,1,0,0,0,0,1,0,0,8.817700923000075,53.02835112200006,Obervieland,Kattenesch,2018-8
2018-08-01,11,2018,8,2,7,3,5,3,1,1,0,0,0,0,0,0,8.77666905700005,53.09755206800003,Walle,Walle,2018-8
2018-08-01,11,2018,8,4,7,2,5,2,1,1,0,0,0,0,0,0,8.874160360000076,53.06685717000005,Hemelingen,Hastedt,2018-8
2018-08-01,11,2018,8,5,8,3,5,3,1,1,0,0,0,0,0,0,8.891690937000021,53.084244213000034,Vahr,Neue Vahr Nord,2018-8
2018-08-01,11,2018,8,4,12,3,5,3,1,1,0,0,0,0,0,0,8.818960581000056,53.07788402800003,Mitte,Ostertor,2018-8
2018-08-01,11,2018,8,4,16,3,0,1,1,0,0,0,0,0,0,0,8.808430658000077,53.07518408000004,Mitte,Altstadt,2018-8
2018-08-01,11,2018,8,4,8,3,5,2,1,1,0,0,0,0,0,0,8.890278919000025,53.114945686000056,Horn-Lehe,Lehesterdeich,2018-8
2018-08-01,11,2018,8,1,17,3,5,2,1,1,0,0,0,0,0,0,8.812402493000036,53.08603774100004,Findorff,Findorff-Bürgerweide,2018-8
2018-08-01,11,2018,8,4,17,3,5,2,1,1,0,0,0,0,0,0,8.79668900200005,53.08254817100004,Mitte,Altstadt,2018-8
2018-08-01,11,2018,8,4,17,3,1,7,1,0,0,0,0,0,0,0,8.831644932000074,53.08112389400003,Schwachhausen,Gete,2018-8
2018-08-01,11,2018,8,4,18,3,5,2,1,1,0,0,0,0,0,0,8.751750497000046,53.16391360100005,Unbekannt,Blockland,2018-8
2018-07-01,11,2018,7,3,7,3,5,3,1,1,0,0,0,0,0,0,8.619345698000075,53.18296866400004,Vegesack,Fähr-Lobbendorf,2018-7
2018-08-01,11,2018,8,7,6,3,5,3,1,1,0,0,0,0,0,1,8.825122865000026,53.08431030000003,Schwachhausen,Bürgerpark,2018-8
2018-08-01,11,2018,8,3,16,3,3,2,1,1,0,0,0,0,0,0,8.795005038000056,53.08462633600004,Mitte,Bahnhofsvorstadt,2018-8
2018-08-01,11,2018,8,1,14,2,3,6,1,1,0,0,0,0,0,0,8.801684034000061,53.09458208700005,Findorff,Regensburger Str.,2018-8
2018-08-01,11,2018,8,3,9,3,0,7,1,1,0,0,0,0,0,0,8.775253958000064,53.07045975700004,Woltmershausen,Woltmershausen,2018-8
2018-07-01,11,2018,7,3,13,3,2,6,1,0,0,0,0,0,0,0,8.705675937000024,53.174125598000046,Burglesum,Burgdamm,2018-7
2018-08-01,11,2018,8,7,1,3,1,7,1,1,0,0,0,0,2,0,8.737107460000061,53.12877405500007,Gröpelingen,Oslebshausen,2018-8
2018-07-01,11,2018,7,3,20,3,5,3,1,1,0,0,0,0,0,0,8.927739705000022,53.07251837700005,Osterholz,Ellener Feld,2018-7
2018-08-01,11,2018,8,4,12,3,5,3,1,1,0,0,0,0,0,0,8.704679386000066,53.15470936200006,Burglesum,Burg-Grambke,2018-8
2018-07-01,11,2018,7,3,18,3,5,3,1,1,0,0,0,0,0,0,8.804618228000038,53.08579317800008,Mitte,Bahnhofsvorstadt,2018-7
2018-08-01,11,2018,8,6,13,3,5,3,1,0,1,0,0,0,0,0,8.807318406000036,53.07395348600005,Mitte,Altstadt,2018-8
2018-08-01,11,2018,8,2,12,2,5,3,1,1,0,0,0,0,0,0,8.856348191000052,53.082291895000026,Vahr,Gartenstadt Vahr,2018-8
2018-08-01,12,2018,8,6,14,3,0,7,1,1,0,0,0,0,0,0,8.57205859000004,53.54999512800004,Mitte (BHV),Mitte-Nord,2018-8
2018-07-01,11,2018,7,2,15,2,1,5,1,1,0,0,0,0,0,0,8.889382269000066,53.12004971900007,Horn-Lehe,Lehesterdeich,2018-7
2018-08-01,11,2018,8,5,14,3,5,3,1,1,0,0,0,0,0,0,8.769445113000074,53.110662786000034,Gröpelingen,Lindenhof,2018-8
2018-07-01,11,2018,7,2,14,3,1,7,1,1,0,0,0,0,0,0,8.817494594000038,53.09588459900005,Findorff,Weidedamm,2018-7
2018-08-01,11,2018,8,3,13,3,6,4,1,0,1,0,0,0,0,0,8.900821545000042,53.04181382500008,Hemelingen,Hemelingen,2018-8
2018-08-01,11,2018,8,7,13,3,5,3,1,1,0,0,0,0,0,1,8.832046816000059,53.077554934000034,Östliche Vorstadt,Fesenfeld,2018-8
2018-07-01,11,2018,7,2,11,3,4,2,1,1,0,0,0,0,0,0,8.830170508000037,53.08560629100003,Schwachhausen,Bürgerpark,2018-7
2018-08-01,11,2018,8,6,21,3,1,5,1,1,0,0,0,0,2,0,8.843201517000068,53.06894687800008,Östliche Vorstadt,Peterswerder,2018-8
2018-07-01,11,2018,7,2,6,3,5,2,1,1,0,0,0,0,0,0,8.786308792000057,53.05729849400007,Neustadt,Neuenland,2018-7
2018-07-01,11,2018,7,2,15,3,1,7,1,1,0,0,0,0,0,0,8.844065372000045,53.07196123700004,Östliche Vorstadt,Peterswerder,2018-7
2018-08-01,11,2018,8,6,13,3,0,7,1,0,0,0,0,0,0,0,8.808967465000023,53.07215819800007,Mitte,Altstadt,2018-8
2018-07-01,11,2018,7,2,17,3,5,3,1,1,0,0,0,0,0,0,8.824952920000044,53.08419197500007,Schwachhausen,Barkhof,2018-7
2018-08-01,11,2018,8,3,18,3,5,3,1,0,0,0,0,1,0,0,8.855941581000025,53.10349068200003,Horn-Lehe,Lehe,2018-8
2018-07-01,11,2018,7,2,17,3,5,3,1,1,0,0,0,0,0,0,8.950653224000064,53.06011072600006,Osterholz,Ellenerbrok-Schevemoor,2018-7
2018-08-01,11,2018,8,5,14,3,5,3,1,1,0,0,0,0,0,0,8.778042909000021,53.06207371700003,Neustadt,Neuenland,2018-8
2018-08-01,11,2018,8,4,17,3,5,3,1,1,0,0,0,0,0,0,8.801270971000065,53.071518224000044,Neustadt,Alte Neustadt,2018-8
2018-07-01,11,2018,7,1,17,3,5,3,1,1,0,0,0,0,0,0,8.760548726000025,53.12286467700005,Gröpelingen,Ohlenhof,2018-7
2018-07-01,12,2018,7,7,14,2,5,3,1,1,0,0,0,0,0,0,8.598934194000037,53.57022703000007,Lehe (BHV),Klushof,2018-7
2018-08-01,11,2018,8,3,16,3,6,4,1,0,1,0,0,0,2,0,8.809235904000047,53.07793564100007,Mitte,Altstadt,2018-8
2018-08-01,11,2018,8,4,1,3,1,7,1,1,0,0,0,0,2,0,8.886603076000029,53.10050165600006,Horn-Lehe,Lehesterdeich,2018-8
2018-08-01,11,2018,8,5,13,3,1,1,1,1,0,0,0,0,0,0,8.805135300000074,53.09553301900007,Findorff,Regensburger Str.,2018-8
2018-07-01,11,2018,7,7,2,2,7,7,1,0,1,0,0,0,2,0,8.82713071400002,53.07957668500006,Östliche Vorstadt,Fesenfeld,2018-7
2018-07-01,12,2018,7,6,9,3,5,3,1,1,0,0,0,0,0,0,8.579642791000026,53.53823078900007,Mitte (BHV),Mitte-Süd,2018-7
2018-08-01,11,2018,8,1,11,3,0,7,1,0,0,0,0,1,0,0,8.886469834000025,53.10036313500007,Horn-Lehe,Lehesterdeich,2018-8
2018-08-01,11,2018,8,7,15,3,0,7,1,0,0,0,0,0,0,0,8.667591636000054,53.175134384000046,Burglesum,St.Magnus,2018-8
2018-08-01,11,2018,8,3,9,3,5,2,1,1,0,0,0,0,0,0,8.68581187500007,53.17384282200004,Burglesum,Lesum,2018-8
2018-07-01,11,2018,7,6,15,3,5,3,1,1,0,0,0,0,0,0,8.864670574000058,53.09509967500003,Horn-Lehe,Horn,2018-7
2018-08-01,11,2018,8,4,19,3,5,2,1,1,0,0,0,0,0,0,8.825131438000028,53.08433536700005,Schwachhausen,Bürgerpark,2018-8
2018-08-01,11,2018,8,2,13,2,1,7,1,1,0,0,0,0,0,1,8.795890246000056,53.06514655000007,Neustadt,Südervorstadt,2018-8
2018-08-01,12,2018,8,3,11,3,3,6,1,1,0,0,0,0,0,0,8.595090990000074,53.53032973300003,Geestemünde,Geestendorf,2018-8
2018-07-01,11,2018,7,6,12,3,0,1,1,0,0,0,0,0,0,0,8.851939691000041,53.073019474000034,Östliche Vorstadt,Hulsberg,2018-7
2018-07-01,11,2018,7,6,11,3,5,2,1,1,0,0,0,0,0,0,8.57250891800004,53.18396251500008,Blumenthal,Blumenthal,2018-7
2018-07-01,12,2018,7,5,6,3,5,3,1,1,0,0,0,0,0,0,8.604344110000056,53.58797185200007,Leherheide,Königsheide,2018-7
2018-08-01,12,2018,8,2,7,3,0,7,1,0,0,0,1,0,0,1,8.585934269000063,53.55961116600008,Lehe (BHV),Klushof,2018-8
2018-07-01,11,2018,7,5,14,3,5,3,1,1,0,0,0,0,0,0,8.740719632000037,53.052684029000034,Huchting,Kirchhuchting,2018-7
2018-07-01,11,2018,7,5,18,2,5,3,1,1,0,0,0,0,0,0,8.865093827000067,53.06678939500006,Hemelingen,Hastedt,2018-7
2018-08-01,11,2018,8,3,11,3,0,7,1,0,0,0,0,0,0,0,8.838654705000067,53.08279945200008,Schwachhausen,Schwachhausen,2018-8
2018-08-01,11,2018,8,7,13,3,6,4,1,0,1,0,0,0,0,0,8.815326319000064,53.084706065000034,Findorff,Findorff-Bürgerweide,2018-8
2018-08-01,11,2018,8,4,14,3,4,6,1,0,0,0,0,0,0,0,8.681222602000048,53.16313523600007,Burglesum,Lesum,2018-8
2018-08-01,11,2018,8,7,16,3,2,7,1,1,0,0,0,0,0,0,8.78252868800007,53.10136690300004,Walle,Walle,2018-8
2018-08-01,11,2018,8,2,20,3,2,7,1,0,0,0,0,0,0,1,8.831335892000027,53.07126883500007,Östliche Vorstadt,Steintor,2018-8
2018-07-01,11,2018,7,5,18,2,9,7,1,0,0,0,0,0,0,0,8.910018147000073,53.08548102500004,Oberneuland,Unbekannt,2018-7
2018-07-01,11,2018,7,5,15,3,5,3,1,1,0,0,0,0,0,0,8.801989841000022,53.071424852000064,Neustadt,Alte Neustadt,2018-7
2018-08-01,11,2018,8,3,12,3,0,7,1,0,0,0,0,1,0,0,8.800150532000032,53.06234014700004,Neustadt,Buntentor,2018-8
2018-08-01,11,2018,8,4,16,3,1,5,1,1,0,0,0,0,0,0,8.779458548000036,53.09385012500008,Walle,Steffensweg,2018-8
2018-07-01,11,2018,7,4,19,2,5,3,1,1,0,0,0,0,0,0,8.786634500000048,53.08939833000005,Walle,Utbremen,2018-7
2018-08-01,11,2018,8,5,7,3,3,7,1,1,0,0,0,0,0,0,8.767953996000074,53.07321292800003,Woltmershausen,Woltmershausen,2018-8
2018-08-01,11,2018,8,7,13,3,5,3,1,0,0,0,0,0,0,0,8.943853224000065,53.06630240800007,Osterholz,Ellenerbrok-Schevemoor,2018-8
2018-07-01,11,2018,7,3,14,3,3,6,1,1,0,0,0,0,0,0,8.82383863900003,53.07111587300005,Mitte,Ostertor,2018-7
2018-08-01,12,2018,8,2,17,2,0,7,1,1,0,0,0,0,0,0,8.596960706000061,53.52621143700003,Geestemünde,Geestendorf,2018-8
2018-08-01,11,2018,8,3,19,3,5,2,1,1,0,0,0,0,0,0,8.77935459300005,53.10020179600008,Walle,Walle,2018-8
2018-08-01,11,2018,8,6,8,3,0,7,1,0,0,0,0,0,0,0,8.889967341000045,53.07919135700007,Vahr,Neue Vahr Südwest,2018-8
2018-07-01,11,2018,7,3,10,3,5,3,1,1,0,0,0,0,0,0,8.786007353000059,53.06816315800006,Neustadt,Neustadt,2018-7
2018-08-01,11,2018,8,5,14,3,6,4,1,0,1,0,0,0,0,0,8.805570394000029,53.08116719000003,Mitte,Bahnhofsvorstadt,2018-8
2018-07-01,11,2018,7,3,17,2,5,3,1,1,0,0,0,0,0,0,8.618640564000032,53.175009473000046,Vegesack,Vegesack,2018-7
2018-08-01,11,2018,8,7,23,3,4,2,1,1,0,0,0,0,2,0,8.822688717000062,53.07520748200005,Östliche Vorstadt,Fesenfeld,2018-8
2018-08-01,12,2018,8,4,13,3,5,2,1,1,0,0,0,0,0,0,8.597537527000043,53.57151794000004,Lehe (BHV),Klushof,2018-8
2018-08-01,11,2018,8,5,22,3,0,1,1,0,0,0,0,0,2,0,8.822294936000048,53.02708175800007,Obervieland,Kattenesch,2018-8
2018-07-01,11,2018,7,3,19,3,4,6,1,0,0,0,0,0,0,0,8.907280502000049,53.08208970600003,Osterholz,Blockdiek,2018-7
2018-07-01,12,2018,7,2,19,3,5,3,1,1,0,0,0,0,0,0,8.591877736000072,53.561755824000045,Lehe (BHV),Klushof,2018-7
2018-07-01,11,2018,7,2,16,3,5,2,1,1,0,0,0,0,0,0,8.787423733000026,53.08997173900008,Walle,Steffensweg,2018-7
2018-07-01,11,2018,7,2,15,3,5,3,1,0,0,0,0,0,0,0,8.948117801000024,53.05576246400005,Osterholz,Osterholz,2018-7
2018-08-01,11,2018,8,2,8,3,1,7,1,1,0,0,0,0,0,0,8.856084616000032,53.08870457900008,Schwachhausen,Radio Bremen,2018-8
2018-08-01,11,2018,8,4,7,3,5,3,1,1,0,0,0,0,0,0,8.716139248000047,53.17821715400004,Burglesum,Burgdamm,2018-8
2018-07-01,11,2018,7,1,20,3,4,6,1,1,0,0,0,0,1,0,8.50704083000005,53.21719622400008,Blumenthal,Rekum,2018-7
2018-08-01,11,2018,8,4,6,3,5,2,1,1,0,0,0,0,0,0,8.556204746000049,53.18509644100004,Blumenthal,Blumenthal,2018-8
2018-07-01,12,2018,7,7,12,3,5,2,1,1,0,0,0,0,0,0,8.592918660000066,53.56823601000008,Lehe (BHV),Klushof,2018-7
2018-08-01,12,2018,8,6,8,3,8,1,1,1,0,0,0,0,0,1,8.585880287000066,53.55921683300005,Lehe (BHV),Goethestrasse,2018-8
2018-07-01,11,2018,7,7,15,3,1,5,1,1,0,0,0,0,0,0,8.803053431000023,53.06707774900008,Neustadt,Buntentor,2018-7
2018-08-01,12,2018,8,3,16,3,5,2,1,1,0,0,0,0,0,0,8.598158976000036,53.57017102900005,Lehe (BHV),Klushof,2018-8
2018-08-01,11,2018,8,3,5,3,5,3,1,1,0,0,0,0,1,1,8.868524533000027,53.06694205000008,Hemelingen,Hastedt,2018-8
2018-08-01,11,2018,8,4,13,3,5,3,1,1,0,0,0,0,0,0,8.773017182000046,53.10876834000004,Walle,Walle,2018-8
2018-08-01,11,2018,8,3,18,3,3,2,1,1,0,0,0,0,0,0,8.82515404000003,53.08451407200005,Schwachhausen,Bürgerpark,2018-8
2018-07-01,11,2018,7,6,11,3,0,7,1,0,0,0,0,0,0,0,8.812853133000033,53.07337502500008,Mitte,Altstadt,2018-7
2018-08-01,11,2018,8,7,18,3,5,2,1,1,0,0,0,0,0,0,8.83099349400004,53.04086217400004,Obervieland,Kattenturm,2018-8
2018-07-01,11,2018,7,6,10,3,0,7,1,0,0,0,0,0,0,0,8.78276442300006,53.10144920100004,Walle,Walle,2018-7
2018-08-01,11,2018,8,4,17,3,6,4,1,0,1,0,0,0,0,0,8.813218316000075,53.07841025700003,Mitte,Bahnhofsvorstadt,2018-8
2018-08-01,11,2018,8,6,11,2,5,3,1,1,0,0,0,0,0,0,8.703006023000057,53.17132843500008,Burglesum,Burgdamm,2018-8
2018-08-01,11,2018,8,6,7,2,5,2,1,1,0,0,0,0,0,0,8.937717152000062,53.06869244000006,Osterholz,Ellenerbrok-Schevemoor,2018-8
2018-07-01,11,2018,7,5,13,3,5,3,1,1,0,0,0,0,0,0,8.769000371000061,53.11282757900005,Gröpelingen,Gröpelingen,2018-7
2018-07-01,11,2018,7,5,16,3,5,3,1,0,0,0,0,0,0,0,8.790855042000032,53.09900234600008,Walle,Osterfeuerberg,2018-7
2018-08-01,11,2018,8,3,15,3,5,3,1,1,0,0,0,0,0,1,8.842949215000033,53.08852866700005,Schwachhausen,Schwachhausen,2018-8
2018-07-01,11,2018,7,5,17,3,5,3,1,1,0,0,0,0,0,0,8.685278513000071,53.176004127000056,Burglesum,Lesum,2018-7
2018-08-01,12,2018,8,6,16,3,5,3,1,0,0,0,0,0,0,0,8.595355092000034,53.56469097300004,Lehe (BHV),Klushof,2018-8
2018-07-01,11,2018,7,5,10,3,3,3,1,1,0,0,0,0,0,0,8.81285986000006,53.07338272800007,Mitte,Altstadt,2018-7
2018-08-01,11,2018,8,6,23,3,0,1,1,1,0,0,0,0,2,0,8.831926484000064,53.07107870200008,Östliche Vorstadt,Steintor,2018-8
2018-08-01,12,2018,8,4,8,3,5,3,1,1,0,0,0,0,0,0,8.593701642000042,53.550016733000064,Geestemünde,Geestemünde-Nord,2018-8
2018-07-01,11,2018,7,5,22,3,5,3,1,1,0,0,0,0,2,0,8.748458768000035,53.12515801100005,Gröpelingen,Ohlenhof,2018-7
2018-08-01,11,2018,8,6,20,3,5,2,1,1,0,0,0,0,0,1,8.883875119000038,53.07909469000003,Vahr,Neue Vahr Südwest,2018-8
2018-08-01,11,2018,8,6,21,3,5,2,1,1,0,0,0,0,2,0,8.80054351800004,53.078596952000055,Mitte,Altstadt,2018-8
2018-08-01,11,2018,8,3,14,3,5,3,1,1,0,0,0,0,0,0,8.871044512000026,53.06463150900004,Hemelingen,Hastedt,2018-8
2018-08-01,11,2018,8,6,8,3,5,3,1,1,0,0,0,0,0,0,8.578520660000038,53.20714536400004,Blumenthal,Lüssum-Bockhorn,2018-8
2018-08-01,11,2018,8,3,0,3,0,7,1,0,0,0,0,0,2,0,8.778695492000054,53.06477122900003,Neustadt,Neuenland,2018-8
2018-08-01,11,2018,8,5,17,3,5,3,1,1,0,0,0,0,0,0,8.866420709000067,53.09888879800008,Horn-Lehe,Lehe,2018-8
2018-07-01,11,2018,7,4,6,3,5,3,1,1,0,0,0,0,0,0,8.758007625000062,53.05816899100006,Huchting,Grolland,2018-7
2018-08-01,11,2018,8,6,13,3,5,3,1,1,0,0,0,0,0,0,8.737736432000077,53.13429491000005,Gröpelingen,Oslebshausen,2018-8
2018-08-01,11,2018,8,4,9,2,5,3,1,1,0,0,0,0,0,0,8.718133120000061,53.17542117100004,Burglesum,Burgdamm,2018-8
2018-07-01,11,2018,7,4,12,3,6,4,1,0,1,0,0,0,0,0,8.779289320000032,53.09373572100003,Walle,Steffensweg,2018-7
2018-08-01,12,2018,8,4,16,3,0,7,1,0,0,0,0,0,0,0,8.608853296000063,53.586730198000055,Leherheide,Leherheide-West,2018-8
2018-08-01,11,2018,8,5,16,3,5,2,1,1,0,0,0,0,0,0,8.787177679000024,53.08312656600003,Walle,Überseestadt,2018-8
2018-08-01,11,2018,8,6,11,3,5,3,1,1,0,0,0,0,0,0,8.763540324000076,53.10893398700006,Gröpelingen,Lindenhof,2018-8
2018-08-01,11,2018,8,4,13,3,5,3,1,1,0,0,0,0,0,0,8.927621498000065,53.07269530700006,Osterholz,Blockdiek,2018-8
2018-08-01,11,2018,8,5,21,3,3,3,1,1,0,0,0,0,1,0,8.824532161000036,53.084504759000026,Schwachhausen,Bürgerpark,2018-8
2018-08-01,11,2018,8,6,10,3,5,3,1,0,0,0,0,0,0,0,8.807404538000071,53.08222239300005,Mitte,Bahnhofsvorstadt,2018-8
2018-08-01,11,2018,8,5,16,3,5,3,1,0,0,0,0,1,0,0,8.816797230000077,53.08086772000007,Mitte,Bahnhofsvorstadt,2018-8
2018-07-01,11,2018,7,3,8,3,0,7,1,0,0,0,0,0,0,0,8.761059464000027,53.05938151800007,Huchting,Grolland,2018-7
2018-07-01,11,2018,7,3,9,3,3,6,1,0,0,0,0,0,0,0,8.82247423800004,53.05410879900006,Neustadt,Huckelriede,2018-7
2018-08-01,12,2018,8,5,13,3,5,3,1,1,0,0,0,0,0,0,8.592854861000035,53.55865680900007,Lehe (BHV),Klushof,2018-8
2018-08-01,11,2018,8,1,15,3,1,7,1,1,0,0,0,0,0,0,8.83948594100002,53.08034354000006,Schwachhausen,Gete,2018-8
2018-07-01,11,2018,7,3,17,3,5,3,1,1,0,0,0,0,0,0,8.85115866600006,53.08523578000006,Schwachhausen,Radio Bremen,2018-7
2018-08-01,11,2018,8,4,7,3,5,3,1,1,0,0,0,0,0,0,8.775153421000027,53.10046841800005,Walle,Walle,2018-8
2018-08-01,11,2018,8,2,12,3,5,3,1,1,0,0,0,0,0,0,8.753758628000071,53.12343362500008,Gröpelingen,Ohlenhof,2018-8
2018-08-01,12,2018,8,4,7,3,5,3,1,1,0,0,0,0,0,1,8.623457491000067,53.592118379000055,Leherheide,Leherheide-West,2018-8
2018-07-01,11,2018,7,2,17,2,8,7,1,0,0,0,0,0,0,0,8.570549288000052,53.19907652400008,Blumenthal,Lüssum-Bockhorn,2018-7
2018-08-01,12,2018,8,5,23,3,6,7,1,0,1,0,0,0,2,0,8.592729912000038,53.58186856800006,Lehe (BHV),Eckernfeld,2018-8
2018-07-01,11,2018,7,2,19,3,5,3,1,1,0,0,0,0,0,0,8.854041641000038,53.06610081400004,Hemelingen,Hastedt,2018-7
2018-08-01,11,2018,8,4,11,3,5,2,1,1,0,0,0,0,0,0,8.676834584000062,53.16565198800004,Burglesum,Lesum,2018-8
2018-08-01,11,2018,8,7,16,3,0,1,1,0,0,0,0,0,0,0,8.840027196000051,53.103925368000034,Schwachhausen,Neu-Schwachhausen,2018-8
2018-08-01,11,2018,8,3,9,3,5,3,1,1,0,0,0,0,0,0,8.787015859000064,53.08293091600007,Walle,Überseestadt,2018-8
2018-07-01,11,2018,7,2,11,2,6,3,1,0,1,0,0,0,0,0,8.824797974000035,53.08458365700005,Schwachhausen,Bürgerpark,2018-7
2018-08-01,11,2018,8,3,22,3,5,6,1,1,0,0,0,0,2,0,8.779326953000066,53.06882611700007,Neustadt,Hohentor,2018-8
2018-08-01,12,2018,8,6,14,3,5,3,1,1,0,0,0,0,0,1,8.603177241000026,53.53107179300008,Geestemünde,Bürgerpark (BHV),2018-8
2018-07-01,11,2018,7,2,11,3,5,3,1,1,0,0,0,0,0,0,8.801989713000069,53.07142506900004,Neustadt,Alte Neustadt,2018-7
2018-08-01,11,2018,8,2,15,3,0,1,1,0,0,0,0,0,0,1,8.790732496000032,53.09580507800007,Walle,Westend,2018-8
2018-08-01,11,2018,8,3,10,3,0,1,1,0,0,0,0,0,0,0,8.77070932600003,53.10200903700007,Walle,Überseestadt,2018-8
2018-07-01,11,2018,7,2,19,3,5,2,1,1,0,0,0,0,0,0,8.762302009000052,53.11435457700003,Gröpelingen,Lindenhof,2018-7
2018-07-01,12,2018,7,1,21,3,1,5,1,1,0,0,0,0,0,0,8.589375768000025,53.56464164900007,Lehe (BHV),Klushof,2018-7
2018-08-01,11,2018,8,3,3,3,0,7,1,0,0,0,0,0,2,0,8.828055076000055,53.07244088600004,Östliche Vorstadt,Steintor,2018-8
2018-08-01,11,2018,8,5,19,3,5,2,1,0,0,0,0,1,0,0,8.584403482000027,53.18138272500005,Blumenthal,Blumenthal,2018-8
2018-08-01,11,2018,8,5,19,2,0,1,1,0,0,0,0,0,1,1,8.833732369000074,53.08646104700006,Schwachhausen,Schwachhausen,2018-8
2018-08-01,11,2018,8,3,7,3,0,6,1,0,0,0,0,0,0,0,8.898605689000021,53.043506671000046,Hemelingen,Hemelingen,2018-8
2018-08-01,11,2018,8,5,17,3,5,3,1,1,0,0,0,0,0,0,8.770257538000067,53.09311670200003,Walle,Überseestadt,2018-8
2018-07-01,12,2018,7,7,17,3,5,3,1,1,0,0,0,0,0,0,8.638427453000077,53.519648636000056,Surheide,Surheide,2018-7
2018-07-01,11,2018,7,7,14,3,1,5,1,1,0,0,0,0,0,0,8.87180756400005,53.06246332500007,Hemelingen,Hastedt,2018-7
2018-08-01,11,2018,8,5,8,3,8,1,1,0,0,0,0,0,0,0,8.638989042000048,53.173211191000064,Vegesack,Schönebeck,2018-8
2018-07-01,11,2018,7,7,13,3,3,7,1,0,0,0,0,0,0,0,8.841813254000044,53.09647373200005,Schwachhausen,Neu-Schwachhausen,2018-7
2018-07-01,11,2018,7,7,8,3,3,2,1,1,0,0,0,0,0,0,8.624508770000034,53.17719368600007,Vegesack,Vegesack,2018-7
2018-08-01,11,2018,8,5,10,2,5,2,1,1,0,0,0,0,0,0,8.87585193700005,53.08181366700006,Vahr,Gartenstadt Vahr,2018-8
2018-07-01,11,2018,7,7,11,3,1,7,1,1,0,0,0,0,0,0,8.84426041200004,53.07804901200007,Schwachhausen,Gete,2018-7
2018-07-01,11,2018,7,7,8,3,5,3,1,1,0,0,0,0,0,0,8.75166160300006,53.12234266800005,Gröpelingen,Ohlenhof,2018-7