Datetime,UKREIS,UJAHR,UMONAT,UWOCHENTAG,USTUNDE,UKATEGORIE,UART,UTYP1,IstRad,IstPKW,IstFuss,IstKrad,IstGkfz,IstSonstig,ULICHTVERH,STRZUSTAND,longitude,latitude,Stadtteil,Ortsteil,Datetime
2018-10-01,11,2018,10,7,11,3,4,6,1,0,0,0,0,0,0,0,8.806461346000049,53.07319246100008,Mitte,Altstadt,2018-10
2018-09-01,11,2018,9,3,7,3,5,3,1,1,0,0,0,0,0,0,8.780333650000046,53.07583821600008,Woltmershausen,Woltmershausen,2018-9
2018-10-01,11,2018,10,3,16,2,0,7,1,0,0,0,0,0,0,0,8.80651027600004,53.07461488000007,Mitte,Altstadt,2018-10
2018-09-01,12,2018,9,1,15,2,5,3,1,1,0,0,0,0,0,0,8.586016330000064,53.56431704400006,Lehe (BHV),Twischkamp,2018-9
2018-09-01,11,2018,9,3,17,3,0,7,1,1,0,0,0,0,0,0,8.79518328100005,53.08184683600007,Mitte,Altstadt,2018-9
2018-09-01,11,2018,9,5,20,3,7,7,1,0,0,0,0,0,2,0,8.800539539000056,53.09552432000004,Findorff,Regensburger Str.,2018-9
2018-09-01,11,2018,9,1,17,3,6,4,1,0,1,0,0,0,0,0,8.822496198000067,53.069054513000026,Mitte,Ostertor,2018-9
2018-10-01,11,2018,10,6,16,2,8,7,1,0,0,0,0,0,0,0,8.809978613000055,53.06265226800008,Neustadt,Buntentor,2018-10
2018-09-01,11,2018,9,1,15,3,1,7,1,1,0,0,0,0,0,0,8.84274526400003,53.06902802600007,Östliche Vorstadt,Peterswerder,2018-9
2018-09-01,11,2018,9,5,0,2,0,7,1,0,0,0,0,0,2,0,8.619822165000073,53.17404962100005,Vegesack,Vegesack,2018-9
2018-09-01,11,2018,9,2,21,3,5,3,1,0,0,0,0,1,2,0,8.886354881000045,53.07151499300005,Hemelingen,Sebaldsbrück,2018-9
2018-09-01,11,2018,9,6,17,3,6,4,1,0,1,0,0,0,0,0,8.852332087000036,53.086016235000045,Schwachhausen,Radio Bremen,2018-9
2018-09-01,11,2018,9,1,15,3,1,5,1,1,0,0,0,0,0,0,8.81754311100002,53.079347263000045,Mitte,Ostertor,2018-9
2018-09-01,11,2018,9,3,9,2,0,1,1,0,0,0,0,0,0,0,8.810468152000055,53.07185678700006,Mitte,Altstadt,2018-9
2018-09-01,12,2018,9,4,17,3,5,3,1,1,0,0,0,0,0,1,8.579532105000055,53.549115062000055,Lehe (BHV),Klushof,2018-9
2018-10-01,11,2018,10,6,7,3,5,2,1,1,0,0,0,0,0,0,8.854505681000035,53.06700811700006,Hemelingen,Hastedt,2018-10
2018-08-01,11,2018,8,6,12,3,0,3,1,1,0,0,0,0,0,0,8.89631001500004,53.09350443100004,Horn-Lehe,Horn,2018-8
2018-09-01,11,2018,9,4,17,3,5,3,1,0,0,0,0,1,0,0,8.720141169000044,53.05672448800004,Huchting,Mittelshuchting,2018-9
2018-09-01,12,2018,9,1,15,3,5,2,1,0,0,0,0,1,0,0,8.594018402000074,53.53266364300004,Geestemünde,Geestendorf,2018-9
2018-10-01,11,2018,10,1,17,3,0,7,1,0,0,0,0,0,0,0,8.857973296000068,53.08272388900008,Schwachhausen,Radio Bremen,2018-10
2018-08-01,11,2018,8,6,13,3,6,4,1,0,1,0,0,0,0,0,8.827490191000038,53.07988263800007,Schwachhausen,Barkhof,2018-8
2018-09-01,11,2018,9,1,16,3,0,7,1,0,0,0,0,0,0,0,8.882878084000026,53.10413652400007,Horn-Lehe,Lehesterdeich,2018-9
2018-09-01,11,2018,9,4,17,3,5,3,1,1,0,0,0,0,0,0,8.909268719000067,53.05956293400004,Hemelingen,Sebaldsbrück,2018-9
2018-08-01,11,2018,8,6,14,3,0,7,1,0,0,0,0,0,0,0,8.799685005000072,53.077983895000045,Mitte,Altstadt,2018-8
2018-08-01,11,2018,8,6,17,3,0,6,1,0,0,0,0,1,0,0,8.855351506000034,53.04547990100008,Obervieland,Habenhausen,2018-8
2018-08-01,12,2018,8,5,8,3,0,7,1,1,0,0,0,0,0,1,8.593338789000029,53.55457052300005,Lehe (BHV),Klushof,2018-8
2018-10-01,11,2018,10,7,21,3,1,5,1,1,0,0,0,0,2,0,8.826733357000023,53.07601580100004,Östliche Vorstadt,Fesenfeld,2018-10
2018-09-01,11,2018,9,3,9,2,0,1,1,0,0,0,0,0,0,1,8.800691103000077,53.07868439000004,Mitte,Altstadt,2018-9
2018-08-01,12,2018,8,5,6,3,0,7,1,1,0,0,0,0,1,1,8.597663447000059,53.53554702400004,Geestemünde,Geestendorf,2018-8
2018-08-01,11,2018,8,5,16,3,0,3,1,1,0,0,0,0,0,0,8.800944989000072,53.08449194700006,Mitte,Bahnhofsvorstadt,2018-8
2018-08-01,11,2018,8,5,18,3,0,7,1,0,0,0,0,1,0,0,8.688875392000057,53.169591369000045,Burglesum,Lesum,2018-8
2018-10-01,11,2018,10,6,23,3,4,6,1,0,0,0,0,0,2,0,8.820584754000038,53.06935813900003,Mitte,Ostertor,2018-10
2018-09-01,11,2018,9,4,14,3,5,3,1,1,0,0,0,0,0,0,8.796862012000076,53.06296620100005,Neustadt,Gartenstadt Süd,2018-9
2018-11-01,11,2018,11,6,12,3,6,4,1,0,1,0,0,0,0,0,8.832832086000053,53.08055670300007,Schwachhausen,Gete,2018-11
2018-11-01,11,2018,11,5,13,3,3,6,1,0,0,0,0,0,0,1,8.898036623000053,53.11297508800004,Horn-Lehe,Lehesterdeich,2018-11
2018-10-01,11,2018,10,2,15,3,0,7,1,0,0,0,0,0,0,0,8.934370022000053,53.06929521700005,Osterholz,Ellener Feld,2018-10
2018-12-01,12,2018,12,4,6,3,5,3,1,1,0,0,0,0,2,2,8.595035030000076,53.57205553700004,Lehe (BHV),Eckernfeld,2018-12
2018-10-01,11,2018,10,7,18,3,0,7,1,0,0,0,0,0,2,0,8.798823879000054,53.06583951700003,Neustadt,Buntentor,2018-10
2018-10-01,11,2018,10,7,15,3,5,3,1,1,0,0,0,0,0,0,8.862503427000036,53.09928260500004,Horn-Lehe,Lehe,2018-10
2018-12-01,11,2018,12,4,9,3,5,3,1,1,0,0,0,0,0,0,8.832067977000065,53.06864597900005,Östliche Vorstadt,Steintor,2018-12
2018-10-01,11,2018,10,7,14,3,5,3,1,1,0,0,0,0,0,0,8.800860487000023,53.06844854100007,Neustadt,Südervorstadt,2018-10
2018-10-01,12,2018,10,6,7,3,0,7,1,1,0,0,0,0,1,1,8.595371043000057,53.56469144600004,Lehe (BHV),Klushof,2018-10
2018-11-01,11,2018,11,5,7,3,5,3,1,1,0,0,0,0,0,1,8.741199488000063,53.13415783100004,Gröpelingen,Oslebshausen,2018-11
2018-11-01,11,2018,11,5,14,2,1,5,1,1,0,0,0,0,0,0,8.846162974000038,53.09297880700007,Schwachhausen,Neu-Schwachhausen,2018-11
2018-11-01,12,2018,11,2,7,3,5,3,1,1,0,0,0,0,1,1,8.584447142000045,53.55886105800005,Lehe (BHV),Goethestrasse,2018-11
2018-11-01,11,2018,11,5,8,3,5,3,1,1,0,0,0,0,0,1,8.773581185000069,53.11076073700008,Gröpelingen,Gröpelingen,2018-11
2018-11-01,11,2018,11,4,22,3,0,7,1,0,0,0,0,1,2,1,8.813839070000029,53.08020153700005,Mitte,Bahnhofsvorstadt,2018-11
2018-10-01,11,2018,10,6,14,3,0,3,1,1,0,0,0,0,0,1,8.893183005000026,53.06025368100006,Hemelingen,Sebaldsbrück,2018-10
2018-12-01,11,2018,12,6,11,3,5,2,1,1,0,0,0,0,0,1,8.850108615000067,53.08523314200005,Schwachhausen,Riensberg,2018-12
2018-11-01,11,2018,11,6,7,3,6,4,1,0,1,0,0,0,1,0,8.79947211800004,53.07790172800003,Mitte,Altstadt,2018-11
2018-10-01,11,2018,10,6,16,3,5,3,1,1,0,0,0,0,0,1,8.833164667000062,53.07014046500007,Östliche Vorstadt,Peterswerder,2018-10
2018-12-01,12,2018,12,3,11,3,1,5,1,1,0,0,0,0,0,0,8.580575114000055,53.55086491900005,Mitte (BHV),Mitte-Nord,2018-12
2018-10-01,11,2018,10,6,17,3,5,2,1,1,0,0,0,0,0,1,8.801329766000038,53.07148645900003,Neustadt,Alte Neustadt,2018-10
2018-11-01,11,2018,11,3,17,3,5,3,1,1,0,0,0,0,2,1,8.83732815600007,53.07680530400006,Östliche Vorstadt,Fesenfeld,2018-11
2018-11-01,11,2018,11,3,11,3,5,3,1,1,0,0,0,0,0,0,8.58896631400006,53.18305716500004,Blumenthal,Blumenthal,2018-11
2018-12-01,11,2018,12,7,19,3,3,6,1,1,0,0,0,0,2,1,8.766716899000073,53.08508227000004,Woltmershausen,Woltmershausen,2018-12
2018-10-01,11,2018,10,6,17,3,5,2,1,1,0,0,0,0,1,1,8.82096415600006,53.08155679800007,Schwachhausen,Barkhof,2018-10
2018-11-01,11,2018,11,4,8,3,5,3,1,1,0,0,0,0,0,0,8.733448735000024,53.08733903700005,Häfen,Neustädter Hafen,2018-11
2018-11-01,11,2018,11,3,11,3,5,3,1,1,0,0,0,0,0,0,8.825091133000058,53.08419650800005,Schwachhausen,Bürgerpark,2018-11
2018-12-01,12,2018,12,5,16,2,5,3,1,1,0,0,0,0,2,1,8.57412103300004,53.55778857800004,Mitte (BHV),Mitte-Nord,2018-12
2018-11-01,11,2018,11,6,7,3,1,5,1,1,0,0,0,0,0,0,8.730056576000038,53.04335216100003,Huchting,Kirchhuchting,2018-11
2018-10-01,12,2018,10,5,10,3,5,3,1,0,0,0,0,1,0,1,8.596814753000046,53.568042536000064,Lehe (BHV),Klushof,2018-10
2018-10-01,12,2018,10,5,11,3,0,7,1,0,0,0,0,0,0,1,8.601035128000035,53.53468243800006,Geestemünde,Bürgerpark (BHV),2018-10
2018-10-01,12,2018,10,5,7,3,5,3,1,1,0,0,0,0,1,1,8.618773514000054,53.59275463600005,Leherheide,Leherheide-West,2018-10
2018-11-01,11,2018,11,2,15,3,5,2,1,1,0,0,0,0,0,0,8.757900565000057,53.05852808000003,Huchting,Grolland,2018-11
2018-11-01,11,2018,11,2,18,3,3,2,1,1,0,0,0,0,2,0,8.589042255000038,53.18307483800004,Blumenthal,Blumenthal,2018-11
2018-11-01,11,2018,11,6,23,3,0,7,1,0,0,0,0,0,2,1,8.803194549000068,53.08025876000005,Mitte,Altstadt,2018-11
2018-12-01,11,2018,12,5,7,3,0,1,1,0,0,0,0,0,1,1,8.861747657000024,53.067924324000046,Hemelingen,Hastedt,2018-12
2018-11-01,11,2018,11,4,16,3,5,3,1,0,0,0,0,1,1,0,8.81140547900003,53.10106279300004,Findorff,Weidedamm,2018-11
2018-10-01,11,2018,10,5,10,2,5,3,1,1,0,0,0,0,0,1,8.876541798000062,53.08104399200005,Vahr,Gartenstadt Vahr,2018-10
2018-11-01,11,2018,11,5,14,3,4,6,1,0,0,0,0,0,0,1,8.851824817000022,53.08864968200004,Schwachhausen,Riensberg,2018-11
2018-10-01,11,2018,10,5,18,3,5,3,1,1,0,0,0,0,2,1,8.785402969000074,53.06851520800007,Neustadt,Neustadt,2018-10
2018-11-01,11,2018,11,3,10,3,5,3,1,1,0,0,0,0,0,0,8.578277762000027,53.18500419400005,Blumenthal,Blumenthal,2018-11
2018-10-01,11,2018,10,5,16,3,0,7,1,0,0,0,0,1,0,1,8.807807901000047,53.07570215700008,Mitte,Altstadt,2018-10
2018-11-01,11,2018,11,6,10,3,1,6,1,1,0,0,0,0,0,0,8.848784998000042,53.03189762300008,Obervieland,Arsten,2018-11
2018-11-01,11,2018,11,5,16,3,5,2,1,1,0,0,0,0,1,1,8.834365584000068,53.08199579700005,Schwachhausen,Schwachhausen,2018-11
2018-10-01,11,2018,10,5,20,3,5,3,1,1,0,0,0,0,2,0,8.770100393000064,53.095257770000046,Walle,Überseestadt,2018-10
2018-11-01,11,2018,11,2,15,3,0,1,1,0,0,0,0,0,0,1,8.808912758000076,53.06357581900005,Neustadt,Buntentor,2018-11
2018-10-01,11,2018,10,5,8,3,5,2,1,1,0,0,0,0,1,1,8.87652201800006,53.08103757300006,Vahr,Gartenstadt Vahr,2018-10
2018-11-01,11,2018,11,5,12,3,3,6,1,1,0,0,0,0,0,0,8.830488226000057,53.071562838000034,Östliche Vorstadt,Steintor,2018-11
2018-11-01,11,2018,11,3,11,3,5,2,1,1,0,0,0,0,0,0,8.819665668000027,53.03830567500006,Obervieland,Kattenturm,2018-11
2018-10-01,11,2018,10,4,21,3,0,1,1,0,0,0,0,0,2,0,8.811345308000057,53.072440613000026,Mitte,Altstadt,2018-10
2018-11-01,11,2018,11,6,14,2,0,2,1,1,0,0,0,0,0,0,8.870613572000025,53.09612268500007,Horn-Lehe,Horn,2018-11
2018-11-01,11,2018,11,5,10,2,5,2,1,1,0,0,0,0,0,0,8.615678332000073,53.19435461400008,Vegesack,Unbekannt,2018-11
2018-10-01,11,2018,10,5,17,3,5,3,1,1,0,0,0,0,0,0,8.801250637000066,53.079000611000026,Mitte,Altstadt,2018-10
2018-11-01,11,2018,11,2,16,3,5,3,1,1,0,0,0,0,0,0,8.88205360400002,53.07919971700005,Vahr,Neue Vahr Südwest,2018-11
2018-10-01,11,2018,10,5,7,3,5,3,1,1,0,0,0,0,1,1,8.824459175000072,53.08437498800004,Schwachhausen,Barkhof,2018-10
2018-11-01,12,2018,11,5,16,3,3,6,1,0,0,0,0,0,0,0,8.59998043500002,53.573390345000064,Lehe (BHV),Eckernfeld,2018-11
2018-10-01,12,2018,10,4,17,3,3,5,1,1,0,0,0,0,0,1,8.585933462000071,53.55960473300007,Lehe (BHV),Klushof,2018-10
2018-10-01,12,2018,10,4,15,3,5,2,1,1,0,0,0,0,0,1,8.606299313000022,53.53053891300004,Geestemünde,Bürgerpark (BHV),2018-10
2018-11-01,11,2018,11,5,13,3,5,3,1,0,0,0,0,0,0,0,8.76025871500002,53.11537931400005,Gröpelingen,Lindenhof,2018-11
2018-12-01,11,2018,12,4,8,3,0,1,1,0,0,0,0,0,0,2,8.820291113000053,53.03012448700008,Obervieland,Kattenesch,2018-12
2018-12-01,11,2018,12,7,16,3,5,3,1,1,0,0,0,0,1,0,8.878575184000056,53.07893319900006,Vahr,Gartenstadt Vahr,2018-12
2018-11-01,11,2018,11,6,14,3,4,6,1,0,0,1,0,0,0,0,8.806042708000064,53.08686549600003,Mitte,Bahnhofsvorstadt,2018-11
2018-11-01,11,2018,11,4,16,3,4,6,1,0,0,0,0,0,1,1,8.710030102000076,53.15061464600007,Burglesum,Burg-Grambke,2018-11
2018-10-01,11,2018,10,4,8,3,5,3,1,1,0,0,0,0,0,1,8.575349844000073,53.19214658600004,Blumenthal,Blumenthal,2018-10
2018-10-01,11,2018,10,4,9,3,1,3,1,1,0,0,0,0,0,1,8.824460431000034,53.08438514200003,Schwachhausen,Barkhof,2018-10
2018-10-01,11,2018,10,4,12,2,0,7,1,0,0,0,0,0,0,1,8.806531810000024,53.06499281700008,Neustadt,Buntentor,2018-10
2018-11-01,11,2018,11,4,14,3,5,2,1,1,0,0,0,0,0,0,8.837359139000057,53.03789077300007,Obervieland,Arsten,2018-11
2018-12-01,11,2018,12,3,13,3,1,1,1,0,0,0,0,1,0,0,8.69324436200003,53.17823628700006,Burglesum,Lesum,2018-12
2018-11-01,11,2018,11,1,11,3,0,7,1,0,0,0,0,0,0,1,8.827789205000045,53.07252575200005,Östliche Vorstadt,Steintor,2018-11
2018-10-01,11,2018,10,4,7,3,5,3,1,1,0,0,0,0,0,1,8.860693340000068,53.07916485700008,Schwachhausen,Gete,2018-10
2018-11-01,11,2018,11,4,12,3,5,3,1,1,0,0,0,0,0,0,8.740816520000067,53.05307426000007,Huchting,Mittelshuchting,2018-11
2018-10-01,11,2018,10,4,10,3,4,2,1,1,0,0,0,0,0,1,8.805185195000035,53.09359734100008,Findorff,Regensburger Str.,2018-10
2018-10-01,11,2018,10,4,17,3,3,6,1,1,0,0,0,0,2,1,8.85638190700007,53.08948131600005,Schwachhausen,Riensberg,2018-10
2018-11-01,11,2018,11,3,6,2,5,3,1,1,0,0,0,0,2,1,8.845708383000044,53.03314046500003,Obervieland,Arsten,2018-11
2018-12-01,11,2018,12,5,23,3,1,5,1,1,0,0,0,0,2,1,8.822975334000034,53.07368695800005,Mitte,Ostertor,2018-12
2018-11-01,12,2018,11,5,18,3,5,3,1,1,0,0,0,0,2,0,8.593875346000061,53.57293242000003,Lehe (BHV),Eckernfeld,2018-11
2018-10-01,11,2018,10,4,7,3,5,3,1,1,0,0,0,0,2,1,8.824439033000033,53.08448651600003,Schwachhausen,Barkhof,2018-10
2018-11-01,11,2018,11,3,8,3,3,6,1,1,0,0,0,0,0,0,8.814155391000043,53.07781440500003,Mitte,Bahnhofsvorstadt,2018-11
2018-10-01,12,2018,10,3,8,3,5,3,1,1,0,0,0,0,1,1,8.59499431300003,53.57021698900007,Lehe (BHV),Klushof,2018-10
2018-10-01,11,2018,10,3,11,3,5,2,1,1,0,0,0,0,0,1,8.932317946000069,53.03882012200006,Hemelingen,Mahndorf,2018-10
2018-11-01,11,2018,11,3,8,3,5,3,1,1,0,0,0,0,0,0,8.796635266000067,53.08270903700003,Mitte,Altstadt,2018-11
2018-12-01,11,2018,12,5,7,3,5,3,1,1,0,0,0,0,0,1,8.760162151000031,53.08794538000007,Woltmershausen,Woltmershausen,2018-12
2018-10-01,11,2018,10,4,15,3,5,3,1,1,0,0,0,0,0,0,8.826426286000071,53.07081131800004,Östliche Vorstadt,Steintor,2018-10
2018-11-01,11,2018,11,3,19,3,5,3,1,1,0,0,0,0,2,0,8.80414440900006,53.07239509500005,Neustadt,Alte Neustadt,2018-11
2018-10-01,11,2018,10,3,16,3,5,3,1,1,0,0,0,0,0,1,8.856583983000064,53.08248018500007,Vahr,Gartenstadt Vahr,2018-10
2018-11-01,11,2018,11,6,12,3,6,4,1,0,1,0,0,0,0,0,8.832670854000071,53.080633858000056,Schwachhausen,Gete,2018-11
2018-11-01,11,2018,11,5,8,3,5,3,1,1,0,0,0,0,0,1,8.936763943000074,53.058663695000064,Osterholz,Ellenerbrok-Schevemoor,2018-11
2018-11-01,11,2018,11,2,0,3,0,7,1,0,0,0,0,0,2,1,8.836379044000068,53.07012081300008,Östliche Vorstadt,Peterswerder,2018-11
2018-10-01,11,2018,10,3,18,3,4,2,1,0,0,0,0,0,2,1,8.816479569000023,53.070174662000056,Mitte,Ostertor,2018-10
2018-11-01,11,2018,11,2,8,3,5,3,1,0,0,0,0,1,0,1,8.820246264000048,53.08106866500003,Mitte,Ostertor,2018-11
2018-11-01,11,2018,11,2,16,3,5,2,1,0,0,0,0,1,1,0,8.871036748000051,53.09869232800003,Horn-Lehe,Lehe,2018-11
2018-12-01,11,2018,12,5,21,2,0,7,1,0,0,0,0,0,2,1,8.686125024000035,53.17255402400008,Burglesum,Lesum,2018-12
2018-10-01,11,2018,10,3,23,2,5,3,1,1,0,0,0,0,2,1,8.801323672000024,53.07148975100006,Neustadt,Alte Neustadt,2018-10
2018-12-01,11,2018,12,2,16,3,5,3,1,1,0,0,0,0,2,1,8.697792110000023,53.17200073400005,Burglesum,Lesum,2018-12
2018-11-01,12,2018,11,6,5,3,5,3,1,1,0,0,0,0,2,1,8.546174970000038,53.58256883200005,Häfen (BHV),Stadtbremisches Überseehafengebiet Bremerhaven,2018-11
2018-10-01,11,2018,10,3,11,3,1,5,1,1,0,0,0,0,0,1,8.826018633000047,53.07500719700005,Östliche Vorstadt,Fesenfeld,2018-10
2018-10-01,11,2018,10,3,15,3,6,4,1,0,1,0,0,0,0,1,8.795355786000073,53.06545321700003,Neustadt,Südervorstadt,2018-10
2018-10-01,11,2018,10,2,8,2,0,3,1,1,0,0,0,0,0,1,8.821672112000044,53.08213791700007,Schwachhausen,Barkhof,2018-10
2018-11-01,11,2018,11,2,8,3,1,5,1,1,0,0,0,0,0,0,8.840911185000039,53.082992542000056,Schwachhausen,Gete,2018-11
2018-12-01,11,2018,12,7,16,3,1,5,1,1,0,0,0,0,2,0,8.607200670000054,53.18552870800005,Vegesack,Unbekannt,2018-12
2018-10-01,11,2018,10,2,15,3,6,4,1,0,1,0,0,0,0,0,8.796667145000072,53.103899055000056,Walle,Osterfeuerberg,2018-10
2018-11-01,11,2018,11,4,16,3,3,6,1,0,0,0,0,0,0,0,8.830267159000073,53.090453413000034,Schwachhausen,Bürgerpark,2018-11
2018-10-01,11,2018,10,2,12,3,5,3,1,1,0,0,0,0,0,0,8.79903209300005,53.06964617900008,Neustadt,Alte Neustadt,2018-10
2018-11-01,11,2018,11,5,22,3,5,3,1,1,0,0,0,0,2,0,8.787034709000068,53.08295880500003,Walle,Überseestadt,2018-11
2018-10-01,11,2018,10,2,9,3,0,1,1,1,0,0,0,0,0,1,8.828388265000058,53.08516173600003,Schwachhausen,Bürgerpark,2018-10
2018-11-01,11,2018,11,4,8,3,0,7,1,0,0,0,0,0,0,0,8.808869203000029,53.07480367200003,Mitte,Altstadt,2018-11
2018-12-01,11,2018,12,4,9,3,3,2,1,1,0,0,0,0,0,1,8.712750405000065,53.16985490700006,Burglesum,Burgdamm,2018-12
2018-10-01,11,2018,10,2,15,2,5,3,1,1,0,0,0,0,0,0,8.75795607200007,53.05802742900005,Huchting,Grolland,2018-10
2018-10-01,11,2018,10,2,7,2,5,3,1,1,0,0,0,0,2,1,8.910870845000034,53.03939412300008,Hemelingen,Arbergen,2018-10
2018-11-01,11,2018,11,6,16,3,4,2,1,1,0,0,0,0,1,0,8.96004739600005,53.05094725100008,Osterholz,Osterholz,2018-11
2018-12-01,11,2018,12,3,7,3,0,7,1,1,0,0,0,0,0,0,8.781361415000049,53.10123735000008,Walle,Walle,2018-12
2018-11-01,11,2018,11,6,12,3,5,3,1,1,0,0,0,0,0,0,8.857926593000059,53.03988640500006,Obervieland,Habenhausen,2018-11
2018-11-01,11,2018,11,6,18,3,4,6,1,0,0,0,0,0,2,0,8.81973034200007,53.08404543100005,Schwachhausen,Barkhof,2018-11
2018-10-01,11,2018,10,1,18,3,5,2,1,1,0,0,0,0,2,0,8.862477385000034,53.10676647100007,Horn-Lehe,Lehe,2018-10
2018-10-01,11,2018,10,1,14,3,5,3,1,1,0,0,0,0,0,0,8.740055274000042,53.05141966200006,Huchting,Kirchhuchting,2018-10
2018-12-01,11,2018,12,5,19,3,5,2,1,1,0,0,0,0,2,1,8.852368991000048,53.073670812000046,Östliche Vorstadt,Hulsberg,2018-12
2018-11-01,11,2018,11,5,13,3,5,3,1,1,0,0,0,0,0,1,8.942403309000042,53.05836827300004,Osterholz,Ellenerbrok-Schevemoor,2018-11
2018-10-01,11,2018,10,3,8,3,5,3,1,1,0,0,0,0,0,0,8.782251171000041,53.10032024200007,Walle,Walle,2018-10
2018-11-01,12,2018,11,2,19,3,0,7,1,1,0,0,0,0,2,0,8.586178589000042,53.561929227000064,Lehe (BHV),Twischkamp,2018-11
2018-10-01,11,2018,10,7,12,3,0,2,1,1,0,0,0,0,0,0,8.826169697000068,53.034341107000046,Obervieland,Kattenturm,2018-10
2018-10-01,11,2018,10,3,17,3,4,2,1,1,0,0,0,0,2,0,8.790341516000069,53.07194022700003,Neustadt,Hohentor,2018-10
2018-11-01,11,2018,11,3,18,3,3,6,1,0,0,0,0,0,2,1,8.805271643000026,53.08104040000006,Mitte,Bahnhofsvorstadt,2018-11
2018-11-01,12,2018,11,5,15,3,3,2,1,1,0,0,0,0,0,0,8.59775396300006,53.53411337900008,Geestemünde,Geestendorf,2018-11
2018-10-01,11,2018,10,3,10,3,5,3,1,1,0,0,0,0,0,1,8.892897275000053,53.04985498400004,Hemelingen,Hemelingen,2018-10
2018-12-01,11,2018,12,2,17,3,5,3,1,0,0,0,0,0,2,1,8.82099322700003,53.08160400600008,Schwachhausen,Barkhof,2018-12
2018-10-01,12,2018,10,6,13,3,3,6,1,1,0,0,0,0,0,0,8.605894440000043,53.52318737400003,Geestemünde,Grünhöfe,2018-10
2018-11-01,11,2018,11,4,13,3,5,3,1,1,0,0,0,0,0,0,8.740760082000065,53.05306420400007,Huchting,Mittelshuchting,2018-11
2018-11-01,11,2018,11,1,11,3,5,3,1,1,0,0,0,0,0,1,8.739555880000069,53.13627729500007,Gröpelingen,Oslebshausen,2018-11
2018-11-01,11,2018,11,7,17,3,0,2,1,1,0,0,0,0,2,0,8.91606531800005,53.07117765300006,Hemelingen,Sebaldsbrück,2018-11
2018-10-01,11,2018,10,6,17,3,5,3,1,1,0,0,0,0,0,0,8.80415219300005,53.07241275700005,Neustadt,Alte Neustadt,2018-10
2018-10-01,11,2018,10,3,16,3,5,2,1,1,0,0,0,0,0,0,8.572457198000052,53.18713572500008,Blumenthal,Blumenthal,2018-10
2018-10-01,11,2018,10,6,11,3,5,2,1,1,0,0,0,0,0,0,8.88222255100004,53.10098297200005,Horn-Lehe,Lehe,2018-10
2018-10-01,11,2018,10,6,2,3,5,2,1,1,0,0,0,0,2,0,8.830953657000066,53.07141636000006,Östliche Vorstadt,Steintor,2018-10
2018-10-01,11,2018,10,6,12,3,5,2,1,1,0,0,0,0,0,0,8.892017681000027,53.04795770800007,Hemelingen,Hemelingen,2018-10
2018-10-01,11,2018,10,3,16,3,5,2,1,1,0,0,0,0,0,1,8.825097936000077,53.08419299000008,Schwachhausen,Bürgerpark,2018-10
2018-11-01,11,2018,11,5,8,2,0,7,1,0,0,0,0,0,0,0,8.816258093000044,53.056207423000046,Neustadt,Huckelriede,2018-11
2018-12-01,11,2018,12,4,7,3,0,1,1,0,0,0,0,0,1,2,8.805592681000064,53.07315667900008,Mitte,Altstadt,2018-12
2018-10-01,11,2018,10,6,12,3,5,2,1,1,0,0,0,0,0,0,8.767331585000022,53.11183271200008,Gröpelingen,Gröpelingen,2018-10
2018-11-01,11,2018,11,5,21,3,3,2,1,1,0,0,0,0,2,0,8.794086167000046,53.07434645600006,Neustadt,Alte Neustadt,2018-11
2018-10-01,11,2018,10,6,8,3,5,3,1,1,0,0,0,0,0,0,8.793407201000036,53.09287530600005,Walle,Westend,2018-10
2018-12-01,11,2018,12,6,12,3,5,3,1,1,0,0,0,0,0,1,8.849633678000032,53.08510598500004,Schwachhausen,Gete,2018-12
2018-11-01,11,2018,11,6,18,3,5,2,1,1,0,0,0,0,2,0,8.801977252000029,53.07144628300006,Neustadt,Alte Neustadt,2018-11
2018-10-01,11,2018,10,6,16,3,5,2,1,0,0,0,0,1,0,0,8.846919533000062,53.04829888200004,Obervieland,Habenhausen,2018-10
2018-11-01,11,2018,11,4,15,3,5,3,1,1,0,0,0,0,0,0,8.747222726000075,53.12624488900008,Gröpelingen,Ohlenhof,2018-11
2018-12-01,11,2018,12,3,18,3,5,3,1,1,0,0,0,0,2,0,8.842936094000038,53.08853025500008,Schwachhausen,Schwachhausen,2018-12
2018-11-01,11,2018,11,6,16,3,5,3,1,1,0,0,0,0,2,0,8.775279132000037,53.070486595000034,Woltmershausen,Woltmershausen,2018-11
2018-11-01,11,2018,11,4,18,3,4,6,1,0,0,0,0,0,2,0,8.800544982000076,53.070805879000034,Neustadt,Alte Neustadt,2018-11