Datetime,UKREIS,UJAHR,UMONAT,UWOCHENTAG,USTUNDE,UKATEGORIE,UART,UTYP1,IstRad,IstPKW,IstFuss,IstKrad,IstGkfz,IstSonstig,ULICHTVERH,STRZUSTAND,longitude,latitude,Stadtteil,Ortsteil,Datetime
2019-03-01,11,2019,3,3,9,3,5,2,1,1,0,0,0,0,0,1,8.825117933000058,53.08447593100004,Schwachhausen,Bürgerpark,2019-3
2019-04-01,11,2019,4,5,17,3,0,7,1,1,0,0,0,0,0,0,8.899066186000027,53.12975042600005,Unbekannt,Borgfeld,2019-4
2019-04-01,11,2019,4,5,9,3,5,2,1,1,0,0,0,0,0,0,8.785606725000036,53.07489549300004,Neustadt,Hohentor,2019-4
2019-04-01,11,2019,4,5,12,3,1,5,1,1,0,0,0,0,0,0,8.841597792000073,53.08575567700007,Schwachhausen,Schwachhausen,2019-4
2019-04-01,11,2019,4,5,15,3,5,3,1,1,0,0,0,0,0,0,8.758024774000035,53.058176822000064,Huchting,Grolland,2019-4
2019-03-01,11,2019,3,2,13,3,4,6,1,0,0,0,0,0,0,1,8.842464671000073,53.08875583400004,Schwachhausen,Neu-Schwachhausen,2019-3
2019-03-01,11,2019,3,1,18,3,5,3,1,1,0,0,0,0,2,1,8.837122007000062,53.082601984000064,Schwachhausen,Schwachhausen,2019-3
2019-03-01,11,2019,3,6,8,3,5,3,1,1,0,0,0,0,0,1,8.735646952000025,53.04430909200005,Huchting,Kirchhuchting,2019-3
2019-04-01,11,2019,4,5,6,2,0,3,1,1,0,0,0,0,0,0,8.84573288100006,53.03311991000004,Obervieland,Arsten,2019-4
2019-03-01,11,2019,3,5,17,3,5,3,1,1,0,0,0,0,0,0,8.84120867300004,53.03540655200004,Obervieland,Arsten,2019-3
2019-04-01,11,2019,4,5,15,3,1,5,1,0,0,0,0,1,0,0,8.82069866300003,53.07269939100007,Mitte,Ostertor,2019-4
2019-03-01,11,2019,3,5,9,2,0,7,1,0,0,0,0,0,0,1,8.827726313000028,53.07254049200003,Östliche Vorstadt,Steintor,2019-3
2019-03-01,11,2019,3,5,14,3,5,3,1,1,0,0,0,0,0,0,8.862264969000023,53.102823123000064,Horn-Lehe,Lehe,2019-3
2019-03-01,11,2019,3,4,7,3,5,3,1,1,0,0,0,0,0,0,8.880223538000052,53.07190454100004,Vahr,Gartenstadt Vahr,2019-3
2019-04-01,11,2019,4,4,13,3,0,7,1,0,0,0,0,0,0,0,8.832115109000028,53.09257207500008,Schwachhausen,Neu-Schwachhausen,2019-4
2019-03-01,11,2019,3,4,8,3,5,3,1,1,0,0,0,0,0,0,8.87071960700007,53.09589805500008,Horn-Lehe,Horn,2019-3
2019-03-01,11,2019,3,4,5,3,5,3,1,1,0,0,0,0,2,1,8.711754670000062,53.17361571400005,Burglesum,Burgdamm,2019-3
2019-04-01,11,2019,4,4,8,3,5,3,1,1,0,0,0,0,0,0,8.781728866000037,53.08614298900005,Walle,Überseestadt,2019-4
2019-04-01,11,2019,4,4,10,3,3,7,1,1,0,0,0,0,0,0,8.875674336000031,53.06616291400008,Hemelingen,Hastedt,2019-4
2019-03-01,11,2019,3,4,15,3,5,3,1,0,0,1,0,0,0,1,8.942575623000039,53.057299811000064,Osterholz,Osterholz,2019-3
2019-03-01,11,2019,3,3,13,3,5,3,1,1,0,0,0,0,0,0,8.753544322000039,53.08776268700007,Woltmershausen,Rablinghausen,2019-3
2019-04-01,11,2019,4,3,8,3,5,2,1,1,0,0,0,0,0,0,8.777578568000024,53.08963763000003,Walle,Überseestadt,2019-4
2019-04-01,11,2019,4,3,8,3,0,7,1,0,0,0,0,0,0,0,8.827602759000058,53.078333059000045,Östliche Vorstadt,Fesenfeld,2019-4
2019-03-01,11,2019,3,2,17,3,5,2,1,1,0,0,0,0,0,1,8.880476200000032,53.10160724800005,Horn-Lehe,Lehe,2019-3
2019-04-01,11,2019,4,3,12,2,0,1,1,0,0,0,0,0,0,0,8.744717947000026,53.12274588300005,Häfen,Industriehäfen,2019-4
2019-03-01,11,2019,3,2,14,3,5,3,1,1,0,0,0,0,0,1,8.80641294000003,53.07877113800004,Mitte,Altstadt,2019-3
2019-05-01,11,2019,5,1,6,3,0,7,1,0,0,0,0,0,2,0,8.802196438000067,53.06761024700006,Neustadt,Buntentor,2019-5
2019-05-01,12,2019,5,7,13,3,5,3,1,0,0,0,0,1,0,0,8.585206099000061,53.55742468500006,Lehe (BHV),Klushof,2019-5
2019-05-01,12,2019,5,6,11,3,5,2,1,1,0,0,0,0,0,0,8.59617393000002,53.57220269700008,Lehe (BHV),Eckernfeld,2019-5
2019-05-01,11,2019,5,6,11,2,5,3,1,1,0,0,0,0,0,0,8.736745144000054,53.14245129200003,Gröpelingen,Oslebshausen,2019-5
2019-05-01,11,2019,5,6,6,3,5,2,1,1,0,0,0,0,0,0,8.82514653100003,53.08450052200004,Schwachhausen,Bürgerpark,2019-5
2019-05-01,11,2019,5,6,12,3,3,2,1,0,0,0,1,0,0,0,8.778742356000066,53.06467612500006,Neustadt,Neuenland,2019-5
2019-05-01,11,2019,5,6,10,3,5,2,1,1,0,0,0,0,0,0,8.80418388000004,53.07237431100003,Neustadt,Alte Neustadt,2019-5
2019-05-01,12,2019,5,5,18,3,5,2,1,1,0,0,0,0,0,0,8.588147592000041,53.53601667600003,Geestemünde,Geestemünde-Nord,2019-5
2019-05-01,12,2019,5,5,11,3,5,3,1,1,0,0,0,0,0,0,8.59975836500007,53.49197893500008,Wulsdorf,Jedutenberg,2019-5
2019-05-01,11,2019,5,5,7,3,5,2,1,1,0,0,0,0,0,0,8.825327474000062,53.04358604300006,Obervieland,Kattenturm,2019-5
2019-05-01,11,2019,5,5,9,3,5,3,1,0,0,0,1,0,0,0,8.786398346000055,53.07454861600007,Neustadt,Hohentor,2019-5
2019-05-01,11,2019,5,5,7,3,3,6,1,0,0,0,0,0,0,0,8.855404348000036,53.08441669700005,Schwachhausen,Radio Bremen,2019-5
2019-05-01,11,2019,5,5,15,3,5,3,1,1,0,0,0,0,0,0,8.779999662000023,53.09327346400005,Walle,Steffensweg,2019-5
2019-05-01,12,2019,5,4,21,3,0,7,1,0,0,0,0,0,1,0,8.592030089000048,53.52685001900005,Geestemünde,Geestendorf,2019-5
2019-05-01,12,2019,5,4,6,2,5,3,1,1,0,0,0,0,0,0,8.608249243000046,53.59780356700003,Leherheide,Königsheide,2019-5
2019-05-01,11,2019,5,4,19,3,5,2,1,1,0,0,0,0,0,0,8.860868139000047,53.06339875400005,Hemelingen,Hastedt,2019-5
2019-05-01,11,2019,5,4,8,3,5,3,1,1,0,0,0,0,0,1,8.821770491000052,53.08420387400008,Schwachhausen,Barkhof,2019-5
2019-05-01,11,2019,5,4,18,3,6,4,1,0,1,0,0,0,0,0,8.572996999000054,53.18146580300004,Blumenthal,Blumenthal,2019-5
2019-05-01,12,2019,5,3,7,3,5,3,1,1,0,0,0,0,0,0,8.585177901000066,53.55761132300006,Lehe (BHV),Goethestrasse,2019-5
2019-05-01,11,2019,5,3,7,3,5,2,1,0,0,0,0,1,0,1,8.757824331000052,53.05812947800007,Huchting,Grolland,2019-5
2019-05-01,11,2019,5,2,10,3,5,3,1,1,0,0,0,0,0,0,8.791064257000073,53.09150090300005,Walle,Utbremen,2019-5
2019-05-01,11,2019,5,1,12,3,1,5,1,1,0,0,0,0,0,0,8.861018546000025,53.06649207700008,Hemelingen,Hastedt,2019-5
2019-05-01,11,2019,5,7,10,3,1,5,1,1,0,0,0,0,0,0,8.941492544000027,53.07052720800005,Osterholz,Ellenerbrok-Schevemoor,2019-5
2019-05-01,11,2019,5,7,23,3,0,1,1,0,0,0,0,0,1,0,8.787781197000072,53.07382236000007,Neustadt,Hohentor,2019-5
2019-05-01,11,2019,5,7,17,3,0,7,1,0,1,0,0,0,0,0,8.57120812100004,53.18395439700004,Blumenthal,Blumenthal,2019-5
2019-05-01,11,2019,5,7,23,2,0,1,1,0,0,0,0,0,2,0,8.782712523000043,53.12325466800007,Walle,Hohweg,2019-5
2019-05-01,11,2019,5,7,18,3,3,6,1,0,0,0,0,1,0,0,8.88558481800004,53.05680032800007,Hemelingen,Hemelingen,2019-5
2019-05-01,12,2019,5,6,16,3,5,3,1,1,0,0,0,0,0,0,8.580445014000077,53.55413615800006,Lehe (BHV),Goethestrasse,2019-5
2019-05-01,11,2019,5,6,7,2,5,3,1,1,0,0,0,0,0,1,8.794906164000054,53.09397803300004,Walle,Westend,2019-5
2019-05-01,11,2019,5,6,15,3,1,5,1,1,0,0,0,0,0,0,8.810673878000046,53.08051541200007,Mitte,Bahnhofsvorstadt,2019-5
2019-05-01,11,2019,5,6,14,3,5,3,1,1,0,0,0,0,0,0,8.879935033000038,53.072206323000046,Vahr,Gartenstadt Vahr,2019-5
2019-05-01,11,2019,5,6,13,3,5,3,1,0,0,0,0,1,0,0,8.82441543300007,53.08442667000003,Schwachhausen,Barkhof,2019-5
2019-05-01,11,2019,5,5,7,3,5,3,1,1,0,0,0,0,0,0,8.951862875000074,53.07265284900007,Osterholz,Tenever,2019-5
2019-05-01,11,2019,5,5,15,3,1,5,1,1,0,0,0,0,0,1,8.709615991000021,53.17536957900006,Burglesum,Burgdamm,2019-5
2019-05-01,12,2019,5,4,14,3,1,5,1,1,0,0,0,0,0,0,8.580575053000075,53.55086483700006,Lehe (BHV),Klushof,2019-5
2019-05-01,12,2019,5,4,20,3,5,3,1,1,0,0,0,0,0,0,8.611684978000028,53.58747540100006,Leherheide,Leherheide-West,2019-5
2019-05-01,11,2019,5,4,9,3,5,3,1,1,0,0,0,0,0,0,8.740605876000075,53.12780104700005,Gröpelingen,Oslebshausen,2019-5
2019-05-01,11,2019,5,4,17,3,5,3,1,1,0,0,0,0,0,0,8.886768128000028,53.10067324500005,Horn-Lehe,Lehesterdeich,2019-5
2019-05-01,11,2019,5,4,17,3,1,7,1,0,0,0,0,1,0,0,8.82390041900004,53.07093195900006,Mitte,Ostertor,2019-5
2019-05-01,11,2019,5,3,18,3,0,1,1,0,0,0,0,0,0,0,8.807046852000042,53.07518031500007,Mitte,Altstadt,2019-5
2019-05-01,11,2019,5,3,18,3,2,6,1,1,0,1,0,0,0,0,8.715630876000034,53.05421861700006,Huchting,Mittelshuchting,2019-5
2019-05-01,11,2019,5,3,16,3,5,3,1,1,0,0,0,0,0,0,8.804631149000045,53.08578731500006,Mitte,Bahnhofsvorstadt,2019-5
2019-05-01,11,2019,5,3,17,3,5,2,1,1,0,0,0,0,0,0,8.58456400800003,53.18143901700006,Blumenthal,Blumenthal,2019-5
2019-04-01,11,2019,4,7,22,3,5,2,1,1,0,0,0,0,2,0,8.78974575500007,53.07146382000008,Neustadt,Hohentor,2019-4
2019-04-01,11,2019,4,7,15,3,1,5,1,1,0,0,0,0,0,0,8.893797051000035,53.06669443900006,Hemelingen,Sebaldsbrück,2019-4
2019-04-01,11,2019,4,7,11,2,4,6,1,0,0,0,0,0,0,0,8.821472141000072,53.07912046600006,Mitte,Ostertor,2019-4
2019-04-01,11,2019,4,7,12,3,0,7,1,0,0,0,0,0,0,0,8.832001741000056,53.071051726000064,Östliche Vorstadt,Steintor,2019-4
2019-04-01,11,2019,4,1,15,3,0,1,1,0,0,0,0,0,0,0,8.781803040000057,53.08753703300005,Walle,Überseestadt,2019-4
2019-05-01,11,2019,5,2,9,3,5,3,1,0,0,0,0,0,0,0,8.804456208000033,53.07549639000007,Mitte,Altstadt,2019-5
2019-05-01,11,2019,5,2,16,3,5,2,1,1,0,0,0,0,0,0,8.744443162000039,53.13023110200004,Gröpelingen,Oslebshausen,2019-5
2019-05-01,11,2019,5,2,18,3,5,3,1,1,0,0,0,0,0,0,8.758442046000027,53.05709636700004,Huchting,Grolland,2019-5
2019-05-01,11,2019,5,2,15,3,5,3,1,1,0,0,0,0,0,0,8.798822510000036,53.06583985300006,Neustadt,Buntentor,2019-5
2019-05-01,11,2019,5,2,7,3,5,2,1,1,0,0,0,0,0,0,8.821454860000074,53.03750184000006,Obervieland,Kattenturm,2019-5
2019-05-01,11,2019,5,2,17,3,5,2,1,1,0,0,0,0,0,0,8.737046857000053,53.07972006600005,Häfen,Neustädter Hafen,2019-5
2019-05-01,11,2019,5,2,19,3,5,3,1,1,0,0,0,0,1,0,8.892072202000065,53.04796758400005,Hemelingen,Hemelingen,2019-5
2019-05-01,11,2019,5,2,16,3,5,2,1,1,0,0,0,0,0,0,8.882070025000075,53.07909759200004,Vahr,Neue Vahr Südwest,2019-5
2019-05-01,12,2019,5,1,10,3,8,1,1,0,0,0,0,0,0,0,8.568695651000041,53.58759783300008,Lehe (BHV),Speckenbüttel,2019-5
2019-05-01,11,2019,5,7,15,3,4,6,1,0,0,0,0,0,0,0,8.867925462000073,53.061427939000055,Hemelingen,Hastedt,2019-5
2019-05-01,11,2019,5,7,10,3,5,3,1,1,0,0,0,0,0,0,8.831644932000074,53.08112389400003,Schwachhausen,Gete,2019-5
2019-05-01,11,2019,5,7,1,3,0,7,1,0,0,0,0,0,2,0,8.854550164000045,53.08259891000006,Schwachhausen,Radio Bremen,2019-5
2019-05-01,11,2019,5,6,14,3,5,3,1,1,0,0,0,0,0,0,8.843485784000052,53.08367226300004,Schwachhausen,Gete,2019-5
2019-05-01,11,2019,5,6,14,3,5,3,1,1,0,0,0,0,0,0,8.84958074800005,53.08524988600004,Schwachhausen,Schwachhausen,2019-5
2019-05-01,12,2019,5,5,5,3,5,3,1,1,0,0,0,0,0,1,8.566138593000062,53.56036478500005,Mitte (BHV),Mitte-Nord,2019-5
2019-05-01,12,2019,5,5,11,3,5,3,1,0,0,0,0,1,0,0,8.597963481000022,53.58606821300003,Leherheide,Königsheide,2019-5
2019-05-01,11,2019,5,5,12,3,0,7,1,1,0,0,0,0,0,0,8.637199163000048,53.18739084500004,Vegesack,Unbekannt,2019-5
2019-05-01,11,2019,5,5,15,3,0,7,1,0,0,0,0,0,0,0,8.787374009000075,53.074058852000064,Neustadt,Alte Neustadt,2019-5
2019-05-01,11,2019,5,5,7,3,5,3,1,1,0,0,0,0,0,1,8.819654458000059,53.03830984500007,Obervieland,Kattenturm,2019-5
2019-05-01,11,2019,5,5,7,3,0,7,1,0,1,0,0,0,0,1,8.795775438000021,53.077098515000046,Neustadt,Alte Neustadt,2019-5
2019-05-01,11,2019,5,5,7,3,5,2,1,1,0,0,0,0,0,0,8.906290830000046,53.05958598000007,Hemelingen,Sebaldsbrück,2019-5
2019-05-01,11,2019,5,5,19,3,5,2,1,1,0,0,0,0,0,0,8.80865906300005,53.082882030000064,Mitte,Bahnhofsvorstadt,2019-5
2019-05-01,12,2019,5,4,7,2,5,2,1,1,0,0,0,0,0,0,8.608728448000022,53.58970144400007,Leherheide,Königsheide,2019-5
2019-05-01,11,2019,5,4,18,3,5,2,1,1,0,0,0,0,1,0,8.76843434400007,53.09401494100007,Walle,Überseestadt,2019-5
2019-05-01,11,2019,5,4,6,3,5,3,1,1,0,0,0,0,1,0,8.763546490000067,53.10892873200004,Gröpelingen,Lindenhof,2019-5
2019-05-01,11,2019,5,4,9,3,6,4,1,0,1,0,0,0,0,0,8.82057016300007,53.050843144000055,Neustadt,Huckelriede,2019-5
2019-05-01,11,2019,5,4,7,3,5,3,1,0,0,0,1,0,0,0,8.901498075000063,53.05942898600006,Hemelingen,Sebaldsbrück,2019-5
2019-05-01,11,2019,5,3,19,3,5,3,1,1,0,0,0,0,0,0,8.785258708000072,53.08441333000008,Walle,Überseestadt,2019-5
2019-05-01,11,2019,5,3,23,3,0,7,1,0,0,0,0,0,2,0,8.592263177000063,53.18311298400005,Blumenthal,Blumenthal,2019-5
2019-05-01,11,2019,5,3,16,3,4,2,1,1,0,0,0,0,0,0,8.791802333000021,53.06159969300006,Neustadt,Gartenstadt Süd,2019-5
2019-05-01,11,2019,5,3,6,3,5,3,1,1,0,0,0,0,0,1,8.964331925000067,53.063194991000046,Osterholz,Tenever,2019-5
2019-05-01,12,2019,5,2,7,3,5,3,1,1,0,0,0,0,0,1,8.604539394000028,53.57746861800007,Lehe (BHV),Schierholz,2019-5
2019-05-01,11,2019,5,2,9,3,5,3,1,1,0,0,0,0,0,0,8.870179145000066,53.06399433400003,Hemelingen,Hastedt,2019-5
2019-05-01,11,2019,5,2,9,3,5,3,1,1,0,0,0,0,0,1,8.57809338800007,53.20647575900006,Blumenthal,Lüssum-Bockhorn,2019-5
2019-05-01,11,2019,5,2,17,3,5,3,1,1,0,0,0,0,0,1,8.897450629000048,53.05857905400006,Hemelingen,Sebaldsbrück,2019-5
2019-05-01,11,2019,5,1,11,3,1,5,1,1,0,0,0,0,0,1,8.80075094700004,53.09734300700006,Findorff,Regensburger Str.,2019-5
2019-05-01,11,2019,5,1,10,3,5,3,1,1,0,0,0,0,0,0,8.81837321100005,53.07742415200005,Mitte,Ostertor,2019-5
2019-05-01,11,2019,5,1,19,3,5,3,1,1,0,0,0,0,0,0,8.686122133000026,53.17283439900007,Burglesum,Lesum,2019-5
2019-05-01,12,2019,5,6,17,2,5,3,1,1,0,0,0,0,0,0,8.588112246000037,53.53438329600005,Geestemünde,Geestendorf,2019-5
2019-05-01,11,2019,5,6,15,3,5,3,1,1,0,0,0,0,0,0,8.855679187000021,53.06961289200007,Östliche Vorstadt,Peterswerder,2019-5
2019-05-01,11,2019,5,6,7,3,5,3,1,1,0,0,0,0,0,0,8.619924260000062,53.17297216000003,Vegesack,Vegesack,2019-5
2019-05-01,11,2019,5,6,14,3,6,4,1,0,1,0,0,0,0,0,8.846525280000037,53.10609104900004,Horn-Lehe,Lehe,2019-5
2019-05-01,11,2019,5,6,9,3,5,3,1,1,0,0,0,0,0,0,8.81418241700004,53.08523081000004,Findorff,Findorff-Bürgerweide,2019-5
2019-05-01,11,2019,5,5,2,3,0,7,1,0,0,0,0,0,2,0,8.810652386000072,53.08062515200004,Mitte,Bahnhofsvorstadt,2019-5
2019-05-01,11,2019,5,5,11,3,5,3,1,0,0,0,0,0,0,0,8.854737596000064,53.076446962000034,Schwachhausen,Gete,2019-5
2019-05-01,11,2019,5,4,17,3,6,4,1,0,1,0,0,0,0,0,8.794595811000022,53.06698444800003,Neustadt,Neustadt,2019-5
2019-04-01,11,2019,4,6,20,3,1,5,1,1,0,0,0,0,2,0,8.823598368000034,53.071779047000064,Östliche Vorstadt,Steintor,2019-4
2019-05-01,11,2019,5,4,9,3,1,5,1,1,0,0,0,0,0,0,8.811361562000059,53.08020742600007,Mitte,Bahnhofsvorstadt,2019-5
2019-05-01,11,2019,5,4,14,3,5,3,1,1,0,0,0,0,0,0,8.740011849000041,53.05140554700006,Huchting,Kirchhuchting,2019-5
2019-05-01,11,2019,5,4,5,3,1,7,1,1,0,0,0,0,1,0,8.871839660000035,53.098372880000056,Horn-Lehe,Lehe,2019-5
2019-04-01,11,2019,4,3,15,3,5,2,1,1,0,0,0,0,0,0,8.693999482000038,53.18061705200006,Burglesum,Lesum,2019-4
2019-04-01,11,2019,4,3,15,3,5,2,1,1,0,0,0,0,0,0,8.786200087000054,53.103058358000055,Walle,Walle,2019-4
2019-04-01,11,2019,4,3,14,3,0,6,1,0,0,0,0,0,0,0,8.882052237000039,53.10329480000007,Horn-Lehe,Lehesterdeich,2019-4
2019-04-01,11,2019,4,3,14,3,3,6,1,1,0,0,0,0,0,0,8.864135262000048,53.10255054900006,Horn-Lehe,Lehe,2019-4
2019-04-01,11,2019,4,2,14,3,3,2,1,0,0,0,0,1,0,1,8.788437257000055,53.09395658200003,Walle,Westend,2019-4
2019-04-01,11,2019,4,2,15,3,3,6,1,1,0,0,0,0,0,0,8.731375403000072,53.13087628400007,Gröpelingen,Oslebshausen,2019-4
2019-04-01,11,2019,4,2,16,3,4,6,1,0,0,0,0,0,0,0,8.881989608000026,53.07554024700005,Vahr,Neue Vahr Südwest,2019-4
2019-04-01,11,2019,4,2,12,3,5,3,1,1,0,0,0,0,0,1,8.828396304000023,53.08776073200005,Schwachhausen,Bürgerpark,2019-4
2019-04-01,11,2019,4,7,18,2,0,1,1,0,0,0,0,0,0,0,8.620184618000053,53.17075180300003,Vegesack,Vegesack,2019-4
2019-04-01,11,2019,4,6,19,3,6,4,1,0,1,0,0,0,1,1,8.847070808000069,53.08481534400005,Schwachhausen,Gete,2019-4
2019-04-01,11,2019,4,6,19,3,5,3,1,1,0,0,0,0,0,0,8.951138425000067,53.06220462500005,Osterholz,Tenever,2019-4
2019-04-01,11,2019,4,1,14,3,0,7,1,0,0,0,0,0,0,0,8.704239703000042,53.15675900900004,Burglesum,Burg-Grambke,2019-4
2019-04-01,11,2019,4,6,14,3,5,3,1,1,0,0,0,0,0,1,8.93061728300006,53.03857947100005,Hemelingen,Arbergen,2019-4
2019-04-01,11,2019,4,6,12,3,0,3,1,1,0,0,0,0,0,1,8.78833865100006,53.06305838600008,Neustadt,Neustadt,2019-4
2019-04-01,11,2019,4,5,5,3,3,6,1,0,0,0,0,1,1,1,8.969900779000056,53.042747045000056,Hemelingen,Mahndorf,2019-4
2019-04-01,11,2019,4,5,7,3,5,3,1,1,0,0,0,0,0,0,8.764604490000067,53.08301605500003,Woltmershausen,Woltmershausen,2019-4
2019-04-01,11,2019,4,5,16,3,5,2,1,1,0,0,0,0,0,0,8.78753788900002,53.09957151700007,Walle,Westend,2019-4
2019-04-01,11,2019,4,5,17,3,5,3,1,0,0,0,0,0,0,0,8.84713355200006,53.08700698500007,Schwachhausen,Riensberg,2019-4
2019-04-01,11,2019,4,5,9,3,5,3,1,1,0,0,0,0,0,0,8.754086141000073,53.12198080500008,Gröpelingen,Ohlenhof,2019-4
2019-04-01,11,2019,4,5,8,3,5,3,1,1,0,0,0,0,0,0,8.824882498000022,53.08418254300005,Schwachhausen,Barkhof,2019-4
2019-04-01,11,2019,4,4,5,3,7,7,1,0,0,0,0,0,2,0,8.741337016000045,53.07932613600008,Unbekannt,Strom,2019-4
2019-04-01,11,2019,4,4,18,3,1,5,1,1,0,0,0,0,0,0,8.789052609000066,53.06900043100006,Neustadt,Neustadt,2019-4
2019-04-01,11,2019,4,4,19,3,4,6,1,0,0,0,0,0,0,0,8.805267245000039,53.08102369900007,Mitte,Bahnhofsvorstadt,2019-4
2019-04-01,12,2019,4,3,17,3,5,3,1,1,0,0,0,0,0,0,8.583527609000043,53.58680219600007,Lehe (BHV),Speckenbüttel,2019-4
2019-04-01,11,2019,4,3,13,3,3,3,1,1,0,0,0,0,0,0,8.75392230600005,53.12040746500003,Gröpelingen,Ohlenhof,2019-4
2019-04-01,11,2019,4,3,19,2,5,3,1,1,0,0,0,0,1,0,8.83716054100006,53.07176794900005,Östliche Vorstadt,Peterswerder,2019-4
2019-04-01,11,2019,4,3,9,3,3,2,1,1,0,0,0,0,0,0,8.824398771000062,53.08442465100006,Schwachhausen,Barkhof,2019-4
2019-04-01,11,2019,4,2,21,2,6,4,1,1,1,0,0,0,0,0,8.79265839900006,53.06572909900007,Neustadt,Neustadt,2019-4
2019-04-01,11,2019,4,2,17,3,5,3,1,0,0,0,0,1,0,0,8.881553792000034,53.05942032400003,Hemelingen,Hemelingen,2019-4
2019-04-01,11,2019,4,1,16,3,1,7,1,1,0,0,0,0,0,0,8.954937733000065,53.06646476500004,Osterholz,Tenever,2019-4
2019-04-01,11,2019,4,6,22,3,6,4,1,1,1,0,0,0,2,0,8.799814323000021,53.07037808100006,Neustadt,Alte Neustadt,2019-4
2019-04-01,11,2019,4,7,12,3,5,3,1,1,0,0,0,0,0,0,8.955920719000062,53.04658589500008,Osterholz,Osterholz,2019-4
2019-07-01,11,2019,7,3,6,3,5,3,1,1,0,0,0,0,0,0,8.730107480000072,53.03401440400006,Unbekannt,Unbekannt,2019-7
2019-07-01,11,2019,7,2,6,3,5,3,1,1,0,0,0,0,0,0,8.918736938000052,53.04119158300006,Hemelingen,Arbergen,2019-7
2019-07-01,11,2019,7,2,18,3,3,6,1,0,0,0,0,0,0,0,8.803830822000066,53.08029899200005,Mitte,Altstadt,2019-7
2019-07-01,11,2019,7,2,11,3,0,2,1,1,0,0,0,0,0,0,8.931690458000048,53.06220031200007,Osterholz,Ellenerbrok-Schevemoor,2019-7
2019-07-01,11,2019,7,2,7,3,5,2,1,0,0,0,0,1,0,0,8.786398346000055,53.07454861600007,Neustadt,Hohentor,2019-7
2019-07-01,11,2019,7,2,9,3,1,3,1,0,0,0,0,0,0,0,8.870304824000073,53.06488049600006,Hemelingen,Hastedt,2019-7
2019-07-01,11,2019,7,2,12,3,6,4,1,0,1,0,0,0,0,0,8.846502881000049,53.071590797000056,Östliche Vorstadt,Peterswerder,2019-7
2019-06-01,12,2019,6,1,14,3,5,3,1,1,0,0,0,0,0,0,8.595104305000064,53.56563836500004,Lehe (BHV),Klushof,2019-6
2019-06-01,12,2019,6,1,9,3,4,2,1,1,0,0,0,0,0,0,8.607601687000056,53.53528091000004,Geestemünde,Bürgerpark (BHV),2019-6
2019-06-01,11,2019,6,7,21,3,0,1,1,0,0,0,0,0,0,0,8.90633063000007,53.07136296700003,Hemelingen,Sebaldsbrück,2019-6
2019-06-01,12,2019,6,6,11,3,5,3,1,1,0,0,0,0,0,0,8.599557310000023,53.53021613000004,Geestemünde,Geestendorf,2019-6
2019-06-01,11,2019,6,6,13,3,7,7,1,0,0,0,0,0,0,0,8.817237379000062,53.07001660100008,Mitte,Ostertor,2019-6
2019-06-01,11,2019,6,6,13,3,3,3,1,0,0,0,0,1,0,0,8.824542407000024,53.08418728100003,Schwachhausen,Barkhof,2019-6
2019-06-01,11,2019,6,6,15,3,5,3,1,1,0,0,0,0,0,0,8.879747357000042,53.11256830700006,Horn-Lehe,Lehesterdeich,2019-6
2019-06-01,11,2019,6,6,9,3,0,7,1,0,0,0,0,0,0,0,8.57796669000004,53.18159824500003,Blumenthal,Blumenthal,2019-6
2019-06-01,11,2019,6,6,17,3,5,3,1,1,0,0,0,0,0,0,8.896271833000071,53.118530545000056,Horn-Lehe,Lehesterdeich,2019-6
2019-06-01,11,2019,6,6,13,3,5,3,1,0,0,0,1,0,0,0,8.853841506000037,53.08237060100004,Schwachhausen,Gete,2019-6
2019-06-01,11,2019,6,5,18,3,5,2,1,1,0,0,0,0,0,0,8.80849962000002,53.08804321700006,Findorff,Findorff-Bürgerweide,2019-6
2019-06-01,11,2019,6,5,13,3,0,3,1,0,0,0,0,1,0,0,8.88748470400003,53.05054141100004,Hemelingen,Hemelingen,2019-6
2019-06-01,12,2019,6,4,16,3,5,3,1,1,0,0,0,0,0,0,8.602531016000057,53.50941562600008,Wulsdorf,Dreibergen,2019-6
2019-06-01,11,2019,6,4,13,3,5,2,1,1,0,0,0,0,0,0,8.919916615000034,53.07339919200007,Osterholz,Blockdiek,2019-6
2019-06-01,11,2019,6,4,14,2,5,2,1,0,0,0,0,1,0,0,8.771743920000063,53.079250296000055,Woltmershausen,Woltmershausen,2019-6
2019-06-01,11,2019,6,4,12,3,5,3,1,1,0,0,0,0,0,0,8.804354355000044,53.07252620600008,Mitte,Altstadt,2019-6
2019-06-01,11,2019,6,4,14,3,5,2,1,1,0,0,0,0,0,0,8.809216402000061,53.078852049000034,Mitte,Altstadt,2019-6
2019-06-01,11,2019,6,4,11,3,5,3,1,1,0,0,0,0,0,0,8.893566448000058,53.09839499700007,Horn-Lehe,Lehesterdeich,2019-6
2019-06-01,12,2019,6,3,7,3,5,3,1,0,0,0,0,1,0,0,8.597734335000041,53.53410970600004,Geestemünde,Geestendorf,2019-6
2019-06-01,11,2019,6,3,13,3,4,6,1,0,0,0,0,0,0,0,8.752817313000037,53.08934986700007,Woltmershausen,Rablinghausen,2019-6