Datetime,UKREIS,UJAHR,UMONAT,UWOCHENTAG,USTUNDE,UKATEGORIE,UART,UTYP1,IstRad,IstPKW,IstFuss,IstKrad,IstGkfz,IstSonstig,ULICHTVERH,STRZUSTAND,longitude,latitude,Stadtteil,Ortsteil,Datetime
2019-06-01,11,2019,6,3,15,3,5,2,1,1,0,0,0,0,0,0,8.875976800000046,53.08213294600006,Vahr,Neue Vahr Südwest,2019-6
2019-06-01,11,2019,6,3,21,3,0,2,1,1,0,0,0,0,1,0,8.835290351000026,53.06290929200003,Obervieland,Habenhausen,2019-6
2019-06-01,11,2019,6,3,11,3,5,2,1,1,0,0,0,0,0,0,8.832749008000064,53.07747282100007,Östliche Vorstadt,Fesenfeld,2019-6
2019-06-01,11,2019,6,3,15,3,5,2,1,1,0,0,0,0,0,0,8.939977286000044,53.080352094000034,Oberneuland,Unbekannt,2019-6
2019-06-01,12,2019,6,2,16,3,0,1,1,0,0,0,0,0,0,0,8.552164748000052,53.57943065900008,Häfen (BHV),Stadtbremisches Überseehafengebiet Bremerhaven,2019-6
2019-06-01,11,2019,6,2,15,3,5,3,1,1,0,0,0,0,0,0,8.791787916000033,53.09091799400005,Walle,Utbremen,2019-6
2019-06-01,11,2019,6,2,14,3,2,6,1,1,0,0,0,0,0,0,8.808275868000067,53.094627985000045,Findorff,Weidedamm,2019-6
2019-06-01,11,2019,6,2,14,3,1,5,1,1,0,0,0,0,0,0,8.81047010900005,53.08377760500008,Mitte,Bahnhofsvorstadt,2019-6
2019-06-01,11,2019,6,2,7,3,6,4,1,0,1,0,0,0,0,0,8.908266385000047,53.03987510800005,Hemelingen,Arbergen,2019-6
2019-06-01,11,2019,6,2,20,2,0,6,1,0,0,1,0,0,0,0,8.829650564000076,53.07186444400003,Östliche Vorstadt,Steintor,2019-6
2019-06-01,11,2019,6,2,9,3,0,1,1,1,0,0,0,0,0,0,8.810412445000054,53.09258351100004,Findorff,Findorff-Bürgerweide,2019-6
2019-06-01,11,2019,6,7,10,3,5,3,1,0,0,0,0,1,0,0,8.88747795300003,53.06228803500005,Hemelingen,Sebaldsbrück,2019-6
2019-06-01,11,2019,6,7,15,3,0,1,1,0,0,0,0,0,0,0,8.585063085000058,53.18118524000005,Blumenthal,Blumenthal,2019-6
2019-06-01,11,2019,6,7,17,3,5,3,1,1,0,0,0,0,0,0,8.722124509000025,53.15875509600005,Burglesum,Burg-Grambke,2019-6
2019-06-01,11,2019,6,7,16,2,3,6,1,0,0,0,0,0,0,0,8.848184278000076,53.14253033800003,Unbekannt,Blockland,2019-6
2019-06-01,11,2019,6,6,16,3,5,3,1,1,0,0,0,0,0,0,8.735002136000048,53.13227154500004,Gröpelingen,Oslebshausen,2019-6
2019-06-01,11,2019,6,6,14,3,5,3,1,1,0,0,0,0,0,0,8.819495880000034,53.04864911200008,Neustadt,Huckelriede,2019-6
2019-06-01,11,2019,6,6,16,3,0,7,1,0,0,0,0,1,0,0,8.803629009000076,53.08239799300003,Mitte,Bahnhofsvorstadt,2019-6
2019-06-01,11,2019,6,6,23,3,5,2,1,1,0,0,0,0,2,0,8.819595825000022,53.08049201700004,Mitte,Ostertor,2019-6
2019-06-01,11,2019,6,6,5,3,1,1,1,1,0,0,0,0,0,0,8.795682696000028,53.07538404000008,Neustadt,Alte Neustadt,2019-6
2019-06-01,11,2019,6,6,14,3,3,6,1,1,0,0,0,0,0,0,8.803069306000054,53.08451433600004,Mitte,Bahnhofsvorstadt,2019-6
2019-06-01,11,2019,6,5,15,3,4,7,1,1,0,0,0,0,0,0,8.802695505000031,53.08429856300006,Mitte,Bahnhofsvorstadt,2019-6
2019-06-01,11,2019,6,5,12,3,1,1,1,1,0,0,0,0,0,0,8.82975183900004,53.07182788100005,Östliche Vorstadt,Steintor,2019-6
2019-06-01,11,2019,6,5,23,3,0,1,1,0,0,0,0,0,2,1,8.824632845000053,53.06897099800005,Mitte,Ostertor,2019-6
2019-06-01,11,2019,6,5,17,3,1,5,1,1,0,0,0,0,0,0,8.848986444000047,53.06814191200005,Östliche Vorstadt,Peterswerder,2019-6
2019-06-01,11,2019,6,5,7,3,5,3,1,1,0,0,0,0,0,0,8.658359038000071,53.17425820600005,Burglesum,St.Magnus,2019-6
2019-06-01,11,2019,6,5,9,3,5,3,1,1,0,0,0,0,0,0,8.763415423000026,53.11660780100004,Gröpelingen,Gröpelingen,2019-6
2019-06-01,11,2019,6,5,12,3,6,4,1,0,1,0,0,0,0,0,8.801911683000071,53.08497017900004,Mitte,Bahnhofsvorstadt,2019-6
2019-06-01,11,2019,6,4,7,3,5,3,1,1,0,0,0,0,0,0,8.812701467000068,53.08108574100004,Mitte,Bahnhofsvorstadt,2019-6
2019-06-01,11,2019,6,4,16,2,9,7,1,1,0,0,0,0,0,0,8.57488662000003,53.19263460100007,Blumenthal,Blumenthal,2019-6
2019-06-01,11,2019,6,4,14,3,0,2,1,1,0,0,0,0,0,0,8.804024879000053,53.07252157700003,Mitte,Altstadt,2019-6
2019-06-01,11,2019,6,4,10,3,0,7,1,0,0,0,0,1,0,0,8.50923941700006,53.208279195000046,Blumenthal,Rekum,2019-6
2019-06-01,11,2019,6,4,15,3,6,4,1,0,1,0,0,0,0,0,8.796220085000073,53.068043697000064,Neustadt,Neustadt,2019-6
2019-06-01,12,2019,6,3,17,3,5,3,1,1,0,0,0,0,0,0,8.584340110000028,53.57339592500006,Lehe (BHV),Eckernfeld,2019-6
2019-06-01,11,2019,6,3,13,3,1,3,1,1,0,0,0,0,0,0,8.814983962000042,53.08125821200008,Mitte,Bahnhofsvorstadt,2019-6
2019-06-01,11,2019,6,3,8,3,5,3,1,1,0,0,0,0,0,0,8.804201780000028,53.072364744000026,Neustadt,Alte Neustadt,2019-6
2019-06-01,12,2019,6,2,22,3,5,2,1,1,0,0,0,0,2,1,8.580057586000066,53.55026175000006,Mitte (BHV),Mitte-Nord,2019-6
2019-06-01,11,2019,6,2,17,3,4,2,1,1,0,0,0,0,0,0,8.82583285100003,53.07300133900003,Östliche Vorstadt,Steintor,2019-6
2019-06-01,11,2019,6,2,20,3,4,6,1,1,0,0,0,0,0,0,8.854014006000057,53.080770898000026,Schwachhausen,Gete,2019-6
2019-06-01,11,2019,6,2,9,2,6,4,1,0,1,0,0,0,0,0,8.856591478000041,53.08891121400006,Schwachhausen,Riensberg,2019-6
2019-06-01,11,2019,6,2,17,2,0,7,1,0,0,0,0,0,0,0,8.955715928000075,53.07600921000005,Osterholz,Tenever,2019-6
2019-06-01,11,2019,6,2,7,3,5,3,1,1,0,0,0,0,0,0,8.90087191400005,53.08934969900008,Horn-Lehe,Horn,2019-6
2019-06-01,11,2019,6,1,20,3,5,2,1,1,0,0,0,0,0,1,8.85913879100002,53.06370777700005,Hemelingen,Hastedt,2019-6
2019-06-01,11,2019,6,1,18,3,5,3,1,0,0,0,0,0,0,0,8.907114568000054,53.12071200100007,Unbekannt,Borgfeld,2019-6
2019-06-01,11,2019,6,1,16,2,0,7,1,0,0,0,0,1,0,0,8.817621632000055,53.03899253800006,Obervieland,Kattenturm,2019-6
2019-06-01,11,2019,6,1,17,3,5,2,1,1,0,0,0,0,0,0,8.84671078100007,53.09267992100007,Schwachhausen,Neu-Schwachhausen,2019-6
2019-06-01,11,2019,6,1,13,3,0,7,1,0,0,0,0,0,0,0,8.887990543000058,53.066743847000055,Hemelingen,Sebaldsbrück,2019-6
2019-06-01,11,2019,6,7,11,3,0,1,1,0,0,0,0,0,0,0,8.82765090600003,53.072563675000026,Östliche Vorstadt,Steintor,2019-6
2019-06-01,11,2019,6,7,14,3,5,3,1,1,0,0,0,0,0,0,8.818080208000026,53.07772092000005,Mitte,Ostertor,2019-6
2019-06-01,11,2019,6,7,12,3,5,3,1,1,0,0,0,0,0,0,8.818079692000026,53.07772082000008,Mitte,Ostertor,2019-6
2019-06-01,11,2019,6,7,15,3,4,6,1,0,0,0,0,0,0,0,8.809903900000052,53.09569616200008,Findorff,Weidedamm,2019-6
2019-06-01,11,2019,6,7,18,3,5,3,1,1,0,0,0,0,0,0,8.887612458000035,53.05947314700006,Hemelingen,Hemelingen,2019-6
2019-06-01,11,2019,6,6,22,3,1,5,1,0,0,0,0,1,2,0,8.868490090000023,53.09868456800007,Horn-Lehe,Lehe,2019-6
2019-06-01,11,2019,6,6,16,2,0,1,1,0,0,0,0,0,0,0,8.74999357300004,53.12029685700003,Häfen,Industriehäfen,2019-6
2019-06-01,11,2019,6,6,14,3,0,7,1,1,0,0,0,0,0,0,8.796078804000047,53.10295092400003,Walle,Osterfeuerberg,2019-6
2019-06-01,11,2019,6,6,14,3,4,6,1,0,0,0,0,1,0,0,8.840024114000073,53.078679632000046,Schwachhausen,Gete,2019-6
2019-06-01,11,2019,6,6,15,3,0,7,1,1,0,0,0,0,0,0,8.902156088000027,53.10588115000007,Oberneuland,Unbekannt,2019-6
2019-06-01,11,2019,6,6,15,2,5,3,1,0,0,0,0,0,0,0,8.782034932000045,53.09589725600006,Walle,Steffensweg,2019-6
2019-06-01,12,2019,6,5,10,3,5,3,1,1,0,0,0,0,0,0,8.590214177000064,53.534826346000045,Geestemünde,Geestendorf,2019-6
2019-06-01,11,2019,6,5,14,3,0,1,1,0,0,0,0,0,0,0,8.814012233000028,53.073057824000045,Mitte,Altstadt,2019-6
2019-06-01,11,2019,6,5,18,3,5,3,1,0,0,0,1,0,0,0,8.953750661000072,53.03410617100008,Hemelingen,Mahndorf,2019-6
2019-06-01,11,2019,6,5,11,3,1,5,1,1,0,0,0,0,0,0,8.890624459000037,53.11056674000008,Horn-Lehe,Lehesterdeich,2019-6
2019-06-01,12,2019,6,4,16,3,5,3,1,1,0,0,0,0,0,0,8.585222028000032,53.55744481300008,Lehe (BHV),Goethestrasse,2019-6
2019-06-01,11,2019,6,4,15,3,3,2,1,1,0,0,0,0,0,1,8.861637316000042,53.09930055500007,Horn-Lehe,Lehe,2019-6
2019-06-01,11,2019,6,4,15,3,5,2,1,1,0,0,0,0,0,1,8.817054907000056,53.07879685800003,Mitte,Bahnhofsvorstadt,2019-6
2019-06-01,11,2019,6,4,7,3,0,7,1,0,1,0,0,0,0,0,8.58275309000004,53.18220939000008,Blumenthal,Blumenthal,2019-6
2019-06-01,11,2019,6,4,13,3,4,6,1,0,0,0,0,0,0,0,8.899800991000063,53.03844489100004,Hemelingen,Hemelingen,2019-6
2019-06-01,11,2019,6,3,18,3,5,2,1,1,0,0,0,0,0,0,8.823595219000026,53.07689189200005,Mitte,Ostertor,2019-6
2019-06-01,11,2019,6,3,17,3,5,3,1,1,0,0,0,0,0,0,8.789263259000052,53.09730517700007,Walle,Westend,2019-6
2019-06-01,11,2019,6,3,8,3,5,3,1,1,0,0,0,0,0,1,8.731051150000042,53.13526559600007,Gröpelingen,Oslebshausen,2019-6
2019-06-01,11,2019,6,2,18,3,0,7,1,0,0,0,0,0,0,0,8.817148480000071,53.08358718800008,Schwachhausen,Barkhof,2019-6
2019-06-01,11,2019,6,2,20,3,5,3,1,1,0,0,0,0,0,1,8.78163358300003,53.086203056000045,Walle,Überseestadt,2019-6
2019-06-01,11,2019,6,1,21,3,5,3,1,1,0,0,0,0,0,0,8.875039550000054,53.08242038700007,Schwachhausen,Radio Bremen,2019-6
2019-06-01,11,2019,6,7,9,3,4,6,1,1,0,0,0,0,0,1,8.842900100000065,53.03370062400006,Obervieland,Arsten,2019-6
2019-06-01,11,2019,6,7,0,2,0,7,1,0,0,0,0,0,2,1,8.818442881000067,53.04256405300004,Obervieland,Kattenturm,2019-6
2019-06-01,12,2019,6,6,15,3,5,3,1,1,0,0,0,0,0,0,8.588622659000066,53.577461208000045,Lehe (BHV),Eckernfeld,2019-6
2019-06-01,11,2019,6,6,12,3,5,2,1,1,0,0,0,0,0,0,8.571171184000036,53.181280195000056,Blumenthal,Blumenthal,2019-6
2019-06-01,11,2019,6,6,17,3,5,3,1,1,0,0,0,0,0,0,8.845314142000063,53.09110888300006,Schwachhausen,Neu-Schwachhausen,2019-6
2019-06-01,11,2019,6,6,8,3,1,5,1,1,0,0,0,0,0,0,8.65069214500005,53.18035596100003,Vegesack,Schönebeck,2019-6
2019-06-01,11,2019,6,6,7,3,5,3,1,0,0,0,0,1,0,0,8.938135251000062,53.06847195000006,Osterholz,Ellenerbrok-Schevemoor,2019-6
2019-06-01,11,2019,6,5,11,3,1,1,1,1,0,0,0,0,0,1,8.827644182000029,53.07256574200005,Östliche Vorstadt,Steintor,2019-6
2019-06-01,11,2019,6,5,19,3,1,7,1,1,0,0,0,0,0,0,8.835539910000023,53.08424508900004,Schwachhausen,Schwachhausen,2019-6
2019-06-01,11,2019,6,5,17,3,5,3,1,0,0,0,0,0,0,0,8.82492219300002,53.07511625800004,Östliche Vorstadt,Steintor,2019-6
2019-06-01,11,2019,6,5,17,3,5,7,1,0,0,0,0,0,0,0,8.880681786000025,53.10164110000005,Horn-Lehe,Lehe,2019-6
2019-06-01,11,2019,6,4,13,3,5,3,1,1,0,0,0,0,0,0,8.800884856000039,53.08451375300007,Mitte,Bahnhofsvorstadt,2019-6
2019-06-01,11,2019,6,4,19,3,0,7,1,1,0,0,0,0,0,0,8.741171139000073,53.13802712300003,Gröpelingen,Oslebshausen,2019-6
2019-06-01,11,2019,6,4,13,3,5,3,1,1,0,0,0,0,0,0,8.724072979000027,53.04608889800005,Huchting,Sodenmatt,2019-6
2019-06-01,11,2019,6,4,11,2,2,6,1,1,0,0,0,0,0,0,8.66994875100005,53.17464708700004,Burglesum,St.Magnus,2019-6
2019-06-01,12,2019,6,3,21,3,0,7,1,0,0,0,0,0,1,0,8.594238185000052,53.51303109300005,Wulsdorf,Dreibergen,2019-6
2019-06-01,11,2019,6,3,12,3,5,3,1,1,0,0,0,0,0,0,8.828873068000064,53.04178253900005,Obervieland,Kattenturm,2019-6
2019-06-01,11,2019,6,3,20,3,5,3,1,0,0,0,0,0,0,0,8.80155806700003,53.07154592500007,Neustadt,Alte Neustadt,2019-6
2019-06-01,11,2019,6,3,17,3,5,3,1,0,0,0,0,1,0,0,8.796930817000032,53.06853459500008,Neustadt,Neustadt,2019-6
2019-06-01,11,2019,6,3,16,2,0,7,1,0,0,0,0,0,0,0,8.605804958000022,53.18456521400003,Vegesack,Fähr-Lobbendorf,2019-6
2019-06-01,11,2019,6,3,18,2,3,6,1,0,0,0,0,0,0,0,8.899392245000058,53.08417885700004,Vahr,Neue Vahr Nord,2019-6
2019-06-01,12,2019,6,2,17,3,5,3,1,1,0,0,0,0,0,0,8.601057489000027,53.51453852700007,Wulsdorf,Dreibergen,2019-6
2019-06-01,12,2019,6,2,8,3,5,3,1,1,0,0,0,0,0,0,8.591828884000051,53.57966633800004,Lehe (BHV),Eckernfeld,2019-6
2019-06-01,11,2019,6,2,8,3,0,1,1,0,0,0,0,0,0,1,8.792380625000021,53.09934188300008,Walle,Osterfeuerberg,2019-6
2019-06-01,11,2019,6,2,10,3,0,1,1,0,0,0,0,0,0,1,8.804371329000048,53.07962149200006,Mitte,Altstadt,2019-6
2019-06-01,11,2019,6,2,6,3,5,2,1,0,0,0,1,0,0,0,8.825122847000046,53.08434024100006,Schwachhausen,Bürgerpark,2019-6
2019-06-01,11,2019,6,1,18,3,5,3,1,0,0,0,0,0,0,0,8.842764765000027,53.07230224500006,Östliche Vorstadt,Peterswerder,2019-6
2019-06-01,11,2019,6,1,19,3,0,7,1,0,0,0,0,0,0,0,8.744291128000043,53.13697001600008,Gröpelingen,Oslebshausen,2019-6
2019-06-01,11,2019,6,1,19,1,5,3,1,1,0,0,0,0,0,0,8.733769725000059,53.05843552400006,Huchting,Mittelshuchting,2019-6
2019-06-01,11,2019,6,1,21,2,7,1,1,0,0,0,0,0,2,0,8.731386464000025,53.13522203000008,Gröpelingen,Oslebshausen,2019-6
2019-06-01,11,2019,6,7,12,3,5,3,1,1,0,0,0,0,0,0,8.808944631000031,53.07854304300008,Mitte,Altstadt,2019-6
2019-06-01,11,2019,6,7,11,3,7,7,1,0,0,0,0,1,0,0,8.635688410000057,53.17105037500005,Vegesack,Vegesack,2019-6
2019-06-01,11,2019,6,7,13,2,5,3,1,0,0,0,0,1,0,0,8.69527622000004,53.16875540600006,Burglesum,Lesum,2019-6
2019-05-01,11,2019,5,6,15,3,0,7,1,0,0,0,0,0,0,0,8.810006776000023,53.06261573400008,Neustadt,Buntentor,2019-5
2019-05-01,11,2019,5,6,13,3,5,2,1,1,0,0,0,0,0,0,8.884822709000048,53.078968762000045,Vahr,Neue Vahr Südwest,2019-5
2019-05-01,12,2019,5,5,18,3,5,3,1,1,0,0,0,0,0,0,8.605978153000024,53.59102747800006,Leherheide,Königsheide,2019-5
2019-05-01,11,2019,5,5,18,3,5,3,1,1,0,0,0,0,0,0,8.93900012100005,53.06821852400003,Osterholz,Ellenerbrok-Schevemoor,2019-5
2019-05-01,11,2019,5,5,11,3,0,7,1,0,0,0,0,0,0,0,8.65029824000004,53.17393813700005,Vegesack,Schönebeck,2019-5
2019-07-01,11,2019,7,3,6,2,5,3,1,1,0,0,0,0,0,0,8.723588558000074,53.076686918000064,Unbekannt,Strom,2019-7
2019-05-01,11,2019,5,5,11,3,1,5,1,1,0,0,0,0,0,0,8.809194016000049,53.06081302900003,Neustadt,Huckelriede,2019-5
2019-05-01,11,2019,5,4,14,3,5,3,1,1,0,0,0,0,0,0,8.784675201000027,53.08469716900004,Walle,Überseestadt,2019-5
2019-05-01,11,2019,5,4,13,3,5,7,1,1,0,0,0,0,0,0,8.859135030000061,53.11100604100005,Horn-Lehe,Lehe,2019-5
2019-05-01,11,2019,5,4,16,3,5,3,1,0,0,0,0,1,0,0,8.758859613000027,53.115996608000046,Gröpelingen,Lindenhof,2019-5
2019-05-01,11,2019,5,4,9,3,5,3,1,1,0,0,0,0,0,0,8.833461614000043,53.09444364200005,Schwachhausen,Neu-Schwachhausen,2019-5
2019-05-01,11,2019,5,4,13,3,5,3,1,1,0,0,0,0,0,0,8.794899465000071,53.09397246600008,Walle,Westend,2019-5
2019-05-01,12,2019,5,3,13,3,6,7,1,0,1,0,0,0,0,0,8.598754175000067,53.53169796200007,Geestemünde,Geestendorf,2019-5
2019-05-01,11,2019,5,3,19,3,0,1,1,0,0,0,0,0,1,0,8.564392915000042,53.18272069800008,Blumenthal,Blumenthal,2019-5
2019-05-01,11,2019,5,3,13,2,5,2,1,1,0,0,0,0,0,0,8.96362618300003,53.06106671700008,Osterholz,Tenever,2019-5
2019-05-01,11,2019,5,3,7,3,5,3,1,1,0,0,0,0,0,0,8.894607114000053,53.07945965200008,Vahr,Neue Vahr Südost,2019-5
2019-05-01,11,2019,5,2,14,3,3,6,1,0,0,0,0,0,0,0,8.843642170000066,53.03142871400007,Obervieland,Arsten,2019-5
2019-05-01,11,2019,5,2,18,3,5,3,1,1,0,0,0,0,0,0,8.813704981000058,53.05561212500004,Neustadt,Huckelriede,2019-5
2019-06-01,11,2019,6,6,22,2,4,6,1,0,0,0,0,0,2,0,8.876493698000047,53.06598702800005,Hemelingen,Hastedt,2019-6
2019-05-01,11,2019,5,2,16,3,1,3,1,0,0,0,0,1,0,0,8.856879681000066,53.07345004300004,Östliche Vorstadt,Hulsberg,2019-5
2019-08-01,11,2019,8,5,18,3,5,3,1,1,0,0,0,0,0,0,8.796419748000062,53.07191560500007,Neustadt,Alte Neustadt,2019-8
2019-08-01,11,2019,8,4,19,2,0,7,1,0,0,0,0,0,0,0,8.84914249600007,53.068450530000064,Östliche Vorstadt,Peterswerder,2019-8
2019-08-01,11,2019,8,4,16,2,5,2,1,1,0,0,0,0,0,0,8.85655434000006,53.07135239500008,Hemelingen,Hastedt,2019-8
2019-08-01,11,2019,8,4,16,2,4,6,1,0,0,0,0,0,0,0,8.857644746000062,53.06989720300004,Hemelingen,Hastedt,2019-8
2019-08-01,11,2019,8,4,12,2,0,1,1,0,0,0,0,0,0,0,8.838712680000071,53.15464087800007,Unbekannt,Blockland,2019-8
2019-08-01,11,2019,8,3,8,2,0,2,1,1,0,0,0,0,0,1,8.78817749500007,53.07649170600007,Neustadt,Alte Neustadt,2019-8
2019-08-01,11,2019,8,3,15,3,0,1,1,1,0,0,0,0,0,0,8.812610942000049,53.08083548500008,Mitte,Bahnhofsvorstadt,2019-8
2019-08-01,11,2019,8,3,18,3,6,4,1,0,1,0,0,0,0,0,8.798340361000044,53.08361911400005,Mitte,Bahnhofsvorstadt,2019-8
2019-08-01,11,2019,8,3,8,3,8,1,1,0,0,0,0,0,0,1,8.808909610000057,53.07218690100007,Mitte,Altstadt,2019-8
2019-08-01,11,2019,8,3,15,3,5,3,1,1,0,0,0,0,0,1,8.74071620500007,53.05268673300003,Huchting,Kirchhuchting,2019-8
2019-08-01,11,2019,8,3,15,3,7,1,1,0,0,0,0,0,0,1,8.93450041400007,53.06957325300005,Osterholz,Ellenerbrok-Schevemoor,2019-8
2019-08-01,11,2019,8,3,20,3,3,6,1,0,0,0,0,0,1,1,8.855198990000076,53.08117063800006,Schwachhausen,Gete,2019-8
2019-08-01,12,2019,8,2,14,3,0,7,1,0,0,0,0,0,0,0,8.593891264000035,53.58748651100007,Lehe (BHV),Speckenbüttel,2019-8
2019-08-01,11,2019,8,2,16,3,4,6,1,0,0,0,0,0,0,0,8.869832529000064,53.09724101300003,Horn-Lehe,Horn,2019-8
2019-08-01,11,2019,8,2,9,3,4,6,1,0,0,0,0,0,0,0,8.805621722000069,53.08118562100003,Mitte,Bahnhofsvorstadt,2019-8
2019-08-01,11,2019,8,1,15,3,5,3,1,0,0,1,0,0,0,0,8.776180133000025,53.09865171000007,Walle,Walle,2019-8
2019-08-01,11,2019,8,7,11,3,0,1,1,0,0,0,0,0,0,0,8.805381013000044,53.07438429000007,Mitte,Altstadt,2019-8
2019-08-01,11,2019,8,7,17,2,2,6,1,0,0,0,0,0,0,0,8.850173192000057,53.06774327100004,Östliche Vorstadt,Peterswerder,2019-8
2019-08-01,11,2019,8,7,22,3,6,4,1,0,1,0,0,0,2,0,8.820745867000028,53.06933154300003,Mitte,Ostertor,2019-8
2019-08-01,11,2019,8,7,5,3,1,1,1,1,0,0,0,0,1,0,8.800912090000054,53.06839363300003,Neustadt,Südervorstadt,2019-8
2019-08-01,11,2019,8,6,14,3,5,3,1,1,0,0,0,0,0,0,8.853506646000028,53.06489928700006,Östliche Vorstadt,Peterswerder,2019-8
2019-08-01,11,2019,8,6,12,2,7,7,1,0,0,0,0,1,0,0,8.796893933000035,53.06962468600005,Neustadt,Alte Neustadt,2019-8
2019-08-01,11,2019,8,6,16,3,4,6,1,0,0,0,0,0,0,1,8.721558494000021,53.10640952900008,Häfen,Neustädter Hafen,2019-8
2019-08-01,11,2019,8,6,13,2,5,3,1,1,0,0,0,0,0,0,8.723607360000074,53.07673642200007,Unbekannt,Strom,2019-8
2019-08-01,11,2019,8,6,17,3,5,2,1,1,0,0,0,0,0,1,8.861689340000055,53.09936578800006,Horn-Lehe,Lehe,2019-8
2019-08-01,12,2019,8,5,17,3,5,3,1,1,0,0,0,0,0,0,8.588654030000043,53.55915270700007,Lehe (BHV),Klushof,2019-8
2019-08-01,11,2019,8,5,19,3,2,6,1,0,0,0,0,0,0,0,8.806921405000026,53.07555054400007,Mitte,Altstadt,2019-8
2019-08-01,11,2019,8,5,15,3,0,7,1,0,0,0,0,0,0,0,8.648555718000068,53.17372358000006,Vegesack,Schönebeck,2019-8
2019-08-01,11,2019,8,5,17,3,5,2,1,1,0,0,0,0,0,0,8.704573011000036,53.15519689100006,Burglesum,Burg-Grambke,2019-8
2019-08-01,11,2019,8,5,11,3,5,3,1,1,0,0,0,0,0,0,8.571454095000036,53.18130764600005,Blumenthal,Blumenthal,2019-8
2019-08-01,11,2019,8,5,8,2,5,3,1,1,0,0,0,0,0,0,8.874461303000032,53.083221879000064,Schwachhausen,Radio Bremen,2019-8
2019-08-01,11,2019,8,5,22,3,0,7,1,1,0,0,0,0,2,0,8.882627662000061,53.05315141600005,Hemelingen,Hemelingen,2019-8
2019-08-01,12,2019,8,4,18,3,5,3,1,1,0,0,0,0,0,1,8.57396194000006,53.54735860300008,Mitte (BHV),Mitte-Nord,2019-8
2019-08-01,12,2019,8,4,19,3,0,1,1,0,0,0,0,0,1,1,8.549579919000053,53.58044039600003,Häfen (BHV),Stadtbremisches Überseehafengebiet Bremerhaven,2019-8
2019-08-01,11,2019,8,4,7,3,5,2,1,1,0,0,0,0,0,0,8.808273029000077,53.094717296000056,Findorff,Weidedamm,2019-8
2019-08-01,11,2019,8,4,10,3,5,3,1,1,0,0,0,0,0,0,8.816033181000023,53.08108744300006,Mitte,Bahnhofsvorstadt,2019-8
2019-08-01,11,2019,8,4,7,3,5,2,1,0,0,0,1,0,0,0,8.788165339000045,53.07647322000008,Neustadt,Alte Neustadt,2019-8
2019-08-01,11,2019,8,4,9,3,5,3,1,1,0,0,0,0,0,0,8.841911829000026,53.08331251000004,Schwachhausen,Schwachhausen,2019-8
2019-08-01,12,2019,8,3,17,2,5,2,1,1,0,0,0,0,0,0,8.604092764000029,53.57815258800008,Lehe (BHV),Schierholz,2019-8
2019-08-01,12,2019,8,3,18,3,5,2,1,1,0,0,0,0,0,1,8.586336654000036,53.53711025700005,Geestemünde,Geestemünde-Nord,2019-8
2019-08-01,11,2019,8,3,14,3,1,7,1,1,0,0,0,0,0,0,8.817505598000025,53.08346863500003,Schwachhausen,Barkhof,2019-8
2019-08-01,11,2019,8,3,16,3,5,3,1,0,0,0,0,0,0,0,8.854070522000029,53.07485685900008,Östliche Vorstadt,Hulsberg,2019-8
2019-08-01,11,2019,8,3,9,3,0,7,1,0,0,0,1,0,0,0,8.800762621000047,53.071161018000055,Neustadt,Alte Neustadt,2019-8
2019-08-01,11,2019,8,3,13,3,5,3,1,1,0,0,0,0,0,0,8.889533931000074,53.06165425400008,Hemelingen,Sebaldsbrück,2019-8
2019-08-01,12,2019,8,2,6,3,0,7,1,0,0,0,0,0,0,0,8.604302956000026,53.58615039200004,Lehe (BHV),Schierholz,2019-8
2019-08-01,11,2019,8,2,16,2,5,7,1,1,0,0,0,0,0,0,8.796552512000062,53.08172010300007,Mitte,Altstadt,2019-8
2019-08-01,11,2019,8,6,6,3,5,2,1,1,0,0,0,0,0,0,8.895687310000028,53.03377182700007,Hemelingen,Hemelingen,2019-8
2019-08-01,11,2019,8,6,19,3,0,1,1,0,0,0,0,0,0,1,8.796968795000055,53.06860932400008,Neustadt,Alte Neustadt,2019-8
2019-08-01,12,2019,8,5,9,2,0,7,1,0,0,0,0,0,0,0,8.601839813000026,53.52345913300008,Geestemünde,Geestemünde-Süd,2019-8
2019-08-01,11,2019,8,5,17,3,5,3,1,1,0,0,0,0,0,0,8.948884530000043,53.03593360400004,Hemelingen,Mahndorf,2019-8
2019-07-01,11,2019,7,4,10,2,5,3,1,1,0,0,0,0,0,0,8.876555180000025,53.08104833400006,Vahr,Gartenstadt Vahr,2019-7
2019-07-01,12,2019,7,3,11,3,0,1,1,0,0,0,0,0,0,0,8.552129834000027,53.57923754400008,Häfen (BHV),Stadtbremisches Überseehafengebiet Bremerhaven,2019-7
2019-07-01,11,2019,7,3,10,3,0,3,1,1,0,0,0,0,0,0,8.725562592000074,53.13977998800004,Gröpelingen,Oslebshausen,2019-7
2019-07-01,11,2019,7,3,11,2,0,7,1,1,0,0,0,0,0,0,8.608621767000045,53.18564486200006,Vegesack,Unbekannt,2019-7
2019-07-01,11,2019,7,3,12,2,5,3,1,1,0,0,0,0,0,0,8.835135646000026,53.09146049900005,Schwachhausen,Neu-Schwachhausen,2019-7