Datetime,UKREIS,UJAHR,UMONAT,UWOCHENTAG,USTUNDE,UKATEGORIE,UART,UTYP1,IstRad,IstPKW,IstFuss,IstKrad,IstGkfz,IstSonstig,ULICHTVERH,STRZUSTAND,longitude,latitude,Stadtteil,Ortsteil,Datetime
2019-07-01,11,2019,7,3,8,3,0,7,1,0,0,0,0,1,0,0,8.829741967000075,53.08976499500005,Schwachhausen,Bürgerpark,2019-7
2019-07-01,11,2019,7,2,16,3,4,6,1,0,0,0,0,0,0,0,8.784273877000032,53.06799016000008,Neustadt,Neustadt,2019-7
2019-07-01,11,2019,7,2,17,3,5,3,1,0,0,0,0,1,0,0,8.811362814000063,53.08335225000008,Mitte,Bahnhofsvorstadt,2019-7
2019-07-01,11,2019,7,2,13,2,3,6,1,1,0,0,0,0,0,0,8.735476818000052,53.084239241000034,Häfen,Neustädter Hafen,2019-7
2019-08-01,11,2019,8,1,4,2,0,1,1,0,0,0,0,0,2,1,8.812915301000032,53.07398211000003,Mitte,Altstadt,2019-8
2019-07-01,11,2019,7,2,16,3,5,3,1,1,0,0,0,0,0,0,8.869259604000035,53.074791969000046,Vahr,Gartenstadt Vahr,2019-7
2019-07-01,11,2019,7,2,16,3,6,7,1,0,1,0,0,0,0,0,8.867852870000036,53.10322984300007,Horn-Lehe,Lehe,2019-7
2019-08-01,11,2019,8,7,20,3,5,2,1,1,0,0,0,0,2,1,8.739493755000069,53.04880928600005,Huchting,Kirchhuchting,2019-8
2019-08-01,11,2019,8,7,1,3,5,3,1,1,0,0,0,0,2,1,8.777806564000059,53.09943921500008,Walle,Walle,2019-8
2019-08-01,11,2019,8,2,15,3,3,2,1,1,0,0,0,0,0,0,8.938027307000027,53.06125083400008,Osterholz,Ellenerbrok-Schevemoor,2019-8
2019-07-01,11,2019,7,1,12,3,5,2,1,1,0,0,0,0,0,0,8.82770737800007,53.083023326000045,Schwachhausen,Bürgerpark,2019-7
2019-07-01,11,2019,7,1,10,3,0,7,1,0,0,0,0,0,0,0,8.804828404000034,53.07740758300008,Mitte,Altstadt,2019-7
2019-07-01,11,2019,7,6,12,3,3,2,1,1,0,0,0,0,0,0,8.851660933000062,53.083772544000055,Schwachhausen,Gete,2019-7
2019-07-01,12,2019,7,5,13,3,0,7,1,1,0,0,0,0,0,0,8.593079937000027,53.55707998700007,Lehe (BHV),Klushof,2019-7
2019-07-01,11,2019,7,5,9,3,5,3,1,0,0,0,0,1,0,0,8.949641507000024,53.09282311900006,Oberneuland,Unbekannt,2019-7
2019-07-01,11,2019,7,5,18,3,0,7,1,0,0,0,0,0,0,0,8.574683379000021,53.19282227200006,Blumenthal,Blumenthal,2019-7
2019-07-01,11,2019,7,5,14,3,0,7,1,0,0,0,0,0,0,0,8.57498145300002,53.19893214100006,Blumenthal,Lüssum-Bockhorn,2019-7
2019-07-01,11,2019,7,5,11,3,5,3,1,1,0,0,0,0,0,0,8.77494267000003,53.08019176300007,Woltmershausen,Woltmershausen,2019-7
2019-07-01,11,2019,7,5,21,3,5,3,1,1,0,0,0,0,2,0,8.555918475000055,53.18567210600003,Blumenthal,Blumenthal,2019-7
2019-07-01,11,2019,7,4,17,3,5,3,1,1,0,0,0,0,0,0,8.923448183000062,53.09112689400007,Oberneuland,Unbekannt,2019-7
2019-07-01,11,2019,7,4,18,3,0,7,1,0,0,0,0,0,0,0,8.832091418000061,53.06865720400003,Östliche Vorstadt,Steintor,2019-7
2019-07-01,11,2019,7,4,20,3,0,7,1,0,0,0,0,0,0,0,8.822864770000024,53.073997176000034,Östliche Vorstadt,Steintor,2019-7
2019-07-01,11,2019,7,4,10,3,5,3,1,1,0,0,0,0,0,0,8.90478175100003,53.11918951900003,Unbekannt,Borgfeld,2019-7
2019-07-01,11,2019,7,4,23,3,1,7,1,1,0,0,0,0,2,0,8.849159748000034,53.095229603000064,Schwachhausen,Neu-Schwachhausen,2019-7
2019-07-01,11,2019,7,3,15,2,3,6,1,0,0,0,0,0,0,0,8.790012964000027,53.07165600400003,Neustadt,Hohentor,2019-7
2019-07-01,11,2019,7,3,9,3,0,2,1,1,0,0,0,0,0,0,8.853990372000055,53.070716170000026,Östliche Vorstadt,Hulsberg,2019-7
2019-07-01,11,2019,7,3,10,3,4,6,1,0,0,0,0,0,0,0,8.914374628000076,53.06267834300007,Hemelingen,Sebaldsbrück,2019-7
2019-07-01,11,2019,7,3,9,3,3,2,1,1,0,0,0,0,0,0,8.802864240000076,53.10137053500006,Findorff,Weidedamm,2019-7
2019-07-01,11,2019,7,3,7,3,5,3,1,1,0,0,0,0,0,0,8.77373846200004,53.10118244300003,Walle,Überseestadt,2019-7
2019-07-01,11,2019,7,3,10,3,5,3,1,1,0,0,0,0,0,0,8.618851060000054,53.17818819500008,Vegesack,Vegesack,2019-7
2019-07-01,12,2019,7,2,11,3,5,3,1,1,0,0,0,0,0,0,8.589793299000064,53.52543514800004,Geestemünde,Geestemünde-Süd,2019-7
2019-07-01,12,2019,7,2,15,3,0,7,1,1,0,0,0,0,0,0,8.577318638000065,53.55556257400008,Lehe (BHV),Goethestrasse,2019-7
2019-07-01,11,2019,7,2,10,3,3,6,1,1,0,0,0,0,0,0,8.553753932000063,53.191276352000045,Blumenthal,Rönnebeck,2019-7
2019-07-01,11,2019,7,2,16,3,5,2,1,1,0,0,0,0,0,0,8.871455046000051,53.06662626200006,Hemelingen,Hastedt,2019-7
2019-07-01,11,2019,7,2,10,3,5,3,1,1,0,0,0,0,0,0,8.796602509000024,53.05667732000006,Neustadt,Neuenland,2019-7
2019-07-01,11,2019,7,1,13,3,3,2,1,1,0,0,0,0,0,0,8.902967870000055,53.10408516600006,Oberneuland,Unbekannt,2019-7
2019-07-01,12,2019,7,7,11,3,0,7,1,0,0,0,0,0,0,0,8.54660425000003,53.58144182900003,Häfen (BHV),Stadtbremisches Überseehafengebiet Bremerhaven,2019-7
2019-07-01,12,2019,7,6,11,3,5,3,1,1,0,0,0,0,0,0,8.590984680000076,53.54138162800007,Geestemünde,Geestemünde-Nord,2019-7
2019-07-01,11,2019,7,6,14,3,2,6,1,1,0,0,0,0,0,0,8.769204538000054,53.11629409300008,Gröpelingen,Gröpelingen,2019-7
2019-07-01,12,2019,7,5,10,3,4,7,1,1,0,0,0,0,0,0,8.57473493200007,53.54815013300004,Mitte (BHV),Mitte-Nord,2019-7
2019-07-01,11,2019,7,5,13,3,5,2,1,1,0,0,0,0,0,0,8.86664289600003,53.06222807400008,Hemelingen,Hastedt,2019-7
2019-07-01,11,2019,7,5,22,3,0,1,1,0,0,0,0,0,2,0,8.826848860000041,53.08477484300005,Schwachhausen,Bürgerpark,2019-7
2019-07-01,12,2019,7,4,14,3,0,7,1,0,0,0,0,1,0,0,8.602850101000058,53.48539461300004,Fischereihafen,Fischereihafen,2019-7
2019-07-01,11,2019,7,4,17,2,7,7,1,0,0,0,0,1,0,0,8.614525229000037,53.19034782900008,Vegesack,Unbekannt,2019-7
2019-07-01,11,2019,7,4,17,3,6,4,1,0,1,0,0,0,0,0,8.762759545000051,53.114113376000034,Gröpelingen,Gröpelingen,2019-7
2019-07-01,11,2019,7,4,10,3,5,3,1,1,0,0,0,0,0,0,8.729981130000056,53.03999519500008,Huchting,Kirchhuchting,2019-7
2019-07-01,11,2019,7,4,17,3,5,2,1,1,0,0,0,0,0,0,8.849974952000025,53.08770304900003,Schwachhausen,Riensberg,2019-7
2019-07-01,11,2019,7,3,11,3,5,3,1,1,0,0,0,0,0,0,8.607611461000033,53.176096726000026,Vegesack,Fähr-Lobbendorf,2019-7
2019-07-01,11,2019,7,3,14,2,0,7,1,0,0,0,0,0,0,0,8.897441826000033,53.118699080000056,Unbekannt,Borgfeld,2019-7
2019-07-01,11,2019,7,2,17,3,5,2,1,0,0,0,0,0,0,0,8.803380670000024,53.07540044600006,Mitte,Altstadt,2019-7
2019-07-01,11,2019,7,1,13,3,1,7,1,1,0,0,0,0,0,0,8.796595676000038,53.06475891800005,Neustadt,Südervorstadt,2019-7
2019-07-01,12,2019,7,7,10,3,3,2,1,1,0,0,0,0,0,1,8.600987588000066,53.49845819500007,Wulsdorf,Jedutenberg,2019-7
2019-07-01,11,2019,7,7,11,3,5,3,1,1,0,0,0,0,0,1,8.716135720000068,53.17822179000007,Burglesum,Burgdamm,2019-7
2019-07-01,11,2019,7,6,6,3,0,7,1,0,0,0,0,0,0,1,8.77886617400003,53.106562749000034,Walle,Walle,2019-7
2019-07-01,11,2019,7,6,15,3,5,3,1,1,0,0,0,0,0,0,8.797834285000022,53.10467664000004,Walle,Hohweg,2019-7
2019-07-01,11,2019,7,6,18,3,0,6,1,0,0,0,1,0,0,0,8.955695010000056,53.10514017500003,Oberneuland,Unbekannt,2019-7
2019-07-01,11,2019,7,6,14,2,5,3,1,1,0,0,0,0,0,0,8.940018388000055,53.06788169200007,Osterholz,Ellenerbrok-Schevemoor,2019-7
2019-07-01,11,2019,7,6,14,3,5,3,1,1,0,0,0,0,0,0,8.854500409000025,53.06700216200005,Hemelingen,Hastedt,2019-7
2019-07-01,11,2019,7,5,16,3,5,2,1,0,0,0,0,1,0,0,8.634352184000022,53.170169558000055,Vegesack,Vegesack,2019-7
2019-07-01,12,2019,7,4,6,3,5,3,1,0,0,0,0,0,0,0,8.600219750000065,53.55219737200008,Geestemünde,Bürgerpark (BHV),2019-7
2019-07-01,11,2019,7,4,23,3,4,6,1,0,0,0,0,0,2,0,8.886911948000034,53.05044878800004,Hemelingen,Hemelingen,2019-7
2019-07-01,11,2019,7,3,13,2,0,1,1,0,0,0,0,0,0,0,8.884133777000045,53.07182048000004,Vahr,Gartenstadt Vahr,2019-7
2019-08-01,12,2019,8,2,12,3,2,6,1,1,0,0,0,0,0,0,8.583279680000032,53.563991445000056,Lehe (BHV),Twischkamp,2019-8
2019-08-01,12,2019,8,6,10,3,5,3,1,1,0,0,0,0,0,1,8.604359872000032,53.58797177400004,Leherheide,Königsheide,2019-8
2019-07-01,11,2019,7,3,17,3,5,3,1,1,0,0,0,0,0,0,8.524053927000068,53.20288282400003,Blumenthal,Farge,2019-7
2019-08-01,11,2019,8,6,7,3,5,3,1,1,0,0,0,0,0,1,8.763547108000068,53.10897412000003,Gröpelingen,Lindenhof,2019-8
2019-07-01,11,2019,7,2,16,3,5,2,1,1,0,0,0,0,0,0,8.780179062000059,53.10556692500006,Walle,Walle,2019-7
2019-07-01,11,2019,7,2,10,3,5,3,1,1,0,0,0,0,0,0,8.826171661000046,53.03435506900007,Obervieland,Kattenturm,2019-7
2019-07-01,11,2019,7,2,5,3,0,7,1,0,0,0,0,0,0,0,8.891027878000045,53.04741175100003,Hemelingen,Hemelingen,2019-7
2019-07-01,11,2019,7,2,18,3,6,4,1,0,1,0,0,0,0,0,8.800559572000054,53.07855435400006,Mitte,Altstadt,2019-7
2019-07-01,11,2019,7,1,19,3,0,7,1,1,0,0,0,0,0,0,8.815915635000067,53.08097605000006,Mitte,Bahnhofsvorstadt,2019-7
2019-07-01,11,2019,7,1,13,3,5,3,1,1,0,0,0,0,0,0,8.831020584000044,53.04084932200004,Obervieland,Kattenturm,2019-7
2019-08-01,11,2019,8,6,15,3,5,3,1,0,0,0,0,0,0,0,8.831592587000046,53.07761821500003,Östliche Vorstadt,Fesenfeld,2019-8
2019-07-01,11,2019,7,7,15,3,5,3,1,1,0,0,0,0,0,1,8.616253526000037,53.17268896200005,Vegesack,Vegesack,2019-7
2019-07-01,11,2019,7,7,10,3,1,3,1,1,0,0,0,0,0,0,8.905431798000052,53.09844368900008,Oberneuland,Unbekannt,2019-7
2019-08-01,11,2019,8,2,11,3,0,7,1,1,0,0,0,0,0,0,8.956632532000071,53.05601341500005,Osterholz,Osterholz,2019-8
2019-07-01,11,2019,7,7,21,3,1,5,1,1,0,0,0,0,1,0,8.810577016000025,53.09034292300004,Findorff,Findorff-Bürgerweide,2019-7
2019-08-01,12,2019,8,2,10,2,1,1,1,1,0,0,0,0,0,0,8.598984510000037,53.57751141000006,Lehe (BHV),Eckernfeld,2019-8
2019-08-01,12,2019,8,5,15,3,5,2,1,1,0,0,0,0,0,1,8.593285622000053,53.55520262500005,Lehe (BHV),Klushof,2019-8
2019-07-01,11,2019,7,6,12,3,5,3,1,0,0,0,0,1,0,0,8.771027847000028,53.095210810000026,Walle,Überseestadt,2019-7
2019-07-01,11,2019,7,5,15,3,5,3,1,1,0,0,0,0,0,0,8.790475024000045,53.09610908800005,Walle,Westend,2019-7
2019-07-01,11,2019,7,5,17,3,5,3,1,1,0,0,0,0,0,0,8.790233314000034,53.08606923500008,Walle,Überseestadt,2019-7
2019-07-01,11,2019,7,5,21,3,5,3,1,1,0,0,0,0,1,0,8.811713879000024,53.030833605000055,Obervieland,Kattenesch,2019-7
2019-07-01,11,2019,7,5,20,3,4,6,1,0,0,0,0,0,0,0,8.852781333000053,53.06140367900008,Hemelingen,Hastedt,2019-7
2019-07-01,11,2019,7,5,13,3,0,7,1,0,1,0,0,0,0,0,8.923989973000062,53.04414875400005,Hemelingen,Arbergen,2019-7
2019-07-01,11,2019,7,4,15,3,5,3,1,1,0,0,0,0,0,0,8.774168123000038,53.10153198800003,Walle,Walle,2019-7
2019-07-01,11,2019,7,4,7,3,5,3,1,1,0,0,0,0,0,0,8.774254683000038,53.061402532000045,Neustadt,Neuenland,2019-7
2019-07-01,11,2019,7,4,20,3,4,6,1,0,0,0,0,0,0,0,8.829747690000033,53.06876255800006,Östliche Vorstadt,Steintor,2019-7
2019-07-01,12,2019,7,3,11,2,5,3,1,1,0,0,0,0,0,0,8.596499229000074,53.57981680700004,Lehe (BHV),Eckernfeld,2019-7
2019-07-01,12,2019,7,3,15,3,5,3,1,1,0,0,0,0,0,0,8.590801127000077,53.54078508100008,Geestemünde,Geestemünde-Nord,2019-7
2019-07-01,11,2019,7,3,9,3,5,2,1,1,0,0,0,0,0,0,8.737786178000022,53.05641047400008,Huchting,Mittelshuchting,2019-7
2019-07-01,11,2019,7,3,13,3,1,5,1,1,0,0,0,0,0,0,8.771610790000068,53.10951989000006,Walle,Walle,2019-7
2019-08-01,11,2019,8,3,17,3,5,3,1,1,0,0,0,0,0,0,8.88344879300007,53.11059353900004,Horn-Lehe,Lehesterdeich,2019-8
2019-07-01,11,2019,7,3,21,3,4,6,1,0,0,0,0,0,0,0,8.850322315000028,53.08160796600004,Schwachhausen,Gete,2019-7
2019-08-01,12,2019,8,2,17,3,5,3,1,1,0,0,0,0,0,0,8.592030108000074,53.526845956000045,Geestemünde,Geestendorf,2019-8
2019-08-01,11,2019,8,6,7,3,5,2,1,1,0,0,0,0,0,1,8.902144516000021,53.07160876700004,Hemelingen,Sebaldsbrück,2019-8
2019-07-01,11,2019,7,3,14,2,5,3,1,1,0,0,0,0,0,0,8.781336163000049,53.09756009100005,Walle,Steffensweg,2019-7
2019-07-01,11,2019,7,3,18,3,0,2,1,1,0,0,0,0,0,0,8.70343374600003,53.16073723100004,Burglesum,Burgdamm,2019-7
2019-07-01,11,2019,7,3,10,3,5,3,1,1,0,0,0,0,0,0,8.886652094000056,53.07918376100008,Vahr,Neue Vahr Südwest,2019-7
2019-09-01,11,2019,9,6,17,3,5,2,1,1,0,0,0,0,0,0,8.795004232000053,53.08462982700007,Mitte,Bahnhofsvorstadt,2019-9
2019-09-01,11,2019,9,6,7,3,2,6,1,1,0,0,0,0,0,0,8.76363040900003,53.11985752700008,Gröpelingen,Gröpelingen,2019-9
2019-09-01,11,2019,9,6,13,3,3,6,1,1,0,0,0,0,0,0,8.773968591000028,53.101330974000064,Walle,Walle,2019-9
2019-09-01,11,2019,9,6,12,3,5,7,1,1,0,0,0,0,0,0,8.93257942400004,53.06976426300008,Osterholz,Blockdiek,2019-9
2019-09-01,11,2019,9,6,18,3,5,3,1,1,0,0,0,0,0,0,8.73768000900003,53.13425942900005,Gröpelingen,Oslebshausen,2019-9
2019-09-01,11,2019,9,6,14,3,5,3,1,1,0,0,0,0,0,0,8.79713842700005,53.07634474300005,Neustadt,Alte Neustadt,2019-9
2019-09-01,11,2019,9,5,13,3,4,6,1,1,0,0,0,0,0,0,8.841161210000053,53.03211600100008,Obervieland,Arsten,2019-9
2019-09-01,11,2019,9,5,14,3,4,2,1,1,0,0,0,0,0,0,8.816531625000039,53.08413343500007,Findorff,Findorff-Bürgerweide,2019-9
2019-09-01,11,2019,9,5,7,3,5,2,1,1,0,0,0,0,0,0,8.794899851000025,53.09393120300007,Walle,Utbremen,2019-9
2019-09-01,11,2019,9,5,5,3,5,3,1,1,0,0,0,0,2,0,8.638113782000062,53.173241363000045,Vegesack,Schönebeck,2019-9
2019-09-01,11,2019,9,5,21,3,0,7,1,0,0,0,0,0,2,0,8.823008154000036,53.07294353600008,Mitte,Ostertor,2019-9
2019-09-01,11,2019,9,5,10,3,5,3,1,1,0,0,0,0,0,0,8.904439151000076,53.07850133300008,Vahr,Neue Vahr Südost,2019-9
2019-09-01,11,2019,9,5,9,3,5,3,1,1,0,0,0,0,0,0,8.787018572000022,53.08296132700008,Walle,Überseestadt,2019-9
2019-09-01,11,2019,9,4,8,3,5,3,1,1,0,0,0,0,0,0,8.774179536000076,53.09538512700004,Walle,Überseestadt,2019-9
2019-09-01,11,2019,9,4,17,3,5,2,1,1,0,0,0,0,0,0,8.635150917000033,53.16701166900003,Vegesack,Grohn,2019-9
2019-09-01,11,2019,9,4,13,3,5,3,1,1,0,0,0,0,0,0,8.79296510200004,53.08906684500005,Walle,Utbremen,2019-9
2019-09-01,11,2019,9,4,15,3,5,2,1,1,0,0,0,0,0,0,8.787403096000048,53.06993642500004,Neustadt,Hohentor,2019-9
2019-09-01,11,2019,9,3,16,3,5,3,1,0,0,0,0,0,0,0,8.859442922000028,53.10046371200008,Horn-Lehe,Lehe,2019-9
2019-09-01,11,2019,9,3,13,3,5,2,1,1,0,0,0,0,0,0,8.778715223000063,53.10077760100006,Walle,Walle,2019-9
2019-09-01,11,2019,9,3,16,3,5,3,1,1,0,0,0,0,0,1,8.804618228000038,53.08579317800008,Mitte,Bahnhofsvorstadt,2019-9
2019-09-01,11,2019,9,3,15,3,5,2,1,1,0,0,0,0,0,1,8.832760679000046,53.07750574100004,Östliche Vorstadt,Fesenfeld,2019-9
2019-09-01,11,2019,9,3,8,3,0,1,1,1,0,0,0,0,0,0,8.828821947000051,53.03502038300008,Obervieland,Kattenturm,2019-9
2019-09-01,11,2019,9,3,8,3,3,1,1,0,0,0,0,0,0,0,8.822254937000025,53.08242563400006,Schwachhausen,Barkhof,2019-9
2019-09-01,12,2019,9,2,14,3,5,3,1,1,0,0,0,0,0,0,8.59099405400002,53.54141379700008,Geestemünde,Geestemünde-Nord,2019-9
2019-09-01,12,2019,9,2,5,3,5,3,1,1,0,0,0,0,1,0,8.597605841000075,53.58508797000008,Lehe (BHV),Speckenbüttel,2019-9
2019-09-01,12,2019,9,2,15,3,5,3,1,1,0,0,0,0,0,0,8.597100684000054,53.516082245000064,Wulsdorf,Dreibergen,2019-9
2019-09-01,11,2019,9,2,14,3,1,5,1,1,0,0,0,0,0,0,8.818307357000037,53.079936814000064,Mitte,Ostertor,2019-9
2019-09-01,11,2019,9,2,14,3,4,6,1,0,0,0,0,0,0,1,8.723839511000051,53.04354290300006,Huchting,Sodenmatt,2019-9
2019-09-01,11,2019,9,2,16,2,4,6,1,0,0,0,0,0,0,0,8.80414766900003,53.07239366700003,Neustadt,Alte Neustadt,2019-9
2019-09-01,11,2019,9,2,9,3,0,1,1,0,0,0,0,0,0,0,8.868732119000072,53.09866100200003,Horn-Lehe,Lehe,2019-9
2019-09-01,11,2019,9,2,18,3,5,3,1,1,0,0,0,0,0,0,8.784986756000023,53.10222030400007,Walle,Walle,2019-9
2019-09-01,11,2019,9,1,12,3,7,7,1,0,0,0,0,1,0,0,8.620991871000058,53.16892639000008,Vegesack,Vegesack,2019-9
2019-09-01,12,2019,9,7,16,3,0,1,1,0,0,0,0,0,0,0,8.616278015000034,53.58877494300003,Leherheide,Leherheide-West,2019-9
2019-09-01,11,2019,9,7,13,2,5,3,1,1,0,0,0,0,0,0,8.833665415000041,53.03326699100006,Obervieland,Arsten,2019-9
2019-09-01,11,2019,9,6,15,3,3,2,1,1,0,0,0,0,0,0,8.779326163000064,53.100204647000055,Walle,Walle,2019-9
2019-09-01,11,2019,9,6,16,3,4,6,1,0,0,0,0,0,0,0,8.928952331000062,53.07206402000003,Osterholz,Blockdiek,2019-9
2019-09-01,11,2019,9,6,14,3,5,3,1,1,0,0,0,0,0,0,8.847188267000035,53.087001978000046,Schwachhausen,Riensberg,2019-9
2019-09-01,11,2019,9,6,13,3,5,3,1,0,0,0,0,0,0,0,8.790284443000075,53.08611900900007,Walle,Überseestadt,2019-9
2019-09-01,11,2019,9,6,7,3,0,7,1,0,0,0,0,0,0,1,8.928670863000036,53.06065463500005,Osterholz,Ellener Feld,2019-9
2019-09-01,11,2019,9,6,14,3,5,2,1,1,0,0,0,0,0,0,8.953158590000044,53.06652503700008,Osterholz,Tenever,2019-9
2019-09-01,12,2019,9,5,12,3,0,7,1,0,0,0,0,0,0,0,8.592806851000034,53.55856509700004,Lehe (BHV),Klushof,2019-9
2019-09-01,11,2019,9,5,7,3,5,3,1,0,0,1,0,0,0,0,8.803910975000065,53.09603997800008,Findorff,Regensburger Str.,2019-9
2019-09-01,11,2019,9,5,11,3,5,3,1,1,0,0,0,0,0,0,8.878335910000033,53.07955018300004,Vahr,Neue Vahr Südwest,2019-9
2019-09-01,12,2019,9,4,6,3,3,7,1,1,0,0,0,0,0,0,8.585807387000045,53.55869144800005,Lehe (BHV),Klushof,2019-9
2019-09-01,11,2019,9,4,17,3,4,6,1,0,0,0,0,0,0,1,8.841692181000042,53.08903518900007,Schwachhausen,Neu-Schwachhausen,2019-9
2019-09-01,11,2019,9,4,8,3,3,6,1,0,0,0,0,0,0,0,8.89719853500003,53.05923801200004,Hemelingen,Sebaldsbrück,2019-9
2019-09-01,11,2019,9,3,11,3,1,1,1,1,0,0,0,0,0,0,8.961781424000037,53.06131158900007,Osterholz,Tenever,2019-9
2019-09-01,11,2019,9,3,11,3,0,7,1,0,0,0,0,0,0,0,8.812355037000032,53.08096872900006,Mitte,Bahnhofsvorstadt,2019-9
2019-09-01,11,2019,9,3,15,3,1,6,1,0,1,0,0,0,0,0,8.811736890000077,53.09184594800007,Findorff,Findorff-Bürgerweide,2019-9
2019-09-01,11,2019,9,3,18,3,1,7,1,1,0,0,0,0,0,0,8.86159869000005,53.08371619300004,Schwachhausen,Radio Bremen,2019-9
2019-09-01,12,2019,9,2,13,3,3,5,1,1,0,0,1,0,0,0,8.586238928000057,53.56278557900004,Lehe (BHV),Twischkamp,2019-9
2019-09-01,11,2019,9,2,13,3,5,2,1,1,0,0,0,0,0,0,8.89486975400007,53.04604381400003,Hemelingen,Hemelingen,2019-9
2019-09-01,11,2019,9,2,21,3,6,4,1,0,1,0,0,0,2,0,8.789928200000077,53.07140409400006,Neustadt,Neustadt,2019-9
2019-09-01,11,2019,9,2,19,3,5,3,1,1,0,0,0,0,1,0,8.787403459000075,53.08998588600008,Walle,Steffensweg,2019-9
2019-09-01,11,2019,9,7,16,3,0,7,1,0,0,0,0,0,0,0,8.812492920000068,53.07575170800004,Mitte,Altstadt,2019-9
2019-09-01,11,2019,9,7,23,2,0,1,1,0,0,0,0,0,2,1,8.816937683000049,53.09704901500004,Findorff,Weidedamm,2019-9
2019-09-01,11,2019,9,7,12,3,5,2,1,0,0,1,0,0,0,0,8.752902198000072,53.12278734300003,Gröpelingen,Ohlenhof,2019-9
2019-09-01,11,2019,9,7,15,3,6,4,1,0,1,0,0,0,0,0,8.822643992000053,53.08533773400006,Schwachhausen,Barkhof,2019-9
2019-09-01,11,2019,9,7,13,3,6,7,1,0,1,0,0,0,0,0,8.789542188000041,53.07120299900004,Neustadt,Neustadt,2019-9
2019-09-01,11,2019,9,6,18,3,5,2,1,1,0,0,0,0,0,0,8.732611567000049,53.03789997800004,Huchting,Kirchhuchting,2019-9
2019-09-01,11,2019,9,6,14,3,5,2,1,1,0,0,0,0,0,0,8.85251078500005,53.073613849000026,Östliche Vorstadt,Hulsberg,2019-9
2019-09-01,11,2019,9,6,15,3,0,3,1,0,0,0,0,0,0,0,8.86266538700005,53.06771661200003,Hemelingen,Hastedt,2019-9
2019-09-01,11,2019,9,6,7,3,2,7,1,0,0,0,1,0,0,0,8.894531180000058,53.050892274000034,Hemelingen,Hemelingen,2019-9
2019-09-01,11,2019,9,5,7,3,0,1,1,1,0,0,0,0,0,0,8.865921229000037,53.10078524800008,Horn-Lehe,Lehe,2019-9
2019-09-01,11,2019,9,5,9,3,5,2,1,0,0,0,0,1,0,0,8.867884424000067,53.06207327000004,Hemelingen,Hastedt,2019-9
2019-09-01,11,2019,9,5,16,3,5,2,1,1,0,0,0,0,0,0,8.789081036000027,53.08498624100008,Walle,Überseestadt,2019-9
2019-09-01,11,2019,9,2,18,3,6,4,1,0,1,0,0,0,0,0,8.56162155800007,53.191796415000056,Blumenthal,Rönnebeck,2019-9
2019-09-01,11,2019,9,5,17,3,5,3,1,1,0,0,0,0,0,0,8.855136021000021,53.06843210700004,Östliche Vorstadt,Peterswerder,2019-9
2019-09-01,11,2019,9,5,13,2,5,2,1,1,0,0,0,0,0,0,8.76253080400005,53.11222173800007,Gröpelingen,Lindenhof,2019-9
2019-09-01,12,2019,9,4,19,3,0,1,1,0,0,0,0,0,0,1,8.59201318700002,53.57577479800005,Lehe (BHV),Eckernfeld,2019-9
2019-09-01,11,2019,9,4,19,3,5,3,1,1,0,0,0,0,2,1,8.874266808000073,53.101296829000034,Horn-Lehe,Lehe,2019-9
2019-09-01,11,2019,9,4,15,3,1,7,1,0,0,0,0,0,0,0,8.804148045000034,53.07241038400008,Neustadt,Alte Neustadt,2019-9
2019-09-01,11,2019,9,4,13,3,3,7,1,1,0,0,0,0,0,0,8.827040823000061,53.08482271200006,Schwachhausen,Bürgerpark,2019-9
2019-09-01,11,2019,9,4,10,3,5,3,1,1,0,0,0,0,0,0,8.572819997000067,53.19517303300006,Blumenthal,Blumenthal,2019-9
2019-09-01,11,2019,9,4,19,3,5,3,1,1,0,0,0,0,1,1,8.876568795000026,53.08141813000003,Vahr,Neue Vahr Südwest,2019-9
2019-09-01,11,2019,9,4,7,3,5,3,1,1,0,0,0,0,0,0,8.863710917000049,53.07128221700003,Hemelingen,Hastedt,2019-9
2019-09-01,11,2019,9,3,17,3,1,5,1,1,0,0,0,0,0,0,8.834776139000041,53.08502283400003,Schwachhausen,Schwachhausen,2019-9
2019-09-01,11,2019,9,3,12,3,4,6,1,0,0,0,0,0,0,1,8.634358944000041,53.16341817000006,Vegesack,Grohn,2019-9
2019-09-01,12,2019,9,2,17,3,6,4,1,0,1,0,0,0,0,0,8.597602126000027,53.53537507400006,Geestemünde,Geestendorf,2019-9
2019-09-01,11,2019,9,2,8,3,5,3,1,1,0,0,0,0,0,0,8.936380394000025,53.07380272100005,Osterholz,Ellenerbrok-Schevemoor,2019-9
2019-09-01,11,2019,9,2,7,3,5,3,1,1,0,0,0,0,0,0,8.622745713000029,53.18397582500006,Vegesack,Unbekannt,2019-9
2019-09-01,11,2019,9,2,14,3,5,3,1,1,0,0,0,0,0,0,8.800063547000036,53.07821414400007,Mitte,Altstadt,2019-9
2019-09-01,11,2019,9,2,8,3,5,2,1,1,0,0,0,0,0,0,8.78538669300002,53.071119001000056,Neustadt,Hohentor,2019-9