Datetime,UKREIS,UJAHR,UMONAT,UWOCHENTAG,USTUNDE,UKATEGORIE,UART,UTYP1,IstRad,IstPKW,IstFuss,IstKrad,IstGkfz,IstSonstig,ULICHTVERH,STRZUSTAND,longitude,latitude,Stadtteil,Ortsteil,Datetime
2020-06-01,11,2020,6,3,17,3,5,3,1,1,0,0,0,0,0,0,8.789473311000052,53.08295436600008,Walle,Überseestadt,2020-6
2020-05-01,11,2020,5,1,19,2,5,3,1,1,0,0,0,0,0,0,8.832869336000044,53.08149021300005,Schwachhausen,Gete,2020-5
2020-05-01,11,2020,5,1,17,2,6,7,1,0,1,0,0,0,0,0,8.809330766000073,53.05995861900004,Neustadt,Huckelriede,2020-5
2020-06-01,11,2020,6,2,16,3,4,2,1,1,0,0,0,0,0,0,8.82416377800007,53.07921172200008,Mitte,Ostertor,2020-6
2020-06-01,11,2020,6,2,20,3,1,5,1,1,0,0,0,0,1,0,8.807932379000022,53.06416208500008,Neustadt,Buntentor,2020-6
2020-06-01,11,2020,6,5,12,3,0,7,1,0,0,0,0,0,0,0,8.898563738000064,53.13465378200004,Unbekannt,Borgfeld,2020-6
2020-06-01,11,2020,6,7,15,3,5,2,1,1,0,0,0,0,0,0,8.893538358000058,53.04693458700007,Hemelingen,Hemelingen,2020-6
2020-06-01,11,2020,6,3,7,2,2,6,1,1,0,0,0,0,0,0,8.864850542000056,53.09565825700008,Horn-Lehe,Horn,2020-6
2020-05-01,11,2020,5,5,12,3,5,2,1,1,0,0,0,0,0,0,8.741127151000057,53.04959640300007,Huchting,Kirchhuchting,2020-5
2020-06-01,11,2020,6,3,20,2,4,6,1,0,0,0,0,0,0,0,8.855940917000055,53.12126033100003,Unbekannt,Blockland,2020-6
2020-06-01,11,2020,6,4,10,3,5,2,1,1,0,0,0,0,0,0,8.882396259000075,53.07508678100004,Hemelingen,Sebaldsbrück,2020-6
2020-07-01,11,2020,7,5,17,3,1,7,1,1,0,0,0,0,0,0,8.929698060000021,53.05906364600003,Osterholz,Osterholz,2020-7
2020-06-01,12,2020,6,4,6,2,5,3,1,1,0,0,0,0,0,0,8.58880533200005,53.49364769600004,Fischereihafen,Fischereihafen,2020-6
2020-05-01,11,2020,5,7,14,2,5,3,1,1,0,0,0,0,0,0,8.87298213500003,53.08475833900008,Schwachhausen,Radio Bremen,2020-5
2020-06-01,11,2020,6,5,20,2,4,6,1,0,0,0,0,1,0,0,8.931100488000027,53.13739671700006,Unbekannt,Borgfeld,2020-6
2020-06-01,11,2020,6,6,9,3,0,7,1,0,0,0,0,0,0,0,8.82642017400002,53.07472360100007,Östliche Vorstadt,Steintor,2020-6
2020-05-01,11,2020,5,4,16,3,4,6,1,0,0,0,0,0,0,0,8.933772473000033,53.038792543000056,Hemelingen,Mahndorf,2020-5
2020-06-01,11,2020,6,2,11,3,6,3,1,0,1,0,0,0,0,0,8.809289622000051,53.07781030500007,Mitte,Altstadt,2020-6
2020-05-01,11,2020,5,6,9,3,5,3,1,1,0,0,0,0,0,0,8.802125472000057,53.077773164000064,Mitte,Altstadt,2020-5
2020-06-01,11,2020,6,2,11,3,5,3,1,1,0,0,0,0,0,0,8.790416924000056,53.09212044500004,Walle,Westend,2020-6
2020-05-01,11,2020,5,5,10,3,5,3,1,1,0,0,0,0,0,0,8.93257942400004,53.06976426300008,Osterholz,Blockdiek,2020-5
2020-06-01,12,2020,6,2,11,2,0,7,1,0,0,0,0,0,0,0,8.594151561000047,53.53240339900003,Geestemünde,Geestendorf,2020-6
2020-05-01,11,2020,5,6,14,3,0,7,1,0,0,0,0,0,0,0,8.829549580000048,53.07190134400008,Östliche Vorstadt,Steintor,2020-5
2020-06-01,11,2020,6,2,14,3,5,3,1,1,0,0,0,0,0,0,8.83936675800004,53.09813365000008,Schwachhausen,Neu-Schwachhausen,2020-6
2020-05-01,11,2020,5,7,21,3,0,7,1,0,0,0,0,0,2,0,8.63662447400003,53.17443583600004,Vegesack,Vegesack,2020-5
2020-05-01,11,2020,5,3,15,3,0,1,1,0,0,0,0,0,0,0,8.80720911700007,53.07057152800007,Neustadt,Alte Neustadt,2020-5
2020-06-01,11,2020,6,5,8,3,1,1,1,1,0,0,0,0,0,1,8.83591657900007,53.07419484600007,Östliche Vorstadt,Fesenfeld,2020-6
2020-06-01,11,2020,6,1,21,2,5,2,1,1,0,0,0,0,1,0,8.723817526000062,53.04618802300007,Huchting,Sodenmatt,2020-6
2020-07-01,11,2020,7,4,6,3,0,1,1,0,0,0,0,0,0,1,8.793289127000037,53.06613303400008,Neustadt,Südervorstadt,2020-7
2020-06-01,11,2020,6,6,11,3,4,6,1,0,0,0,0,0,0,0,8.81771472500003,53.07951231200008,Mitte,Ostertor,2020-6
2020-06-01,11,2020,6,4,23,3,0,7,1,0,0,0,0,0,2,0,8.789670483000066,53.084838012000034,Walle,Überseestadt,2020-6
2020-07-01,11,2020,7,4,9,3,0,1,1,0,0,0,0,0,0,1,8.874156001000074,53.07834359900005,Vahr,Gartenstadt Vahr,2020-7
2020-05-01,11,2020,5,2,13,3,5,2,1,1,0,0,0,0,0,0,8.89690829600005,53.05906096600006,Hemelingen,Sebaldsbrück,2020-5
2020-05-01,11,2020,5,6,9,3,5,2,1,1,0,0,0,0,0,0,8.837185512000076,53.084962157000064,Schwachhausen,Schwachhausen,2020-5
2020-06-01,11,2020,6,3,20,3,1,5,1,1,0,0,0,0,0,1,8.791099755000062,53.10058575200003,Walle,Osterfeuerberg,2020-6
2020-06-01,11,2020,6,3,15,3,4,2,1,1,0,0,0,0,0,0,8.786217677000025,53.05755907000008,Neustadt,Neuenland,2020-6
2020-05-01,11,2020,5,2,18,2,5,3,1,1,0,0,0,0,0,0,8.887751963000028,53.06869089500003,Hemelingen,Sebaldsbrück,2020-5
2020-06-01,11,2020,6,6,12,3,3,6,1,0,0,0,0,0,0,0,8.74846169500006,53.12515544700005,Gröpelingen,Ohlenhof,2020-6
2020-05-01,12,2020,5,5,14,3,5,3,1,1,0,0,0,0,0,0,8.601851407000026,53.57026747200007,Lehe (BHV),Schierholz,2020-5
2020-06-01,11,2020,6,3,8,3,5,3,1,1,0,0,0,0,0,0,8.802117800000076,53.07784303900007,Mitte,Altstadt,2020-6
2020-05-01,11,2020,5,5,15,3,6,6,1,0,1,0,0,0,0,0,8.797615148000034,53.07683020000008,Neustadt,Alte Neustadt,2020-5
2020-06-01,11,2020,6,4,17,3,5,3,1,1,0,0,0,0,0,0,8.883446040000024,53.11059077400006,Horn-Lehe,Lehesterdeich,2020-6
2020-07-01,11,2020,7,5,12,3,0,7,1,0,0,0,0,0,0,0,8.858882359000063,53.04525762000003,Obervieland,Habenhausen,2020-7
2020-06-01,11,2020,6,3,18,3,5,3,1,1,0,0,0,0,0,0,8.861635328000034,53.09930203200008,Horn-Lehe,Lehe,2020-6
2020-05-01,11,2020,5,5,17,3,5,3,1,1,0,0,0,0,0,0,8.627160546000027,53.17030401200003,Vegesack,Vegesack,2020-5
2020-06-01,12,2020,6,2,9,3,5,3,1,1,0,0,0,0,0,0,8.60030514500005,53.52339979300007,Geestemünde,Geestemünde-Süd,2020-6
2020-06-01,11,2020,6,3,22,3,8,7,1,0,0,0,0,0,1,0,8.802337557000044,53.07635492800006,Mitte,Altstadt,2020-6
2020-05-01,11,2020,5,2,11,3,5,3,1,1,0,0,0,0,0,0,8.75349529600004,53.12325499400004,Gröpelingen,Ohlenhof,2020-5
2020-06-01,11,2020,6,6,8,3,5,3,1,0,0,0,0,1,0,0,8.77426802900004,53.10145072500006,Walle,Walle,2020-6
2020-06-01,12,2020,6,2,13,3,5,3,1,0,0,0,0,0,0,1,8.576351045000024,53.56636276100005,Lehe (BHV),Twischkamp,2020-6
2020-05-01,12,2020,5,5,16,3,0,7,1,0,0,0,0,0,0,0,8.549101775000054,53.58062661100007,Häfen (BHV),Stadtbremisches Überseehafengebiet Bremerhaven,2020-5
2020-06-01,11,2020,6,4,12,2,5,2,1,0,0,0,0,0,0,0,8.94814324500004,53.05582799500007,Osterholz,Osterholz,2020-6
2020-06-01,11,2020,6,2,13,3,5,6,1,1,0,0,0,0,0,0,8.778996936000055,53.06475973100004,Neustadt,Neuenland,2020-6
2020-05-01,11,2020,5,7,3,3,0,7,1,0,0,0,0,0,2,0,8.788311789000034,53.092615143000046,Walle,Westend,2020-5
2020-06-01,11,2020,6,5,12,3,4,6,1,0,0,0,0,0,0,0,8.823122499000021,53.07329044000005,Östliche Vorstadt,Steintor,2020-6
2020-06-01,11,2020,6,2,14,3,5,3,1,1,0,0,0,0,0,0,8.84495895200007,53.04577728700008,Obervieland,Habenhausen,2020-6
2020-06-01,11,2020,6,2,13,3,0,7,1,0,0,0,0,0,0,0,8.817129360000024,53.07884038100008,Mitte,Ostertor,2020-6
2020-05-01,11,2020,5,4,13,3,0,7,1,0,0,0,0,0,0,0,8.826551547000065,53.08552440000005,Schwachhausen,Bürgerpark,2020-5
2020-06-01,11,2020,6,2,12,3,2,7,1,0,0,0,0,0,0,0,8.790986797000073,53.07239564300005,Neustadt,Alte Neustadt,2020-6
2020-05-01,11,2020,5,4,12,2,5,3,1,1,0,0,0,0,0,0,8.87192299000003,53.077101199000026,Vahr,Gartenstadt Vahr,2020-5
2020-06-01,11,2020,6,2,18,3,6,7,1,0,1,0,0,0,0,0,8.848775638000063,53.05081355200008,Obervieland,Habenhausen,2020-6
2020-05-01,12,2020,5,5,12,2,0,7,1,0,0,0,0,0,0,0,8.552048014000036,53.57927762100008,Häfen (BHV),Stadtbremisches Überseehafengebiet Bremerhaven,2020-5
2020-06-01,11,2020,6,4,8,3,5,3,1,1,0,0,0,0,0,0,8.711468367000066,53.14742610900004,Burglesum,Burg-Grambke,2020-6
2020-05-01,11,2020,5,1,14,3,0,7,1,0,0,0,0,0,0,0,8.869427986000062,53.08050605000005,Vahr,Gartenstadt Vahr,2020-5
2020-06-01,11,2020,6,2,18,3,3,5,1,1,0,0,0,0,0,0,8.80270379500007,53.06729663900006,Neustadt,Buntentor,2020-6
2020-05-01,12,2020,5,7,14,3,5,3,1,1,0,0,0,0,0,0,8.597959631000037,53.58233771000005,Lehe (BHV),Eckernfeld,2020-5
2020-06-01,11,2020,6,4,16,3,3,2,1,1,0,0,0,0,0,0,8.83616928500004,53.07153646200004,Östliche Vorstadt,Peterswerder,2020-6
2020-06-01,11,2020,6,5,8,3,5,2,1,0,0,0,0,1,0,1,8.902071825000064,53.07159422600006,Hemelingen,Sebaldsbrück,2020-6
2020-06-01,11,2020,6,5,11,2,3,6,1,0,0,0,0,0,0,0,8.854399296000054,53.08808620400004,Schwachhausen,Radio Bremen,2020-6
2020-06-01,11,2020,6,6,21,3,3,6,1,1,0,0,0,0,0,0,8.873274430000038,53.09130929200006,Horn-Lehe,Horn,2020-6
2020-05-01,11,2020,5,3,18,2,0,6,1,0,1,0,0,0,0,0,8.823416052000027,53.07231780200004,Östliche Vorstadt,Steintor,2020-5
2020-05-01,11,2020,5,4,8,3,5,2,1,1,0,0,0,0,0,0,8.842814849000035,53.07233135500008,Östliche Vorstadt,Peterswerder,2020-5
2020-06-01,11,2020,6,1,17,3,5,2,1,1,0,0,0,0,0,1,8.800506666000047,53.07851782300003,Mitte,Altstadt,2020-6
2020-05-01,11,2020,5,5,20,3,5,2,1,1,0,0,0,0,0,0,8.736418039000057,53.13367911000006,Gröpelingen,Oslebshausen,2020-5
2020-06-01,11,2020,6,1,17,3,0,7,1,0,0,0,0,0,0,0,8.805350307000026,53.07303053500004,Mitte,Altstadt,2020-6
2020-06-01,11,2020,6,4,15,3,5,3,1,1,0,0,0,0,0,0,8.734759853000071,53.08176596200008,Häfen,Neustädter Hafen,2020-6
2020-05-01,11,2020,5,4,17,3,5,3,1,1,0,0,0,0,0,0,8.844622257000026,53.07075376300003,Östliche Vorstadt,Peterswerder,2020-5
2020-06-01,12,2020,6,3,11,3,5,3,1,1,0,0,0,0,0,0,8.582250632000068,53.56070516700004,Lehe (BHV),Goethestrasse,2020-6
2020-05-01,12,2020,5,3,16,3,5,3,1,1,0,0,0,0,0,0,8.621255633000033,53.59047778200005,Leherheide,Leherheide-West,2020-5
2020-06-01,11,2020,6,7,18,3,0,7,1,0,0,0,0,0,0,0,8.82318473600003,53.07296481000003,Mitte,Ostertor,2020-6
2020-06-01,11,2020,6,3,12,3,5,3,1,1,0,0,0,0,0,0,8.872450603000061,53.06318555700005,Hemelingen,Hastedt,2020-6
2020-06-01,11,2020,6,3,9,3,1,5,1,1,0,0,0,0,0,0,8.816191021000066,53.07784537200007,Mitte,Bahnhofsvorstadt,2020-6
2020-06-01,11,2020,6,6,15,3,1,5,1,1,0,0,0,0,0,0,8.857067415000074,53.082726654000055,Schwachhausen,Radio Bremen,2020-6
2020-05-01,11,2020,5,6,10,3,1,3,1,1,0,0,0,0,0,0,8.825058531000025,53.08459186600004,Schwachhausen,Bürgerpark,2020-5
2020-06-01,11,2020,6,3,15,3,4,6,1,1,0,0,0,0,0,0,8.811054373000047,53.05935869100006,Neustadt,Huckelriede,2020-6
2020-05-01,11,2020,5,3,8,2,1,5,1,0,0,0,1,0,0,0,8.79402574900007,53.10102297500004,Walle,Osterfeuerberg,2020-5
2020-06-01,12,2020,6,5,13,3,0,1,1,0,0,0,0,0,0,1,8.593840446000058,53.56110072300004,Lehe (BHV),Klushof,2020-6
2020-06-01,11,2020,6,5,14,3,0,7,1,0,0,0,0,0,0,0,8.810809136000046,53.06151804300004,Neustadt,Huckelriede,2020-6
2020-06-01,11,2020,6,1,12,3,0,7,1,0,0,0,0,0,0,0,8.715370951000068,53.05258088700003,Huchting,Mittelshuchting,2020-6
2020-05-01,11,2020,5,5,16,3,6,4,1,0,1,0,0,0,0,0,8.852579767000066,53.060049434000064,Hemelingen,Hastedt,2020-5
2020-06-01,12,2020,6,2,13,3,5,3,1,1,0,0,0,0,0,0,8.573726050000062,53.55038504600003,Mitte (BHV),Mitte-Nord,2020-6
2020-06-01,11,2020,6,6,20,1,5,3,1,1,0,0,0,0,0,0,8.927703982000025,53.07253167900007,Osterholz,Ellener Feld,2020-6
2020-05-01,11,2020,5,5,11,3,5,3,1,1,0,0,0,0,0,0,8.807868288000066,53.077871110000046,Mitte,Altstadt,2020-5
2020-06-01,11,2020,6,3,9,2,9,1,1,0,1,0,0,0,0,0,8.894762107000076,53.09711358300007,Horn-Lehe,Lehesterdeich,2020-6
2020-05-01,11,2020,5,2,17,3,6,4,1,0,1,0,0,0,0,0,8.735482722000029,53.13397321400004,Gröpelingen,Oslebshausen,2020-5
2020-06-01,12,2020,6,4,18,3,5,2,1,1,0,0,0,0,0,0,8.596840389000022,53.56807509000004,Lehe (BHV),Klushof,2020-6
2020-06-01,11,2020,6,5,15,2,0,7,1,0,0,0,0,0,0,1,8.787944048000043,53.08301414500005,Walle,Überseestadt,2020-6
2020-06-01,11,2020,6,2,11,3,4,6,1,0,0,0,0,0,0,0,8.818935640000063,53.10995233700004,Findorff,In den Hufen,2020-6
2020-06-01,11,2020,6,2,12,2,0,7,1,1,0,0,0,1,0,0,8.961261541000056,53.05738126400007,Osterholz,Tenever,2020-6
2020-05-01,11,2020,5,7,12,3,0,7,1,0,0,0,0,1,0,0,8.803257534000068,53.07194323200008,Neustadt,Alte Neustadt,2020-5
2020-06-01,11,2020,6,5,16,3,1,5,1,1,0,0,0,0,0,0,8.825059400000043,53.07303323900004,Östliche Vorstadt,Steintor,2020-6
2020-06-01,11,2020,6,6,11,3,5,3,1,1,0,0,0,0,0,0,8.87895445600003,53.08574221600003,Vahr,Neue Vahr Nord,2020-6
2020-06-01,11,2020,6,2,6,2,5,2,1,0,0,0,0,1,0,0,8.867536278000046,53.07233388000003,Hemelingen,Hastedt,2020-6
2020-05-01,11,2020,5,2,15,3,4,6,1,0,0,0,0,0,0,0,8.791219864000027,53.09158079700006,Walle,Utbremen,2020-5
2020-06-01,11,2020,6,2,11,3,4,6,1,0,0,0,0,0,0,0,8.824262515000044,53.07841005300003,Östliche Vorstadt,Fesenfeld,2020-6
2020-06-01,11,2020,6,4,12,3,1,5,1,1,0,0,0,0,0,0,8.802717311000038,53.06728817700008,Neustadt,Buntentor,2020-6
2020-05-01,11,2020,5,5,15,3,0,7,1,0,0,0,0,0,0,0,8.876039972000058,53.08200485300006,Vahr,Neue Vahr Südwest,2020-5
2020-07-01,11,2020,7,5,8,3,5,2,1,1,0,0,0,0,0,1,8.868021648000024,53.07293490700005,Hemelingen,Hastedt,2020-7
2020-06-01,11,2020,6,4,18,3,5,3,1,1,0,0,0,0,0,0,8.799446851000027,53.06552990100005,Neustadt,Buntentor,2020-6
2020-06-01,11,2020,6,5,12,3,5,3,1,1,0,0,0,0,0,1,8.678270263000059,53.17391486600008,Burglesum,Lesum,2020-6
2020-06-01,11,2020,6,2,11,3,0,7,1,1,0,0,0,0,0,0,8.825768866000033,53.07502955400008,Östliche Vorstadt,Steintor,2020-6
2020-05-01,11,2020,5,7,9,3,5,3,1,0,0,0,0,1,0,0,8.838008426000044,53.06789460500005,Östliche Vorstadt,Peterswerder,2020-5
2020-06-01,11,2020,6,4,17,3,5,2,1,1,0,0,0,0,0,0,8.81950570600003,53.08054230800008,Mitte,Bahnhofsvorstadt,2020-6
2020-06-01,11,2020,6,5,16,3,3,2,1,0,0,0,0,1,0,1,8.788466085000039,53.09841665400006,Walle,Westend,2020-6
2020-06-01,11,2020,6,1,14,3,0,1,1,0,0,0,0,0,0,0,8.736861232000024,53.04561461600008,Huchting,Kirchhuchting,2020-6
2020-05-01,11,2020,5,2,7,3,5,2,1,0,0,0,0,0,0,0,8.89977192400005,53.12130674900004,Unbekannt,Borgfeld,2020-5
2020-06-01,11,2020,6,1,15,3,0,7,1,0,0,0,0,0,0,1,8.802728839000054,53.06728096100005,Neustadt,Buntentor,2020-6
2020-07-01,11,2020,7,4,13,2,0,4,1,0,1,0,0,0,0,1,8.809691157000032,53.07617796900007,Mitte,Altstadt,2020-7
2020-06-01,11,2020,6,4,22,2,0,1,1,0,0,0,0,0,2,0,8.833400813000026,53.07926977500006,Schwachhausen,Gete,2020-6
2020-06-01,12,2020,6,7,17,3,5,3,1,1,0,0,0,0,0,1,8.624891199000047,53.52937084500008,Schiffdorferdamm,Schiffdorferdamm,2020-6
2020-06-01,11,2020,6,4,10,3,0,7,1,0,0,0,0,0,0,0,8.862933824000038,53.09038573300006,Schwachhausen,Riensberg,2020-6
2020-05-01,11,2020,5,6,19,3,6,4,1,0,1,0,0,0,1,0,8.620507372000077,53.171976932000064,Vegesack,Vegesack,2020-5
2020-06-01,11,2020,6,5,10,3,5,3,1,1,0,0,0,0,0,1,8.797863513000038,53.07069863100003,Neustadt,Alte Neustadt,2020-6
2020-06-01,12,2020,6,1,2,2,0,7,1,0,0,0,0,0,2,1,8.592750698000032,53.56925040400006,Lehe (BHV),Klushof,2020-6
2020-05-01,11,2020,5,1,18,3,4,6,1,0,0,0,0,0,0,1,8.837463842000034,53.03793320500006,Obervieland,Arsten,2020-5
2020-05-01,12,2020,5,6,18,3,0,7,1,0,0,0,0,0,0,0,8.549843508000038,53.58033773800008,Häfen (BHV),Stadtbremisches Überseehafengebiet Bremerhaven,2020-5
2020-06-01,11,2020,6,4,13,3,0,7,1,0,0,0,0,0,0,0,8.65138620600004,53.174035711000045,Vegesack,Schönebeck,2020-6
2020-05-01,11,2020,5,1,12,3,5,3,1,1,0,0,0,0,0,0,8.627611152000043,53.18379124000006,Vegesack,Unbekannt,2020-5
2020-06-01,11,2020,6,1,17,3,1,5,1,1,0,0,0,0,0,0,8.844720038000048,53.06834552400005,Östliche Vorstadt,Peterswerder,2020-6
2020-05-01,11,2020,5,1,12,3,0,7,1,0,0,0,0,0,0,0,8.829290204000074,53.07796359300005,Östliche Vorstadt,Fesenfeld,2020-5
2020-06-01,11,2020,6,3,20,3,5,2,1,1,0,0,0,0,0,0,8.553668304000041,53.19617312500003,Blumenthal,Lüssum-Bockhorn,2020-6
2020-06-01,11,2020,6,4,18,3,0,1,1,0,0,0,0,0,0,0,8.827629686000023,53.07257019800005,Östliche Vorstadt,Steintor,2020-6
2020-07-01,11,2020,7,5,20,3,5,3,1,1,0,0,0,0,0,0,8.798964764000061,53.07940548900007,Mitte,Altstadt,2020-7
2020-06-01,11,2020,6,5,16,3,1,5,1,1,0,0,0,0,0,1,8.810712273000036,53.080319366000026,Mitte,Bahnhofsvorstadt,2020-6
2020-05-01,11,2020,5,7,11,3,6,4,1,0,1,0,0,0,0,0,8.79268414300003,53.06434285500006,Neustadt,Südervorstadt,2020-5
2020-06-01,11,2020,6,5,15,3,6,4,1,0,1,0,0,0,0,1,8.816717496000024,53.07303671900007,Mitte,Ostertor,2020-6
2020-07-01,11,2020,7,6,7,3,5,2,1,1,0,0,0,0,0,1,8.924683304000041,53.07311321900005,Osterholz,Blockdiek,2020-7
2020-05-01,11,2020,5,7,21,3,5,3,1,1,0,0,0,0,2,0,8.796410510000044,53.07188931900004,Neustadt,Alte Neustadt,2020-5
2020-06-01,11,2020,6,6,8,3,4,6,1,1,0,0,0,0,0,0,8.754461838000054,53.12395690900007,Gröpelingen,Ohlenhof,2020-6
2020-06-01,11,2020,6,6,16,3,5,2,1,1,0,0,0,0,0,0,8.855054361000043,53.07856041700006,Schwachhausen,Gete,2020-6
2020-05-01,11,2020,5,5,20,3,3,3,1,0,0,0,0,1,0,0,8.825017158000037,53.08457983900007,Schwachhausen,Bürgerpark,2020-5
2020-06-01,11,2020,6,3,9,3,5,2,1,1,0,0,0,0,0,0,8.778824761000067,53.06256442400007,Neustadt,Neuenland,2020-6
2020-05-01,11,2020,5,7,16,3,5,3,1,1,0,0,0,0,0,0,8.876507705000051,53.08103292800007,Vahr,Gartenstadt Vahr,2020-5
2020-05-01,11,2020,5,7,10,3,5,3,1,0,0,0,0,0,0,0,8.80936964500006,53.08851071000004,Findorff,Findorff-Bürgerweide,2020-5
2020-06-01,11,2020,6,2,14,3,0,7,1,0,0,0,0,0,0,0,8.887091948000034,53.07029530500006,Hemelingen,Sebaldsbrück,2020-6
2020-06-01,11,2020,6,5,10,3,4,6,1,1,0,0,0,0,0,0,8.802073095000026,53.09441745400005,Findorff,Regensburger Str.,2020-6
2020-06-01,11,2020,6,6,18,3,4,2,1,1,0,0,0,0,0,0,8.779358721000051,53.100165324000045,Walle,Walle,2020-6
2020-06-01,11,2020,6,5,13,3,5,3,1,1,0,0,0,0,0,0,8.729712733000042,53.17824086200005,Burglesum,Burgdamm,2020-6
2020-05-01,11,2020,5,7,18,3,5,3,1,0,0,0,0,1,0,0,8.899019131000045,53.12975531500007,Unbekannt,Borgfeld,2020-5
2020-06-01,11,2020,6,2,20,3,5,3,1,1,0,0,0,0,0,0,8.628528542000026,53.17547221300004,Vegesack,Vegesack,2020-6
2020-06-01,11,2020,6,4,7,3,0,3,1,0,0,0,0,0,0,0,8.883618635000062,53.12121011900007,Horn-Lehe,Lehesterdeich,2020-6
2020-06-01,11,2020,6,4,20,3,4,6,1,1,0,0,0,0,0,0,8.800684190000027,53.07109621800004,Neustadt,Alte Neustadt,2020-6
2020-06-01,11,2020,6,5,11,3,5,3,1,1,0,0,0,0,0,1,8.740533410000069,53.05426079500006,Huchting,Mittelshuchting,2020-6
2020-06-01,11,2020,6,1,15,3,5,3,1,0,0,0,0,0,0,0,8.816469380000058,53.03928889300005,Obervieland,Kattenturm,2020-6
2020-08-01,11,2020,8,5,15,3,5,3,1,1,0,0,0,0,0,0,8.824542505000068,53.08418739500007,Schwachhausen,Barkhof,2020-8
2020-08-01,11,2020,8,6,21,2,6,7,1,0,1,0,0,0,2,0,8.824594711000032,53.068912631000046,Mitte,Ostertor,2020-8
2020-08-01,11,2020,8,4,13,3,5,2,1,1,0,0,0,0,0,0,8.894386201000032,53.05442682800003,Hemelingen,Hemelingen,2020-8
2020-08-01,12,2020,8,4,16,3,0,7,1,1,0,0,0,0,0,1,8.569243151000023,53.55498890400003,Mitte (BHV),Mitte-Nord,2020-8
2020-08-01,11,2020,8,4,13,3,2,6,1,1,0,0,0,0,0,0,8.788393941000038,53.07346921200008,Neustadt,Alte Neustadt,2020-8
2020-07-01,12,2020,7,1,7,3,5,2,1,1,0,0,0,0,0,0,8.638658204000023,53.53091276000004,Schiffdorferdamm,Schiffdorferdamm,2020-7
2020-08-01,11,2020,8,4,7,2,4,6,1,0,0,0,0,0,0,0,8.87085025700003,53.08742640100007,Schwachhausen,Radio Bremen,2020-8
2020-08-01,11,2020,8,1,14,3,2,6,1,1,0,0,0,0,0,0,8.70745138500007,53.16127161000003,Burglesum,Burgdamm,2020-8
2020-08-01,11,2020,8,4,8,2,1,5,1,1,0,0,0,0,0,0,8.898131226000032,53.06834516300006,Hemelingen,Sebaldsbrück,2020-8
2020-08-01,11,2020,8,4,12,3,3,6,1,0,0,0,0,0,0,0,8.704211537000049,53.15686740600006,Burglesum,Burg-Grambke,2020-8
2020-07-01,11,2020,7,1,13,3,0,7,1,0,0,0,0,0,0,0,8.819349097000043,53.16148650100007,Unbekannt,Blockland,2020-7
2020-08-01,12,2020,8,3,7,3,5,2,1,0,0,0,1,0,0,0,8.597842401000037,53.581952012000045,Lehe (BHV),Eckernfeld,2020-8
2020-08-01,11,2020,8,3,2,3,0,7,1,0,0,0,0,0,2,1,8.753830478000054,53.12048849000007,Gröpelingen,Ohlenhof,2020-8
2020-08-01,11,2020,8,3,13,3,4,2,1,1,0,0,0,0,0,0,8.808231135000028,53.09466125400007,Findorff,Weidedamm,2020-8
2020-08-01,11,2020,8,3,12,2,0,7,1,0,0,0,0,0,0,0,8.686149817000057,53.171074186000055,Burglesum,Lesum,2020-8
2020-07-01,11,2020,7,1,15,3,3,6,1,0,0,0,0,0,0,0,8.630553736000024,53.15678429400003,Burglesum,Werderland,2020-7
2020-08-01,11,2020,8,7,16,3,5,3,1,1,0,0,0,0,0,0,8.767181569000059,53.11171996000007,Gröpelingen,Lindenhof,2020-8
2020-08-01,11,2020,8,3,15,3,5,3,1,1,0,0,0,0,0,0,8.863025408000055,53.07147486600008,Hemelingen,Hastedt,2020-8
2020-08-01,11,2020,8,3,9,3,0,7,1,0,0,0,0,0,0,0,8.936348830000043,53.06179975300006,Osterholz,Ellenerbrok-Schevemoor,2020-8
2020-08-01,11,2020,8,3,21,3,1,7,1,1,0,0,0,0,1,0,8.833849462000046,53.07400489700007,Östliche Vorstadt,Fesenfeld,2020-8
2020-08-01,12,2020,8,2,8,3,5,3,1,1,0,0,0,0,0,0,8.604050007000069,53.57439823400006,Lehe (BHV),Schierholz,2020-8
2020-08-01,11,2020,8,7,12,3,0,7,1,0,0,0,0,0,0,0,8.618696790000058,53.17683490100006,Vegesack,Vegesack,2020-8
2020-08-01,11,2020,8,6,21,3,5,3,1,1,0,0,0,0,1,0,8.888184240000044,53.04624563900006,Hemelingen,Hemelingen,2020-8
2020-08-01,11,2020,8,2,23,3,5,3,1,1,0,0,0,0,2,0,8.825186612000039,53.08453498600005,Schwachhausen,Bürgerpark,2020-8
2020-08-01,11,2020,8,6,11,2,5,3,1,1,0,0,0,0,0,0,8.826194542000053,53.03433529600005,Obervieland,Kattenturm,2020-8
2020-08-01,11,2020,8,1,3,3,0,7,1,0,0,0,0,0,2,0,8.801167785000075,53.06825011400008,Neustadt,Südervorstadt,2020-8
2020-08-01,12,2020,8,1,20,2,2,6,1,1,0,0,0,0,1,0,8.57551439200006,53.53138419200008,Geestemünde,Geestemünde-Nord,2020-8