Datetime,UKREIS,UJAHR,UMONAT,UWOCHENTAG,USTUNDE,UKATEGORIE,UART,UTYP1,IstRad,IstPKW,IstFuss,IstKrad,IstGkfz,IstSonstig,ULICHTVERH,STRZUSTAND,longitude,latitude,Stadtteil,Ortsteil,Datetime
2020-07-01,11,2020,7,1,12,3,3,6,1,0,0,0,0,0,0,0,8.93015803700007,53.11951387600004,Oberneuland,Unbekannt,2020-7
2020-08-01,11,2020,8,6,17,3,0,7,1,0,0,0,0,0,0,0,8.81611027200006,53.10355315900006,Findorff,In den Hufen,2020-8
2020-07-01,11,2020,7,1,18,3,0,1,1,0,1,0,0,0,0,0,8.854101110000045,53.03055811400003,Obervieland,Arsten,2020-7
2020-08-01,12,2020,8,7,19,3,8,1,1,0,0,0,0,0,0,0,8.56918851100005,53.58759302500005,Lehe (BHV),Speckenbüttel,2020-8
2020-08-01,11,2020,8,2,16,3,5,2,1,1,0,0,0,0,0,0,8.963400018000073,53.05737514800006,Osterholz,Osterholz,2020-8
2020-08-01,11,2020,8,7,15,2,0,3,1,0,0,0,0,1,0,0,8.758857822000039,53.11599532200006,Gröpelingen,Lindenhof,2020-8
2020-08-01,11,2020,8,7,14,3,0,1,1,0,0,0,0,0,0,1,8.818589634000034,53.072460557000056,Mitte,Ostertor,2020-8
2020-08-01,11,2020,8,6,11,3,5,3,1,1,0,0,0,0,0,0,8.89748922900003,53.044300289000034,Hemelingen,Hemelingen,2020-8
2020-07-01,12,2020,7,7,18,3,5,3,1,1,0,0,0,0,0,0,8.60669561700007,53.53044571800007,Geestemünde,Bürgerpark (BHV),2020-7
2020-08-01,11,2020,8,6,8,3,4,6,1,1,0,0,0,0,0,0,8.748906224000052,53.12495444100006,Gröpelingen,Ohlenhof,2020-8
2020-08-01,11,2020,8,7,13,3,0,1,1,0,0,0,0,0,0,1,8.818035785000063,53.07239866300006,Mitte,Ostertor,2020-8
2020-08-01,11,2020,8,5,5,3,0,2,1,0,0,0,0,1,0,1,8.773036534000028,53.077636435000045,Woltmershausen,Woltmershausen,2020-8
2020-08-01,11,2020,8,7,9,3,5,2,1,1,0,0,0,0,0,0,8.619265212000073,53.18210629700008,Vegesack,Fähr-Lobbendorf,2020-8
2020-08-01,12,2020,8,6,15,3,5,3,1,1,0,0,0,0,0,0,8.584514443000046,53.55889752200005,Lehe (BHV),Goethestrasse,2020-8
2020-07-01,12,2020,7,6,12,3,5,2,1,1,0,0,0,0,0,0,8.582971841000074,53.56079780600004,Lehe (BHV),Goethestrasse,2020-7
2020-08-01,11,2020,8,5,9,3,5,3,1,1,0,0,0,0,0,0,8.894404375000022,53.05132070700006,Hemelingen,Hemelingen,2020-8
2020-07-01,11,2020,7,6,13,2,0,7,1,0,0,0,0,0,0,0,8.766993938000041,53.10172166400008,Walle,Überseestadt,2020-7
2020-08-01,11,2020,8,5,14,3,0,7,1,0,0,0,0,1,0,0,8.80396459700006,53.07230259900007,Neustadt,Alte Neustadt,2020-8
2020-07-01,11,2020,7,7,9,3,5,3,1,1,0,0,0,0,0,0,8.875439731000029,53.082166373000064,Vahr,Gartenstadt Vahr,2020-7
2020-08-01,11,2020,8,6,17,3,4,1,1,1,0,0,0,0,0,0,8.845282998000073,53.09718571100007,Schwachhausen,Neu-Schwachhausen,2020-8
2020-07-01,11,2020,7,6,21,2,3,6,1,1,0,0,0,0,2,0,8.84115924200006,53.06926743400004,Östliche Vorstadt,Peterswerder,2020-7
2020-07-01,11,2020,7,6,18,3,6,7,1,0,1,0,0,0,0,0,8.852567503000046,53.05989086300008,Hemelingen,Hastedt,2020-7
2020-07-01,11,2020,7,6,19,3,4,6,1,1,0,0,0,0,0,0,8.822566292000033,53.07493651200008,Mitte,Ostertor,2020-7
2020-08-01,12,2020,8,7,13,3,2,6,1,0,0,0,0,1,0,0,8.59796052200005,53.58218220100008,Lehe (BHV),Eckernfeld,2020-8
2020-07-01,12,2020,7,5,10,3,5,3,1,1,0,0,0,0,0,0,8.600114849000022,53.55865412800006,Lehe (BHV),Buschkämpen,2020-7
2020-07-01,11,2020,7,7,13,3,5,3,1,1,0,0,0,0,0,1,8.63912866100003,53.17320637800003,Vegesack,Schönebeck,2020-7
2020-07-01,11,2020,7,5,20,3,4,6,1,0,0,0,0,0,0,0,8.776091910000048,53.07958971600005,Woltmershausen,Woltmershausen,2020-7
2020-08-01,11,2020,8,3,13,3,6,4,1,0,1,0,0,0,0,1,8.940743000000055,53.07854852400004,Oberneuland,Unbekannt,2020-8
2020-07-01,11,2020,7,7,19,3,5,3,1,1,0,0,0,0,0,0,8.876461494000068,53.081017933000055,Vahr,Gartenstadt Vahr,2020-7
2020-08-01,12,2020,8,3,11,2,5,3,1,1,0,0,0,0,0,0,8.593524642000034,53.57021368000005,Lehe (BHV),Klushof,2020-8
2020-07-01,11,2020,7,5,11,3,3,6,1,1,0,1,0,0,0,0,8.820768817000044,53.07270677400004,Mitte,Ostertor,2020-7
2020-08-01,11,2020,8,7,9,3,5,3,1,1,0,0,0,0,0,0,8.770065313000032,53.09523627600004,Walle,Überseestadt,2020-8
2020-07-01,11,2020,7,5,8,3,5,2,1,1,0,0,0,0,0,0,8.82078109300005,53.05127744200007,Neustadt,Huckelriede,2020-7
2020-07-01,11,2020,7,6,13,3,0,7,1,1,0,0,0,0,0,1,8.836670723000054,53.07166928200007,Östliche Vorstadt,Peterswerder,2020-7
2020-07-01,11,2020,7,4,13,3,0,5,1,0,0,0,0,1,0,0,8.775763251000058,53.09055631500007,Walle,Überseestadt,2020-7
2020-07-01,11,2020,7,4,10,3,0,7,1,1,0,0,0,0,0,0,8.840552918000071,53.06940214200006,Östliche Vorstadt,Peterswerder,2020-7
2020-08-01,11,2020,8,5,18,2,5,3,1,0,0,0,0,0,0,0,8.76535222700005,53.11856364200003,Gröpelingen,Gröpelingen,2020-8
2020-08-01,11,2020,8,7,1,2,0,7,1,0,0,0,0,0,2,0,8.801710786000058,53.07052456200006,Neustadt,Alte Neustadt,2020-8
2020-07-01,11,2020,7,3,10,3,5,2,1,1,0,0,0,0,0,1,8.78807512000003,53.06289365400005,Neustadt,Südervorstadt,2020-7
2020-07-01,11,2020,7,3,22,3,0,5,1,1,0,0,0,0,2,0,8.826416178000045,53.07293048700007,Östliche Vorstadt,Steintor,2020-7
2020-08-01,12,2020,8,1,15,3,8,1,1,0,0,0,0,0,0,0,8.591822883000077,53.57982816800006,Lehe (BHV),Eckernfeld,2020-8
2020-07-01,12,2020,7,2,14,3,5,7,1,0,0,0,0,0,0,0,8.58406495500003,53.53816381600007,Geestemünde,Geestemünde-Nord,2020-7
2020-07-01,11,2020,7,2,14,3,3,6,1,0,0,0,0,0,0,0,8.884522583000035,53.07284320800005,Hemelingen,Sebaldsbrück,2020-7
2020-08-01,11,2020,8,4,17,3,4,2,1,1,0,0,0,0,0,0,8.812615746000063,53.08083300800007,Mitte,Bahnhofsvorstadt,2020-8
2020-08-01,11,2020,8,6,13,3,5,3,1,1,0,0,0,0,0,0,8.848709171000053,53.07148105200008,Östliche Vorstadt,Peterswerder,2020-8
2020-08-01,11,2020,8,6,18,3,5,3,1,1,0,0,0,0,0,0,8.79215004200006,53.10336425200006,Walle,Osterfeuerberg,2020-8
2020-07-01,11,2020,7,2,13,3,3,6,1,1,0,0,0,0,0,0,8.91065982300006,53.12439972200008,Unbekannt,Borgfeld,2020-7
2020-08-01,11,2020,8,6,13,2,5,2,1,1,0,0,1,0,0,0,8.95977330900007,53.03916195500005,Hemelingen,Mahndorf,2020-8
2020-07-01,12,2020,7,1,14,3,5,2,1,1,0,0,0,0,0,0,8.579942439000035,53.54590218700008,Mitte (BHV),Mitte-Süd,2020-7
2020-08-01,12,2020,8,7,19,3,5,3,1,1,0,0,0,0,0,0,8.594715051000037,53.512227075000055,Wulsdorf,Dreibergen,2020-8
2020-07-01,12,2020,7,1,17,3,5,3,1,1,0,0,0,0,0,0,8.601552671000036,53.50608638700004,Wulsdorf,Dreibergen,2020-7
2020-08-01,11,2020,8,7,13,3,5,2,1,1,0,0,0,0,0,0,8.801341103000027,53.07148033300007,Neustadt,Alte Neustadt,2020-8
2020-08-01,11,2020,8,3,10,2,5,3,1,1,0,0,0,0,0,0,8.805135532000065,53.07305800800003,Mitte,Altstadt,2020-8
2020-08-01,11,2020,8,4,11,3,5,3,1,1,0,0,0,0,0,0,8.856559610000033,53.071365239000045,Hemelingen,Hastedt,2020-8
2020-07-01,11,2020,7,6,11,3,5,3,1,1,0,0,0,0,0,0,8.870920044000059,53.08752424900007,Schwachhausen,Radio Bremen,2020-7
2020-08-01,12,2020,8,5,15,3,9,1,1,0,0,0,0,0,0,0,8.607610660000034,53.53531311900008,Geestemünde,Bürgerpark (BHV),2020-8
2020-08-01,11,2020,8,4,11,2,0,7,1,0,0,0,0,0,0,1,8.88081663500003,53.10154860400007,Horn-Lehe,Lehe,2020-8
2020-08-01,11,2020,8,6,0,3,0,7,1,0,0,0,0,1,0,1,8.62170837800005,53.17000848800007,Vegesack,Vegesack,2020-8
2020-07-01,11,2020,7,6,11,3,4,3,1,0,0,0,0,0,0,0,8.800479677000055,53.07849918800008,Mitte,Altstadt,2020-7
2020-07-01,12,2020,7,5,23,3,5,3,1,1,0,0,0,0,2,1,8.609741900000074,53.507562664000034,Wulsdorf,Dreibergen,2020-7
2020-07-01,11,2020,7,6,15,3,0,7,1,1,0,0,0,0,0,0,8.78765349400004,53.07639202700005,Neustadt,Alte Neustadt,2020-7
2020-08-01,11,2020,8,3,18,3,5,3,1,1,0,0,0,0,0,0,8.688703037000039,53.16850549500003,Burglesum,Lesum,2020-8
2020-07-01,11,2020,7,5,5,3,5,2,1,0,0,0,1,0,2,1,8.844872753000061,53.03365680400003,Obervieland,Arsten,2020-7
2020-07-01,11,2020,7,6,14,3,5,3,1,1,0,0,0,0,0,0,8.788175757000033,53.069511187000046,Neustadt,Neustadt,2020-7
2020-08-01,11,2020,8,5,8,3,0,1,1,0,0,0,1,0,0,0,8.831100973000048,53.08583360000006,Schwachhausen,Bürgerpark,2020-8
2020-07-01,11,2020,7,5,20,3,4,6,1,1,0,0,0,0,1,0,8.880854355000054,53.05664275400005,Hemelingen,Hemelingen,2020-7
2020-07-01,11,2020,7,5,18,3,5,3,1,1,0,0,0,0,0,0,8.835609103000024,53.07378229100004,Östliche Vorstadt,Steintor,2020-7
2020-07-01,11,2020,7,5,13,3,4,2,1,1,0,0,0,0,0,0,8.869182383000066,53.07428331700004,Vahr,Gartenstadt Vahr,2020-7
2020-08-01,11,2020,8,7,5,3,1,7,1,1,0,0,0,0,2,0,8.821390257000076,53.09568670600004,Findorff,Weidedamm,2020-8
2020-07-01,11,2020,7,5,16,3,5,2,1,1,0,0,0,0,0,0,8.833360869000046,53.07066324000005,Östliche Vorstadt,Steintor,2020-7
2020-08-01,11,2020,8,3,16,3,5,3,1,1,0,0,0,0,0,0,8.816555483000059,53.08412197200005,Schwachhausen,Barkhof,2020-8
2020-08-01,11,2020,8,3,17,3,2,6,1,1,0,0,0,0,0,1,8.82968579900006,53.07453975400006,Östliche Vorstadt,Steintor,2020-8
2020-08-01,12,2020,8,4,18,3,8,1,1,0,0,0,0,0,0,0,8.600711686000068,53.56079542400005,Lehe (BHV),Buschkämpen,2020-8
2020-08-01,11,2020,8,5,14,3,5,2,1,1,0,0,0,0,0,0,8.619370372000049,53.184070347000045,Vegesack,Fähr-Lobbendorf,2020-8
2020-07-01,11,2020,7,4,13,3,3,6,1,0,0,0,0,0,0,0,8.856417007000061,53.06675602800004,Hemelingen,Hastedt,2020-7
2020-07-01,12,2020,7,3,10,3,5,3,1,0,0,0,0,1,0,0,8.625998091000042,53.49709266900004,Wulsdorf,Jedutenberg,2020-7
2020-07-01,11,2020,7,3,19,3,5,3,1,0,0,0,0,0,0,0,8.780358112000044,53.10547634100004,Walle,Walle,2020-7
2020-08-01,11,2020,8,2,16,3,5,3,1,1,0,0,0,0,0,0,8.891711182000051,53.04942031200005,Hemelingen,Hemelingen,2020-8
2020-07-01,11,2020,7,5,7,3,5,2,1,1,0,0,0,0,0,1,8.897721525000065,53.059083412000064,Hemelingen,Sebaldsbrück,2020-7
2020-08-01,11,2020,8,2,18,3,5,3,1,1,0,0,0,0,0,0,8.854778302000057,53.067734478000034,Östliche Vorstadt,Peterswerder,2020-8
2020-07-01,11,2020,7,3,10,2,4,2,1,1,0,0,0,0,0,0,8.714407951000055,53.18017343900004,Burglesum,Burgdamm,2020-7
2020-08-01,11,2020,8,4,19,3,6,4,1,0,1,0,0,0,0,0,8.785451075000026,53.09672915500005,Walle,Westend,2020-8
2020-07-01,11,2020,7,3,7,3,5,2,1,1,0,0,0,0,0,0,8.819520664000038,53.08051821500004,Mitte,Ostertor,2020-7
2020-08-01,11,2020,8,6,9,3,1,6,1,1,0,0,0,0,0,0,8.81055176500007,53.09542712800004,Findorff,Weidedamm,2020-8
2020-07-01,11,2020,7,5,7,3,5,3,1,1,0,0,0,0,0,1,8.87305126900003,53.06701239800003,Hemelingen,Hastedt,2020-7
2020-08-01,11,2020,8,5,19,2,5,3,1,1,0,0,0,0,0,0,8.79581382400005,53.10628981500008,Walle,Hohweg,2020-8
2020-07-01,12,2020,7,2,18,3,5,3,1,1,0,0,0,0,0,0,8.607589604000054,53.535229420000064,Geestemünde,Bürgerpark (BHV),2020-7
2020-08-01,11,2020,8,5,17,3,6,7,1,0,1,0,0,0,0,0,8.795194920000029,53.07407460900004,Neustadt,Alte Neustadt,2020-8
2020-08-01,11,2020,8,7,10,3,5,3,1,1,0,0,0,0,0,0,8.618977125000072,53.18408611900003,Vegesack,Unbekannt,2020-8
2020-08-01,11,2020,8,6,23,3,5,3,1,1,0,0,0,0,2,0,8.810189654000055,53.08154705100003,Mitte,Bahnhofsvorstadt,2020-8
2020-07-01,11,2020,7,2,14,3,5,7,1,1,0,0,0,0,0,0,8.81522792800007,53.02956555900005,Obervieland,Kattenesch,2020-7
2020-07-01,11,2020,7,2,16,3,1,5,1,1,0,0,0,0,0,0,8.775743291000026,53.09056586100007,Walle,Überseestadt,2020-7
2020-08-01,11,2020,8,4,0,2,0,7,1,0,0,0,0,0,2,1,8.812286304000054,53.07638425200008,Mitte,Altstadt,2020-8
2020-08-01,11,2020,8,5,18,3,5,2,1,1,0,0,0,0,0,0,8.930532349000032,53.05903891200006,Osterholz,Ellenerbrok-Schevemoor,2020-8
2020-07-01,11,2020,7,2,19,3,1,5,1,1,0,0,0,0,0,0,8.766942630000074,53.08413353800006,Woltmershausen,Woltmershausen,2020-7
2020-08-01,11,2020,8,5,16,2,5,3,1,1,0,0,0,0,0,0,8.803221141000051,53.07221882400006,Neustadt,Alte Neustadt,2020-8
2020-07-01,11,2020,7,5,16,3,5,3,1,1,0,0,0,0,0,1,8.827757313000063,53.08303349000005,Schwachhausen,Bürgerpark,2020-7
2020-08-01,11,2020,8,5,10,3,5,3,1,1,0,0,0,0,0,0,8.72858990100002,53.03890042200004,Huchting,Kirchhuchting,2020-8
2020-08-01,11,2020,8,4,12,3,3,6,1,1,0,0,0,0,0,1,8.811126108000053,53.07622385100007,Mitte,Altstadt,2020-8
2020-07-01,12,2020,7,1,13,3,0,1,1,0,0,0,0,0,0,0,8.59869425900007,53.53613922700004,Geestemünde,Geestendorf,2020-7
2020-08-01,11,2020,8,6,20,3,0,7,1,0,0,0,0,0,1,1,8.788832734000039,53.09410001300006,Walle,Westend,2020-8
2020-07-01,12,2020,7,1,18,3,5,3,1,1,0,0,0,0,0,0,8.580615077000061,53.55091810400006,Lehe (BHV),Klushof,2020-7
2020-08-01,11,2020,8,3,7,3,5,3,1,1,0,0,0,0,0,0,8.825081287000046,53.08419967700007,Schwachhausen,Barkhof,2020-8
2020-07-01,11,2020,7,5,9,3,5,2,1,1,0,0,0,0,0,1,8.875671220000072,53.08232537700008,Schwachhausen,Radio Bremen,2020-7
2020-08-01,11,2020,8,1,9,3,5,2,1,1,0,0,0,0,0,0,8.837402397000062,53.03783726800003,Obervieland,Arsten,2020-8
2020-08-01,11,2020,8,3,19,3,4,6,1,1,0,0,0,0,0,0,8.795745489000069,53.07964230800008,Mitte,Altstadt,2020-8
2020-07-01,11,2020,7,1,16,3,5,3,1,1,0,0,0,0,0,0,8.951399182000046,53.08962944700005,Oberneuland,Unbekannt,2020-7
2020-08-01,11,2020,8,4,13,3,0,1,1,0,0,0,0,0,0,0,8.91410167600003,53.05980221600004,Hemelingen,Sebaldsbrück,2020-8
2020-07-01,11,2020,7,4,18,3,0,3,1,0,0,0,0,0,0,0,8.751816640000072,53.12914943200008,Gröpelingen,Ohlenhof,2020-7
2020-07-01,11,2020,7,7,13,3,0,7,1,0,1,0,0,0,0,0,8.952870940000025,53.07335545500007,Osterholz,Tenever,2020-7
2020-08-01,11,2020,8,5,11,2,3,6,1,0,0,0,0,0,0,0,8.909352174000048,53.05873052700008,Hemelingen,Sebaldsbrück,2020-8
2020-07-01,11,2020,7,7,12,3,0,6,1,0,1,0,0,0,0,0,8.809861179000052,53.07938257300003,Mitte,Altstadt,2020-7
2020-08-01,11,2020,8,2,19,3,0,7,1,0,0,0,0,0,0,1,8.801139387000035,53.06867359600005,Neustadt,Alte Neustadt,2020-8
2020-07-01,11,2020,7,4,7,3,5,2,1,1,0,0,0,0,0,0,8.778797312000052,53.06464533000008,Neustadt,Neuenland,2020-7
2020-08-01,12,2020,8,2,10,3,5,3,1,1,0,0,0,0,0,0,8.601856230000067,53.52977139300003,Geestemünde,Bürgerpark (BHV),2020-8
2020-07-01,11,2020,7,4,12,3,1,7,1,1,0,0,0,0,0,0,8.813143233000062,53.058381033000046,Neustadt,Huckelriede,2020-7
2020-07-01,12,2020,7,6,11,3,5,2,1,1,0,0,0,0,0,0,8.599927743000023,53.52944751900003,Geestemünde,Geestendorf,2020-7
2020-08-01,11,2020,8,2,17,3,5,2,1,1,0,0,0,0,0,1,8.791487133000032,53.06500883400008,Neustadt,Neustadt,2020-8
2020-07-01,11,2020,7,6,21,3,0,7,1,0,0,0,0,0,1,0,8.804194131000031,53.11376411500004,Walle,Hohweg,2020-7
2020-08-01,11,2020,8,4,20,3,5,3,1,1,0,0,0,0,1,0,8.79678105000005,53.06697204100004,Neustadt,Südervorstadt,2020-8
2020-08-01,11,2020,8,6,15,3,1,6,1,1,0,0,0,0,0,0,8.802589283000032,53.07040752400008,Neustadt,Alte Neustadt,2020-8
2020-07-01,12,2020,7,5,11,3,5,3,1,1,0,0,0,0,0,0,8.603291931000058,53.57400731200005,Lehe (BHV),Schierholz,2020-7
2020-08-01,11,2020,8,1,17,3,0,7,1,0,0,0,0,1,0,0,8.78779410900006,53.09920108200004,Walle,Westend,2020-8
2020-08-01,12,2020,8,1,15,3,8,1,1,0,0,0,0,0,0,0,8.603218044000073,53.52347652800006,Geestemünde,Grünhöfe,2020-8
2020-07-01,11,2020,7,5,18,3,0,6,1,0,0,0,0,0,0,0,8.802927354000076,53.06715668000004,Neustadt,Buntentor,2020-7
2020-08-01,11,2020,8,4,17,2,0,7,1,0,0,0,0,0,0,0,8.809717569000043,53.08069126400005,Mitte,Bahnhofsvorstadt,2020-8
2020-07-01,11,2020,7,5,11,3,0,1,1,0,0,0,0,0,0,0,8.803537711000047,53.075261615000045,Mitte,Altstadt,2020-7
2020-08-01,11,2020,8,6,18,3,5,2,1,1,0,0,0,0,0,0,8.891989823000074,53.04794871300004,Hemelingen,Hemelingen,2020-8
2020-08-01,11,2020,8,5,14,3,5,3,1,1,0,0,0,0,0,0,8.941668413000059,53.06035998000005,Osterholz,Ellenerbrok-Schevemoor,2020-8
2020-07-01,11,2020,7,5,13,3,0,7,1,0,0,0,0,0,0,0,8.577448736000065,53.182729607000056,Blumenthal,Blumenthal,2020-7
2020-08-01,12,2020,8,7,13,3,8,1,1,0,0,0,0,0,0,0,8.58819451100004,53.53599058900005,Geestemünde,Geestemünde-Nord,2020-8
2020-07-01,11,2020,7,5,14,3,5,3,1,1,0,0,0,0,0,0,8.794894388000046,53.093935775000034,Walle,Westend,2020-7
2020-07-01,11,2020,7,4,8,3,3,6,1,0,0,0,0,0,0,0,8.785485805000064,53.09584629600005,Walle,Westend,2020-7
2020-08-01,11,2020,8,5,13,3,5,3,1,1,0,0,0,0,0,0,8.87342890900004,53.06699621900003,Hemelingen,Hastedt,2020-8
2020-08-01,11,2020,8,5,11,3,3,2,1,1,0,0,0,0,0,0,8.880172457000072,53.07169055300005,Vahr,Gartenstadt Vahr,2020-8
2020-07-01,11,2020,7,4,12,3,5,3,1,1,0,0,0,0,0,0,8.852613278000035,53.04759731100006,Obervieland,Habenhausen,2020-7
2020-07-01,11,2020,7,4,20,3,6,1,1,0,1,0,0,0,0,0,8.755925670000067,53.10021673000006,Walle,Überseestadt,2020-7
2020-08-01,11,2020,8,2,10,3,0,6,1,0,0,0,0,1,0,1,8.74936622000007,53.12063226500004,Häfen,Industriehäfen,2020-8
2020-08-01,12,2020,8,6,13,3,0,7,1,0,0,0,1,0,0,1,8.63272025200007,53.51705046100005,Surheide,Surheide,2020-8
2020-07-01,12,2020,7,2,12,3,3,6,1,0,0,0,0,0,0,1,8.59697144300003,53.52241074400007,Geestemünde,Geestemünde-Süd,2020-7
2020-08-01,11,2020,8,3,17,3,5,3,1,1,0,0,0,0,0,0,8.809228131000054,53.07879108900005,Mitte,Altstadt,2020-8
2020-07-01,12,2020,7,2,11,3,5,3,1,1,0,0,0,0,0,1,8.580552530000034,53.54407444700007,Mitte (BHV),Mitte-Süd,2020-7
2020-07-01,11,2020,7,4,8,3,5,3,1,1,0,0,0,0,0,0,8.955058018000045,53.05757982200004,Osterholz,Osterholz,2020-7
2020-08-01,11,2020,8,4,14,3,6,3,1,0,1,0,0,0,0,0,8.753167696000048,53.11450365900004,Gröpelingen,Lindenhof,2020-8
2020-07-01,11,2020,7,2,12,3,6,4,1,0,1,0,0,0,0,0,8.805284614000072,53.07795252500006,Mitte,Altstadt,2020-7
2020-07-01,12,2020,7,3,15,3,0,7,1,0,0,0,0,0,0,1,8.601126987000043,53.51655414600003,Geestemünde,Grünhöfe,2020-7
2020-08-01,11,2020,8,3,15,3,1,5,1,1,0,0,0,0,0,0,8.857092266000052,53.04247735800004,Obervieland,Habenhausen,2020-8
2020-07-01,12,2020,7,3,15,3,0,7,1,0,0,0,0,0,0,1,8.601169423000044,53.51656155800004,Geestemünde,Grünhöfe,2020-7
2020-08-01,11,2020,8,5,14,3,6,4,1,1,1,0,0,0,0,0,8.806881765000071,53.08202611100006,Mitte,Bahnhofsvorstadt,2020-8
2020-07-01,12,2020,7,3,15,3,0,6,1,0,0,0,0,0,0,1,8.601028524000071,53.51653694500004,Geestemünde,Grünhöfe,2020-7
2020-07-01,12,2020,7,3,11,3,0,7,1,0,0,0,0,0,0,1,8.598505000000046,53.53612008300007,Geestemünde,Geestendorf,2020-7
2020-08-01,12,2020,8,6,11,2,5,3,1,1,0,0,0,0,0,0,8.607232704000069,53.58598575600007,Leherheide,Leherheide-West,2020-8
2020-07-01,11,2020,7,3,21,3,5,3,1,1,0,0,0,0,1,0,8.788803033000022,53.06647398500007,Neustadt,Neustadt,2020-7
2020-07-01,11,2020,7,2,23,3,0,1,1,0,0,0,0,0,2,1,8.82127007400004,53.07275952700007,Mitte,Ostertor,2020-7
2020-08-01,11,2020,8,2,16,3,0,1,1,0,0,0,0,0,0,1,8.74275293200003,53.13152996200006,Gröpelingen,Oslebshausen,2020-8
2020-08-01,11,2020,8,3,17,3,0,7,1,0,0,0,0,1,0,0,8.787764894000077,53.09923573600008,Walle,Westend,2020-8
2020-07-01,11,2020,7,2,17,2,5,2,1,1,0,0,0,0,0,0,8.886038136000025,53.08600819000003,Vahr,Neue Vahr Nord,2020-7
2020-08-01,11,2020,8,7,14,3,0,7,1,0,0,0,0,0,0,0,8.569312012000069,53.18190396500006,Blumenthal,Blumenthal,2020-8
2020-08-01,11,2020,8,6,14,2,6,7,1,0,1,0,0,0,0,0,8.874027832000024,53.08209173700004,Vahr,Gartenstadt Vahr,2020-8
2020-07-01,11,2020,7,3,7,3,5,3,1,0,0,0,0,1,0,0,8.59427585800006,53.17906001200004,Vegesack,Fähr-Lobbendorf,2020-7
2020-08-01,11,2020,8,1,1,3,4,6,1,0,0,0,0,0,2,0,8.807478642000035,53.072912863000056,Mitte,Altstadt,2020-8
2020-07-01,11,2020,7,3,15,3,5,3,1,1,0,0,0,0,0,1,8.825091584000063,53.084193955000046,Schwachhausen,Barkhof,2020-7
2020-07-01,11,2020,7,3,15,3,0,7,1,0,0,0,0,1,0,1,8.954072322000059,53.06652413000006,Osterholz,Tenever,2020-7
2020-08-01,11,2020,8,4,22,2,0,7,1,0,0,0,0,0,2,0,8.807086578000053,53.06466536700003,Neustadt,Buntentor,2020-8
2020-07-01,12,2020,7,2,16,3,5,3,1,1,0,0,0,0,0,0,8.590800227000045,53.54078266100004,Geestemünde,Geestemünde-Nord,2020-7
2020-08-01,11,2020,8,4,15,3,5,2,1,1,0,0,0,0,0,0,8.854482783000037,53.06700427700008,Hemelingen,Hastedt,2020-8
2020-08-01,11,2020,8,6,14,3,3,2,1,1,0,0,0,0,0,0,8.875203001000045,53.08243244600004,Schwachhausen,Radio Bremen,2020-8
2020-07-01,11,2020,7,2,13,3,6,4,1,0,0,0,0,1,0,0,8.726601354000024,53.12931754500005,Häfen,Industriehäfen,2020-7
2020-08-01,11,2020,8,5,21,3,5,3,1,1,0,0,0,0,2,0,8.736892703000024,53.07978295800007,Häfen,Neustädter Hafen,2020-8
2020-07-01,12,2020,7,2,12,3,5,3,1,1,0,0,0,0,0,0,8.586540169000045,53.53787499900005,Geestemünde,Geestemünde-Nord,2020-7
2020-07-01,11,2020,7,2,15,3,3,2,1,1,0,0,0,0,0,0,8.696365299000036,53.168607361000056,Burglesum,Lesum,2020-7
2020-08-01,11,2020,8,6,9,3,5,3,1,1,0,0,0,0,0,0,8.876128035000022,53.08153612000007,Vahr,Gartenstadt Vahr,2020-8
2020-07-01,11,2020,7,2,16,2,1,5,1,1,0,0,0,0,0,0,8.79591501300007,53.06513262600004,Neustadt,Südervorstadt,2020-7
2020-08-01,11,2020,8,3,14,3,4,6,1,0,0,0,0,0,0,0,8.788772403000053,53.10344193500004,Walle,Osterfeuerberg,2020-8
2020-07-01,11,2020,7,2,16,2,5,3,1,0,0,1,0,0,0,0,8.866658402000041,53.06222544800005,Hemelingen,Hastedt,2020-7
2020-08-01,11,2020,8,4,10,3,0,5,1,0,0,0,0,1,0,0,8.799720704000038,53.094768087000034,Findorff,Regensburger Str.,2020-8
2020-07-01,11,2020,7,2,16,3,5,3,1,1,0,0,0,0,0,0,8.785649951000039,53.10186397300004,Walle,Walle,2020-7
2020-09-01,11,2020,9,4,11,3,0,2,1,0,0,0,1,0,0,0,8.64780799500005,53.17148748300008,Vegesack,Grohn,2020-9
2020-09-01,12,2020,9,6,17,3,6,7,1,0,1,0,0,0,0,0,8.580232976000048,53.55557078000004,Lehe (BHV),Goethestrasse,2020-9
2020-09-01,11,2020,9,3,11,3,5,2,1,1,0,0,0,0,0,0,8.901106803000062,53.08934698400003,Oberneuland,Unbekannt,2020-9
2020-09-01,11,2020,9,3,15,3,5,3,1,1,0,0,0,0,0,0,8.89994802700005,53.05933015600005,Hemelingen,Sebaldsbrück,2020-9
2020-09-01,11,2020,9,5,16,3,3,2,1,1,0,0,0,0,0,0,8.959378308000055,53.04718662000005,Osterholz,Osterholz,2020-9