Datetime,UKREIS,UJAHR,UMONAT,UWOCHENTAG,USTUNDE,UKATEGORIE,UART,UTYP1,IstRad,IstPKW,IstFuss,IstKrad,IstGkfz,IstSonstig,ULICHTVERH,STRZUSTAND,longitude,latitude,Stadtteil,Ortsteil,Datetime
2020-09-01,11,2020,9,6,15,3,4,6,1,1,0,0,0,0,0,0,8.755127455000036,53.11990164400004,Gröpelingen,Ohlenhof,2020-9
2020-10-01,12,2020,10,4,14,3,8,1,1,0,0,0,0,0,0,1,8.549170935000063,53.58059967700007,Häfen (BHV),Stadtbremisches Überseehafengebiet Bremerhaven,2020-10
2020-10-01,11,2020,10,6,7,3,5,2,1,1,0,0,0,0,0,1,8.759736390000057,53.12428138000007,Gröpelingen,Ohlenhof,2020-10
2020-08-01,11,2020,8,2,15,3,0,7,1,0,0,0,0,0,0,0,8.832773444000054,53.07746947500004,Östliche Vorstadt,Fesenfeld,2020-8
2020-09-01,11,2020,9,5,14,2,3,7,1,0,0,0,0,0,0,0,8.757580422000046,53.08222842500004,Woltmershausen,Woltmershausen,2020-9
2020-08-01,11,2020,8,2,17,3,6,4,1,0,1,0,0,0,0,0,8.801894940000068,53.07927075100008,Mitte,Altstadt,2020-8
2020-10-01,11,2020,10,6,9,3,5,3,1,1,0,0,0,0,0,0,8.560569111000063,53.20169026100007,Blumenthal,Lüssum-Bockhorn,2020-10
2020-10-01,11,2020,10,5,11,2,5,3,1,0,0,0,0,0,0,0,8.740746201000036,53.04698406400007,Huchting,Kirchhuchting,2020-10
2020-08-01,11,2020,8,2,19,2,5,3,1,1,0,0,0,0,1,0,8.851441688000023,53.06339306700005,Östliche Vorstadt,Peterswerder,2020-8
2020-09-01,11,2020,9,3,13,3,1,5,1,1,0,0,0,0,0,0,8.810666444000049,53.08085163700008,Mitte,Bahnhofsvorstadt,2020-9
2020-10-01,11,2020,10,3,8,3,0,7,1,0,0,0,0,0,0,0,8.899178318000054,53.07619755200005,Vahr,Neue Vahr Südost,2020-10
2020-09-01,11,2020,9,1,4,3,3,6,1,0,0,0,0,1,2,0,8.717923775000031,53.05660646500007,Huchting,Mittelshuchting,2020-9
2020-09-01,12,2020,9,5,20,3,5,3,1,1,0,0,0,0,2,0,8.598350469000025,53.487244909000026,Fischereihafen,Fischereihafen,2020-9
2020-10-01,11,2020,10,3,16,3,5,2,1,1,0,0,0,0,0,1,8.793733905000067,53.06635940500007,Neustadt,Südervorstadt,2020-10
2020-10-01,11,2020,10,5,16,3,5,7,1,1,0,0,0,0,0,0,8.75167493400005,53.16395986400005,Unbekannt,Blockland,2020-10
2020-09-01,11,2020,9,6,17,3,1,3,1,1,0,0,0,0,0,0,8.815867852000054,53.08111435200004,Mitte,Bahnhofsvorstadt,2020-9
2020-09-01,12,2020,9,2,16,3,5,3,1,1,0,0,0,0,0,0,8.591796341000077,53.58054402300007,Lehe (BHV),Eckernfeld,2020-9
2020-10-01,11,2020,10,2,10,3,5,2,1,1,0,0,0,0,0,0,8.677834321000034,53.16899306200003,Burglesum,Lesum,2020-10
2020-10-01,11,2020,10,2,20,3,1,5,1,1,0,0,0,0,2,0,8.857112633000042,53.08264922600006,Schwachhausen,Radio Bremen,2020-10
2020-09-01,12,2020,9,6,7,3,5,3,1,1,0,0,0,0,0,1,8.607594121000034,53.53525374800006,Geestemünde,Bürgerpark (BHV),2020-9
2020-09-01,11,2020,9,4,8,2,5,3,1,1,0,0,0,0,0,0,8.777108304000024,53.10661124200004,Walle,Walle,2020-9
2020-10-01,11,2020,10,7,17,3,5,3,1,1,0,0,0,0,1,0,8.949750785000049,53.06418830400003,Osterholz,Tenever,2020-10
2020-09-01,11,2020,9,3,13,3,5,3,1,1,0,0,0,0,0,0,8.766848770000024,53.071260636000034,Woltmershausen,Woltmershausen,2020-9
2020-10-01,11,2020,10,2,7,3,0,3,1,1,0,0,0,0,0,1,8.87474787800005,53.10125540900003,Horn-Lehe,Lehe,2020-10
2020-09-01,11,2020,9,5,17,3,5,3,1,1,0,0,0,0,0,0,8.716612263000059,53.05651761100006,Huchting,Mittelshuchting,2020-9
2020-10-01,11,2020,10,2,16,3,5,2,1,1,0,0,0,0,0,0,8.78537387700004,53.10243670900008,Walle,Walle,2020-10
2020-10-01,11,2020,10,5,21,3,0,1,1,0,0,0,0,0,2,1,8.818272769000032,53.095521620000056,Findorff,Weidedamm,2020-10
2020-09-01,11,2020,9,3,17,3,5,3,1,0,0,0,0,1,0,0,8.82513254500003,53.08436527100008,Schwachhausen,Bürgerpark,2020-9
2020-10-01,11,2020,10,2,2,3,5,3,1,1,0,0,0,0,2,0,8.833541223000054,53.07062252900005,Östliche Vorstadt,Peterswerder,2020-10
2020-09-01,11,2020,9,6,10,2,4,2,1,1,0,0,0,0,0,0,8.878554999000073,53.078952988000026,Vahr,Gartenstadt Vahr,2020-9
2020-10-01,11,2020,10,1,15,2,3,6,1,0,0,0,0,0,0,0,8.78769765900006,53.06575317000005,Neustadt,Neustadt,2020-10
2020-10-01,11,2020,10,6,18,3,4,6,1,1,0,0,0,0,1,0,8.85724422100003,53.13705124500007,Unbekannt,Blockland,2020-10
2020-09-01,11,2020,9,4,8,2,5,2,1,1,0,0,0,0,0,0,8.825131115000033,53.08448726600005,Schwachhausen,Bürgerpark,2020-9
2020-09-01,11,2020,9,2,18,3,0,7,1,0,0,0,0,0,0,0,8.819203404000064,53.04452101900006,Obervieland,Kattenturm,2020-9
2020-10-01,12,2020,10,7,11,3,5,3,1,1,0,0,0,0,0,0,8.611135801000046,53.58844117000007,Leherheide,Leherheide-West,2020-10
2020-11-01,12,2020,11,4,8,2,3,6,1,1,0,0,0,0,0,0,8.57857399900007,53.56063496100006,Lehe (BHV),Goethestrasse,2020-11
2020-11-01,12,2020,11,4,12,3,0,7,1,0,0,0,0,0,0,0,8.598449428000038,53.505839267000056,Wulsdorf,Dreibergen,2020-11
2020-12-01,11,2020,12,7,16,3,2,6,1,0,0,0,0,0,1,0,8.785202913000035,53.102312985000026,Walle,Walle,2020-12
2020-10-01,11,2020,10,7,23,3,6,7,1,0,1,0,0,0,2,1,8.841174394000063,53.09574615700007,Schwachhausen,Neu-Schwachhausen,2020-10
2020-11-01,11,2020,11,4,15,3,5,2,1,1,0,0,0,0,0,0,8.95044979000005,53.05793393900007,Osterholz,Osterholz,2020-11
2020-11-01,11,2020,11,4,17,3,3,2,1,1,0,0,0,0,2,0,8.919938944000023,53.05958313700006,Osterholz,Osterholz,2020-11
2020-10-01,11,2020,10,7,11,3,6,4,1,0,1,0,0,0,0,0,8.883085669000025,53.07410637500004,Vahr,Gartenstadt Vahr,2020-10
2020-12-01,11,2020,12,3,6,3,0,7,1,0,0,0,0,0,2,0,8.884348844000044,53.07188835100004,Vahr,Gartenstadt Vahr,2020-12
2020-11-01,11,2020,11,4,8,3,4,6,1,1,0,0,0,1,0,0,8.893415566000044,53.11047370800003,Horn-Lehe,Lehesterdeich,2020-11
2020-12-01,11,2020,12,6,13,3,5,3,1,1,0,0,0,0,0,0,8.817668927000057,53.07848884500004,Mitte,Ostertor,2020-12
2020-11-01,12,2020,11,3,14,1,5,2,1,0,0,0,1,0,0,0,8.602817174000052,53.48733432100005,Fischereihafen,Fischereihafen,2020-11
2020-11-01,11,2020,11,3,14,3,3,6,1,0,0,0,0,0,0,0,8.858190369000056,53.136275829000056,Unbekannt,Blockland,2020-11
2020-11-01,11,2020,11,3,16,3,5,2,1,0,0,0,0,1,0,0,8.801814427000068,53.067810517000055,Neustadt,Südervorstadt,2020-11
2020-12-01,11,2020,12,3,12,2,0,1,1,0,0,0,0,0,0,1,8.630328488000032,53.15650516000005,Burglesum,Werderland,2020-12
2020-11-01,11,2020,11,3,14,3,2,6,1,0,0,0,0,0,0,0,8.88791264100007,53.10913232000007,Horn-Lehe,Lehesterdeich,2020-11
2020-12-01,11,2020,12,3,9,3,5,3,1,1,0,0,0,0,1,1,8.873649509000074,53.079012257000045,Vahr,Gartenstadt Vahr,2020-12
2020-12-01,11,2020,12,5,9,3,5,3,1,0,0,1,0,0,0,1,8.856239215000073,53.08890613500006,Schwachhausen,Riensberg,2020-12
2020-11-01,11,2020,11,3,7,3,5,3,1,1,0,0,0,0,0,1,8.88923466500006,53.08635428000008,Vahr,Neue Vahr Nord,2020-11
2020-12-01,11,2020,12,3,20,3,5,3,1,1,0,0,0,0,2,1,8.817797988000052,53.083544560000064,Schwachhausen,Barkhof,2020-12
2020-11-01,11,2020,11,3,14,3,5,3,1,1,0,0,0,0,0,0,8.899281444000053,53.04281322800006,Hemelingen,Hemelingen,2020-11
2020-12-01,11,2020,12,6,13,3,5,2,1,1,0,0,0,0,0,0,8.914080055000056,53.06823841500005,Hemelingen,Sebaldsbrück,2020-12
2020-11-01,11,2020,11,3,14,3,1,5,1,1,0,0,0,0,0,0,8.57237531800007,53.19756441700008,Blumenthal,Lüssum-Bockhorn,2020-11
2020-12-01,11,2020,12,2,21,2,5,3,1,1,0,0,0,0,2,0,8.887900240000022,53.06677208800005,Hemelingen,Sebaldsbrück,2020-12
2020-10-01,12,2020,10,6,15,3,2,6,1,1,0,0,0,0,0,1,8.596964645000071,53.505234597000026,Wulsdorf,Dreibergen,2020-10
2020-11-01,11,2020,11,6,15,3,5,3,1,1,0,0,0,0,0,0,8.853475455000023,53.09352771300007,Schwachhausen,Riensberg,2020-11
2020-12-01,11,2020,12,3,14,3,4,6,1,1,0,0,0,0,0,1,8.86257800900006,53.099323696000056,Horn-Lehe,Lehe,2020-12
2020-12-01,11,2020,12,2,17,3,5,2,1,1,0,0,0,0,2,1,8.81952274200006,53.08055385100005,Mitte,Bahnhofsvorstadt,2020-12
2020-12-01,12,2020,12,3,13,3,5,3,1,1,0,0,0,0,0,0,8.572450092000054,53.56043152600006,Mitte (BHV),Mitte-Nord,2020-12
2020-10-01,11,2020,10,6,14,3,5,3,1,1,0,0,0,0,0,1,8.79279976500004,53.06908985100006,Neustadt,Neustadt,2020-10
2020-11-01,11,2020,11,2,16,3,5,3,1,1,0,0,0,0,1,0,8.90261070200006,53.12673453300005,Unbekannt,Borgfeld,2020-11
2020-12-01,11,2020,12,2,7,3,5,2,1,1,0,0,0,0,0,0,8.872885929000063,53.09133656900008,Horn-Lehe,Horn,2020-12
2020-12-01,11,2020,12,5,15,3,5,2,1,1,0,0,0,0,0,0,8.890125156000067,53.08425459200004,Vahr,Neue Vahr Nord,2020-12
2020-11-01,11,2020,11,2,9,2,0,7,1,0,0,0,0,0,0,0,8.783936168000025,53.07573234600005,Woltmershausen,Woltmershausen,2020-11
2020-12-01,11,2020,12,7,13,3,5,3,1,1,0,0,0,0,0,1,8.752174297000067,53.11278764800005,Gröpelingen,Lindenhof,2020-12
2020-11-01,11,2020,11,6,13,3,5,3,1,1,0,0,0,0,0,0,8.736718794000069,53.133665964000045,Gröpelingen,Oslebshausen,2020-11
2020-12-01,11,2020,12,6,9,3,0,1,1,0,0,0,0,0,0,1,8.61802128200003,53.17457736400007,Vegesack,Vegesack,2020-12
2020-11-01,12,2020,11,1,16,3,0,7,1,0,0,0,0,0,1,0,8.551458385000046,53.579706703000056,Häfen (BHV),Stadtbremisches Überseehafengebiet Bremerhaven,2020-11
2020-12-01,11,2020,12,6,10,3,0,7,1,0,0,0,0,0,0,0,8.893156397000041,53.11447197800004,Horn-Lehe,Lehesterdeich,2020-12
2020-12-01,11,2020,12,5,10,2,0,7,1,0,0,0,0,0,0,1,8.823235856000053,53.07632763500004,Mitte,Ostertor,2020-12
2020-11-01,11,2020,11,7,23,2,0,7,1,0,0,0,0,0,2,1,8.847903288000055,53.08673613700006,Schwachhausen,Riensberg,2020-11
2020-11-01,11,2020,11,7,12,2,0,7,1,0,0,0,0,0,0,1,8.809089309000058,53.08327192200005,Mitte,Bahnhofsvorstadt,2020-11
2020-12-01,11,2020,12,5,13,3,3,2,1,1,0,0,0,0,0,0,8.782186376000027,53.06680404400004,Neustadt,Neuenland,2020-12
2020-12-01,11,2020,12,4,17,3,5,3,1,1,0,0,0,0,2,1,8.81219225500007,53.08977068000007,Findorff,Findorff-Bürgerweide,2020-12
2020-10-01,11,2020,10,6,13,3,2,6,1,0,0,0,0,0,0,1,8.786211877000028,53.10306303600004,Walle,Walle,2020-10
2020-11-01,11,2020,11,6,14,3,5,2,1,1,0,0,0,0,0,1,8.93514366200003,53.05875462000006,Osterholz,Osterholz,2020-11
2020-11-01,11,2020,11,6,15,3,5,3,1,1,0,0,0,0,0,0,8.824888135000037,53.08464467400006,Schwachhausen,Bürgerpark,2020-11
2020-11-01,11,2020,11,6,9,3,5,3,1,1,0,0,0,0,0,0,8.769569889000024,53.11314014300007,Gröpelingen,Gröpelingen,2020-11
2020-12-01,11,2020,12,3,8,3,0,1,1,0,0,0,0,0,0,1,8.776314371000069,53.10461285300005,Walle,Walle,2020-12
2020-10-01,11,2020,10,6,14,3,4,7,1,1,0,0,0,0,0,1,8.755490063000025,53.12023677600007,Gröpelingen,Ohlenhof,2020-10
2020-11-01,11,2020,11,6,12,3,5,2,1,1,0,0,0,0,0,1,8.847899040000073,53.05054101500008,Obervieland,Habenhausen,2020-11
2020-11-01,12,2020,11,5,6,3,6,7,1,0,1,0,0,0,2,1,8.623169486000052,53.59104271600006,Leherheide,Leherheide-West,2020-11
2020-11-01,11,2020,11,5,12,3,0,3,1,1,0,0,0,1,0,1,8.83792064100004,53.07186929300008,Östliche Vorstadt,Peterswerder,2020-11
2020-12-01,11,2020,12,2,14,2,0,7,1,1,0,0,0,0,0,0,8.60702370100006,53.17622703200004,Vegesack,Fähr-Lobbendorf,2020-12
2020-12-01,11,2020,12,2,15,3,5,3,1,1,0,0,0,0,2,1,8.880669365000074,53.10167745400008,Horn-Lehe,Lehe,2020-12
2020-12-01,11,2020,12,5,10,3,5,3,1,1,0,0,0,0,0,0,8.79975644700005,53.07048181000005,Neustadt,Alte Neustadt,2020-12
2020-11-01,11,2020,11,4,10,3,5,3,1,1,0,0,0,0,0,0,8.68840401600005,53.16967331100005,Burglesum,Lesum,2020-11
2020-12-01,11,2020,12,7,18,3,4,2,1,1,0,0,0,0,2,1,8.796999142000061,53.076438722000034,Neustadt,Alte Neustadt,2020-12
2020-11-01,11,2020,11,5,18,3,5,3,1,1,0,0,0,0,2,0,8.89322954100004,53.04714236700005,Hemelingen,Hemelingen,2020-11
2020-11-01,11,2020,11,4,15,3,3,2,1,1,0,0,0,0,0,0,8.843078930000047,53.055550700000026,Obervieland,Habenhausen,2020-11
2020-11-01,11,2020,11,3,12,3,5,3,1,0,0,0,0,1,0,1,8.807564226000068,53.099700994000045,Findorff,Weidedamm,2020-11
2020-11-01,11,2020,11,3,5,3,6,6,1,0,1,0,0,0,2,1,8.887777923000044,53.07154244900005,Hemelingen,Sebaldsbrück,2020-11
2020-12-01,11,2020,12,7,13,3,6,7,1,0,1,0,0,0,0,0,8.803113962000054,53.06975945600004,Neustadt,Alte Neustadt,2020-12
2020-11-01,11,2020,11,5,7,3,8,1,1,0,0,0,0,0,1,0,8.910608646000071,53.09612776300003,Oberneuland,Unbekannt,2020-11
2020-11-01,11,2020,11,3,14,2,5,3,1,1,0,0,0,0,0,1,8.732396383000037,53.05828949600004,Huchting,Mittelshuchting,2020-11
2020-12-01,11,2020,12,3,13,3,0,7,1,1,0,0,0,0,0,1,8.821958782000024,53.07282332700004,Mitte,Ostertor,2020-12
2020-11-01,11,2020,11,3,12,3,5,3,1,1,0,0,0,0,0,1,8.882065003000037,53.10672526100007,Horn-Lehe,Lehesterdeich,2020-11
2020-12-01,11,2020,12,4,16,3,5,2,1,0,0,0,1,0,1,0,8.78401337400004,53.07568006200006,Woltmershausen,Woltmershausen,2020-12
2020-11-01,11,2020,11,3,18,3,0,7,1,0,0,0,0,0,2,0,8.844713113000068,53.076640016000056,Östliche Vorstadt,Hulsberg,2020-11
2020-11-01,11,2020,11,3,14,3,5,3,1,1,0,0,0,0,0,1,8.827366961000052,53.07983425700007,Schwachhausen,Barkhof,2020-11
2020-11-01,11,2020,11,3,14,3,5,2,1,1,0,0,0,0,0,1,8.875258710000026,53.08230765500008,Schwachhausen,Radio Bremen,2020-11
2020-12-01,11,2020,12,3,10,3,1,5,1,1,0,0,0,0,0,1,8.830323804000045,53.07162267500007,Östliche Vorstadt,Steintor,2020-12
2020-11-01,11,2020,11,2,8,2,0,7,1,0,0,0,0,0,0,0,8.807333623000034,53.07416914000004,Mitte,Altstadt,2020-11
2020-12-01,12,2020,12,6,11,3,5,2,1,0,0,0,1,0,0,0,8.608823739000059,53.59076824500005,Leherheide,Königsheide,2020-12
2020-11-01,11,2020,11,6,15,3,5,3,1,1,0,0,0,0,0,0,8.765218448000041,53.12728042400005,Gröpelingen,In den Wischen,2020-11
2020-10-01,11,2020,10,5,16,3,5,3,1,1,0,0,0,0,0,0,8.73606176800007,53.04468683800008,Huchting,Kirchhuchting,2020-10
2020-12-01,11,2020,12,3,8,3,5,3,1,1,0,0,0,0,1,1,8.84031879500003,53.081501005000064,Schwachhausen,Gete,2020-12
2020-12-01,11,2020,12,5,18,2,0,7,1,0,0,0,0,0,2,1,8.579124170000057,53.18331180100006,Blumenthal,Blumenthal,2020-12
2020-10-01,11,2020,10,5,10,3,0,7,1,0,0,0,0,0,0,1,8.864134618000037,53.09435334100005,Horn-Lehe,Horn,2020-10
2020-11-01,11,2020,11,6,15,3,4,7,1,0,0,0,0,0,0,1,8.850197605000062,53.026153660000034,Obervieland,Arsten,2020-11
2020-11-01,11,2020,11,2,11,3,5,3,1,1,0,0,0,0,0,1,8.892092866000041,53.04797132700003,Hemelingen,Hemelingen,2020-11
2020-11-01,11,2020,11,6,9,3,1,7,1,1,0,0,0,0,0,0,8.798019198000077,53.06382873700005,Neustadt,Gartenstadt Süd,2020-11
2020-11-01,11,2020,11,6,18,3,4,3,1,0,0,0,0,1,2,1,8.844197757000074,53.07549602100005,Östliche Vorstadt,Hulsberg,2020-11
2020-11-01,11,2020,11,6,8,2,5,3,1,1,0,0,0,0,0,0,8.886633913000026,53.07918298000004,Vahr,Neue Vahr Südwest,2020-11
2020-12-01,11,2020,12,2,8,3,5,3,1,1,0,0,0,0,1,1,8.87010131900007,53.08067719900004,Vahr,Gartenstadt Vahr,2020-12
2020-12-01,11,2020,12,3,7,3,5,3,1,1,0,0,0,0,1,1,8.964151043000072,53.06231653200007,Osterholz,Tenever,2020-12
2020-10-01,11,2020,10,5,8,3,2,7,1,1,0,0,0,0,0,1,8.817053963000035,53.078797304000034,Mitte,Bahnhofsvorstadt,2020-10
2020-12-01,11,2020,12,4,15,3,0,7,1,1,0,0,0,0,0,0,8.838819338000064,53.08046588500008,Schwachhausen,Gete,2020-12
2020-12-01,11,2020,12,2,7,3,5,3,1,1,0,0,0,0,1,0,8.823669284000061,53.07797771700007,Mitte,Ostertor,2020-12
2020-11-01,11,2020,11,5,16,3,5,3,1,1,0,0,0,0,1,1,8.929521398000077,53.05907322300004,Osterholz,Osterholz,2020-11
2020-12-01,11,2020,12,5,8,2,0,1,1,0,0,0,0,0,1,1,8.793346507000024,53.08870488600007,Walle,Utbremen,2020-12
2020-11-01,11,2020,11,5,16,3,4,6,1,1,0,0,0,0,1,1,8.864457901000037,53.09942976600007,Horn-Lehe,Lehe,2020-11
2020-10-01,11,2020,10,5,11,3,0,1,1,0,0,0,0,0,0,0,8.879817982000077,53.10160442800003,Horn-Lehe,Lehe,2020-10
2020-12-01,11,2020,12,6,12,3,3,6,1,1,0,0,0,0,0,0,8.823034516000064,53.02712427500006,Obervieland,Kattenesch,2020-12
2020-11-01,12,2020,11,4,21,3,5,3,1,1,0,0,0,0,2,1,8.598889463000035,53.57332311700003,Lehe (BHV),Eckernfeld,2020-11
2020-11-01,11,2020,11,1,16,3,5,3,1,1,0,0,0,0,2,0,8.711028057000021,53.14316943100005,Burglesum,Burg-Grambke,2020-11
2020-11-01,11,2020,11,4,11,3,1,5,1,1,0,0,0,0,0,1,8.83792072700004,53.07675120500005,Östliche Vorstadt,Hulsberg,2020-11
2020-11-01,11,2020,11,4,6,3,0,3,1,1,0,0,0,0,2,1,8.846923631000038,53.04830382000006,Obervieland,Habenhausen,2020-11
2020-11-01,11,2020,11,4,11,2,0,7,1,0,0,0,0,0,0,1,8.77403380800007,53.09971481400004,Walle,Überseestadt,2020-11
2020-11-01,11,2020,11,4,12,3,0,1,1,0,0,0,0,0,0,1,8.834780842000043,53.07039052700003,Östliche Vorstadt,Peterswerder,2020-11
2020-12-01,11,2020,12,6,11,2,4,2,1,1,0,0,0,0,0,1,8.625126753000075,53.17965702300006,Vegesack,Vegesack,2020-12
2020-11-01,12,2020,11,3,11,2,0,7,1,0,0,0,0,0,0,0,8.59351539000005,53.57330575300006,Lehe (BHV),Eckernfeld,2020-11
2020-12-01,11,2020,12,6,13,3,8,1,1,0,0,0,0,0,0,0,8.771570815000075,53.078177218000064,Woltmershausen,Woltmershausen,2020-12
2020-10-01,11,2020,10,5,11,3,5,3,1,1,0,0,0,0,0,0,8.79748106900007,53.08059294500004,Mitte,Altstadt,2020-10
2020-11-01,11,2020,11,3,7,3,1,7,1,1,0,0,0,0,1,0,8.824708380000061,53.08412427000008,Schwachhausen,Barkhof,2020-11
2020-10-01,11,2020,10,5,18,3,2,7,1,1,0,0,0,0,2,1,8.799588122000046,53.09462174800007,Findorff,Regensburger Str.,2020-10
2020-11-01,11,2020,11,3,7,3,2,6,1,0,0,1,0,0,0,0,8.624434390000033,53.17716715200004,Vegesack,Vegesack,2020-11
2020-10-01,11,2020,10,5,8,3,0,7,1,0,0,0,0,0,0,1,8.836208437000039,53.091051494000055,Schwachhausen,Neu-Schwachhausen,2020-10
2020-12-01,11,2020,12,5,8,3,3,2,1,0,0,0,1,0,0,1,8.837396541000032,53.03784014700005,Obervieland,Arsten,2020-12
2020-11-01,11,2020,11,3,9,2,5,2,1,1,0,0,0,0,0,0,8.881506265000041,53.09698512700004,Horn-Lehe,Horn,2020-11
2020-12-01,11,2020,12,3,18,3,5,3,1,1,0,0,0,0,2,1,8.635994058000051,53.17127906600007,Vegesack,Grohn,2020-12
2020-12-01,11,2020,12,4,10,3,2,2,1,1,0,0,0,0,0,0,8.825126957000066,53.08435084800004,Schwachhausen,Bürgerpark,2020-12
2020-12-01,11,2020,12,3,20,3,0,3,1,1,0,0,0,0,2,0,8.78843544800003,53.09395809400007,Walle,Westend,2020-12
2020-12-01,11,2020,12,4,7,3,0,7,1,1,0,0,0,0,2,0,8.79236452300006,53.10076093900005,Walle,Osterfeuerberg,2020-12
2020-11-01,11,2020,11,1,15,2,0,7,1,0,0,0,0,0,0,0,8.873389907000046,53.07783680300008,Vahr,Gartenstadt Vahr,2020-11
2020-11-01,11,2020,11,7,17,3,5,3,1,0,0,0,0,1,2,0,8.825220674000036,53.08441158400007,Schwachhausen,Bürgerpark,2020-11
2020-12-01,11,2020,12,2,7,3,5,2,1,0,0,0,0,1,2,1,8.846761056000048,53.068350603000056,Östliche Vorstadt,Peterswerder,2020-12
2020-10-01,11,2020,10,4,12,3,5,2,1,1,0,0,0,0,0,0,8.94612442700003,53.04871356800004,Osterholz,Osterholz,2020-10
2020-12-01,11,2020,12,6,17,3,5,2,1,1,0,0,0,0,2,0,8.819083617000047,53.08026511300005,Mitte,Ostertor,2020-12
2020-12-01,11,2020,12,2,11,3,5,3,1,1,0,0,0,0,0,0,8.931810771000073,53.04111863500003,Hemelingen,Mahndorf,2020-12
2020-10-01,11,2020,10,4,8,3,0,7,1,0,0,0,0,0,0,0,8.822478216000036,53.05411422700007,Neustadt,Huckelriede,2020-10
2020-11-01,11,2020,11,6,13,3,2,6,1,1,0,0,0,0,0,0,8.812536579000039,53.05910660200004,Neustadt,Huckelriede,2020-11
2020-12-01,11,2020,12,2,19,3,0,1,1,0,0,0,0,0,1,0,8.621188117000031,53.18400926800007,Vegesack,Unbekannt,2020-12
2020-11-01,11,2020,11,6,12,3,6,4,1,0,1,0,0,0,0,0,8.916011118000029,53.070875175000026,Hemelingen,Sebaldsbrück,2020-11
2020-11-01,12,2020,11,5,6,3,5,3,1,1,0,0,0,0,2,0,8.594481702000053,53.53147863000004,Geestemünde,Geestendorf,2020-11
2020-11-01,11,2020,11,5,11,3,9,7,1,0,0,0,0,0,0,0,8.78971143900003,53.10078762800004,Walle,Osterfeuerberg,2020-11
2020-12-01,11,2020,12,6,12,3,5,3,1,1,0,0,0,0,0,1,8.782158706000075,53.07563825200003,Woltmershausen,Woltmershausen,2020-12
2020-12-01,12,2020,12,7,8,3,0,1,1,0,0,0,0,0,1,2,8.619219198000053,53.58884478200008,Leherheide,Leherheide-West,2020-12
2020-11-01,11,2020,11,5,8,3,3,2,1,1,0,0,0,0,1,0,8.83841755900005,53.08216490800004,Schwachhausen,Gete,2020-11
2020-12-01,11,2020,12,2,18,2,1,7,1,1,0,0,0,0,2,1,8.801091124000038,53.06830009400005,Neustadt,Südervorstadt,2020-12
2020-12-01,12,2020,12,4,7,3,5,3,1,1,0,0,0,0,2,0,8.632243145000075,53.53073466300003,Schiffdorferdamm,Schiffdorferdamm,2020-12
2020-11-01,11,2020,11,4,14,3,5,3,1,1,0,0,0,0,0,0,8.871639986000048,53.06228849300004,Hemelingen,Hastedt,2020-11
2020-12-01,11,2020,12,6,14,2,0,1,1,0,0,0,0,0,0,2,8.630639531000043,53.15689061100005,Burglesum,Werderland,2020-12
2020-11-01,11,2020,11,4,16,3,5,3,1,0,0,0,0,0,1,0,8.802610301000072,53.07037679900003,Neustadt,Alte Neustadt,2020-11
2020-12-01,11,2020,12,6,7,3,5,1,1,1,0,0,0,0,1,1,8.90967746900003,53.09653014400004,Oberneuland,Unbekannt,2020-12
2020-11-01,11,2020,11,5,14,3,5,3,1,1,0,0,0,0,0,1,8.649191295000037,53.17244534400004,Vegesack,Grohn,2020-11
2020-12-01,11,2020,12,4,16,3,0,7,1,0,0,0,0,0,1,1,8.833342608000066,53.09452245200004,Schwachhausen,Neu-Schwachhausen,2020-12
2020-11-01,11,2020,11,4,8,3,4,3,1,1,0,0,0,0,0,0,8.789296286000024,53.07101058500007,Neustadt,Neustadt,2020-11
2020-12-01,11,2020,12,7,21,3,5,2,1,1,0,0,0,0,2,1,8.758855105000066,53.11599337100006,Gröpelingen,Lindenhof,2020-12
2020-10-01,11,2020,10,4,7,3,5,2,1,0,0,0,0,0,0,1,8.871780968000053,53.10185336600006,Horn-Lehe,Lehe,2020-10
2020-10-01,11,2020,10,4,7,3,5,3,1,1,0,0,0,0,0,0,8.932739813000069,53.06514287100004,Osterholz,Ellenerbrok-Schevemoor,2020-10
2020-11-01,11,2020,11,4,8,3,5,2,1,1,0,0,0,0,0,0,8.763564252000037,53.10898445700008,Gröpelingen,Lindenhof,2020-11
2020-12-01,11,2020,12,4,12,3,2,6,1,1,0,0,0,0,0,0,8.572733287000062,53.18624706400004,Blumenthal,Blumenthal,2020-12
2020-11-01,12,2020,11,3,7,3,5,2,1,1,0,0,0,0,1,0,8.563729719000037,53.58865322300005,Lehe (BHV),Speckenbüttel,2020-11