Datetime,UKREIS,UJAHR,UMONAT,UWOCHENTAG,USTUNDE,UKATEGORIE,UART,UTYP1,IstRad,IstPKW,IstFuss,IstKrad,IstGkfz,IstSonstig,ULICHTVERH,STRZUSTAND,longitude,latitude,Stadtteil,Ortsteil,Datetime
2020-12-01,11,2020,12,6,14,3,5,3,1,1,0,0,0,0,0,0,8.878867335000052,53.05719409100004,Hemelingen,Hemelingen,2020-12
2020-10-01,12,2020,10,3,12,3,0,6,1,0,0,0,0,1,0,0,8.586201238000058,53.56226311000006,Lehe (BHV),Twischkamp,2020-10
2020-11-01,11,2020,11,3,14,3,5,2,1,1,0,0,0,0,0,0,8.818183126000065,53.03881443900008,Obervieland,Kattenturm,2020-11
2020-11-01,11,2020,11,3,13,3,5,3,1,0,0,0,1,0,0,0,8.788931191000074,53.09770821300003,Walle,Westend,2020-11
2020-11-01,11,2020,11,3,16,3,3,6,1,0,0,0,0,0,0,1,8.801448444000073,53.08083970100006,Mitte,Altstadt,2020-11
2020-11-01,11,2020,11,3,15,2,5,3,1,1,0,0,0,0,0,0,8.806379296000046,53.06508305800003,Neustadt,Buntentor,2020-11
2020-12-01,11,2020,12,3,7,2,4,6,1,0,0,0,0,1,2,1,8.814054247000058,53.10041208400003,Findorff,Weidedamm,2020-12
2020-11-01,11,2020,11,3,8,3,5,3,1,0,0,0,1,0,0,0,8.824541208000028,53.08418587800003,Schwachhausen,Barkhof,2020-11
2020-12-01,11,2020,12,4,16,2,5,2,1,0,0,0,1,0,2,0,8.795764637000048,53.05615565200003,Neustadt,Neuenland,2020-12
2020-10-01,11,2020,10,3,11,3,1,5,1,1,0,0,0,0,0,0,8.784861240000055,53.09738206900005,Walle,Westend,2020-10
2020-11-01,11,2020,11,3,16,3,5,3,1,1,0,0,0,0,1,0,8.882065374000035,53.07909761900004,Vahr,Neue Vahr Südwest,2020-11
2020-11-01,11,2020,11,3,14,3,4,2,1,1,0,0,0,0,0,0,8.866623122000021,53.06223142200008,Hemelingen,Hastedt,2020-11
2020-12-01,11,2020,12,5,20,3,5,7,1,1,0,0,0,0,2,1,8.801594228000056,53.07090885100007,Neustadt,Alte Neustadt,2020-12
2020-11-01,11,2020,11,2,9,3,5,2,1,1,0,0,0,0,0,1,8.901885888000038,53.08848341300006,Oberneuland,Unbekannt,2020-11
2020-11-01,11,2020,11,2,5,3,5,2,1,1,0,0,0,0,2,0,8.880685605000053,53.10168665100008,Horn-Lehe,Lehe,2020-11
2020-11-01,11,2020,11,2,11,3,0,1,1,0,0,0,0,0,0,1,8.837337016000049,53.07682693800007,Östliche Vorstadt,Fesenfeld,2020-11
2020-12-01,11,2020,12,3,16,3,3,2,1,1,0,0,0,0,2,1,8.825141642000062,53.08449631800005,Schwachhausen,Bürgerpark,2020-12
2020-10-01,11,2020,10,3,12,3,6,6,1,0,1,0,0,0,0,0,8.829222377000065,53.07290434200007,Östliche Vorstadt,Steintor,2020-10
2020-11-01,11,2020,11,2,10,3,5,3,1,1,0,0,0,0,0,1,8.738672605000033,53.05560810200007,Huchting,Mittelshuchting,2020-11
2020-11-01,11,2020,11,2,18,2,0,7,1,0,0,0,0,0,2,1,8.691195353000069,53.16859912300004,Burglesum,Lesum,2020-11
2020-11-01,11,2020,11,2,12,3,0,7,1,0,0,0,0,0,0,0,8.788608535000037,53.07065154100008,Neustadt,Hohentor,2020-11
2020-12-01,11,2020,12,5,12,3,0,7,1,0,0,0,0,0,0,1,8.803433595000058,53.06684823900008,Neustadt,Buntentor,2020-12
2020-11-01,11,2020,11,2,10,3,5,3,1,1,0,0,0,0,0,1,8.876509786000042,53.08103360400003,Vahr,Gartenstadt Vahr,2020-11
2020-12-01,11,2020,12,3,7,3,5,3,1,1,0,0,0,0,2,1,8.897602756000026,53.05881799500003,Hemelingen,Sebaldsbrück,2020-12
2020-12-01,11,2020,12,2,10,2,0,7,1,0,0,0,0,0,0,1,8.804850348000059,53.06599255900005,Neustadt,Buntentor,2020-12
2020-11-01,11,2020,11,1,3,3,4,6,1,0,0,0,0,0,2,1,8.856973829000026,53.08535904200005,Schwachhausen,Radio Bremen,2020-11
2020-10-01,11,2020,10,3,16,3,5,3,1,1,0,0,0,0,1,1,8.84992365000005,53.08506317800004,Schwachhausen,Gete,2020-10
2020-11-01,12,2020,11,2,14,3,5,3,1,1,0,0,0,0,0,0,8.595402031000049,53.58807123600008,Leherheide,Königsheide,2020-11
2021-06-01,11,2021,6,6,11,2,0,7,1,0,0,0,0,0,0,0,8.81773195300002,53.04889244800006,Neustadt,Huckelriede,2021-6
2021-11-01,11,2021,11,4,7,3,5,2,1,1,0,0,0,0,0,1,8.817518989000064,53.04895137200003,Neustadt,Huckelriede,2021-11
2021-11-01,11,2021,11,6,17,3,5,3,1,1,0,0,0,0,2,1,8.808258144000035,53.05157471100006,Neustadt,Huckelriede,2021-11
2021-05-01,12,2021,5,4,13,2,8,1,1,0,0,0,0,0,0,1,8.620820751000053,53.49575157100003,Wulsdorf,Jedutenberg,2021-5
2021-01-01,11,2021,1,3,14,3,0,7,1,0,0,0,0,0,0,0,8.757785605000038,53.12297625000008,Gröpelingen,Ohlenhof,2021-1
2021-05-01,11,2021,5,7,15,3,1,5,1,1,0,0,0,0,0,0,8.84128903800007,53.06949786700005,Östliche Vorstadt,Peterswerder,2021-5
2021-07-01,11,2021,7,3,19,3,5,2,1,1,0,0,0,0,0,0,8.794515576000038,53.07279659400007,Neustadt,Alte Neustadt,2021-7
2021-04-01,11,2021,4,6,20,3,5,3,1,1,0,0,0,0,0,0,8.599086930000055,53.17993349300008,Vegesack,Fähr-Lobbendorf,2021-4
2021-06-01,11,2021,6,4,8,3,5,3,1,1,0,0,0,0,0,0,8.81092926100007,53.09249339400003,Findorff,Weidedamm,2021-6
2021-02-01,11,2021,2,4,20,3,5,3,1,1,0,0,0,0,2,0,8.896314760000053,53.07925962100006,Vahr,Neue Vahr Südost,2021-2
2021-07-01,11,2021,7,3,16,3,5,2,1,1,0,0,0,0,0,0,8.822625856000059,53.08280883400005,Schwachhausen,Barkhof,2021-7
2021-05-01,11,2021,5,5,14,3,5,3,1,1,0,0,0,0,0,0,8.880370218000053,53.10157152400007,Horn-Lehe,Lehe,2021-5
2021-04-01,11,2021,4,2,19,3,4,6,1,1,0,0,0,0,0,0,8.791546809000067,53.064975625000045,Neustadt,Südervorstadt,2021-4
2021-04-01,11,2021,4,6,15,3,1,5,1,1,0,0,0,0,0,0,8.823117162000074,53.07330507700004,Östliche Vorstadt,Steintor,2021-4
2021-06-01,11,2021,6,5,19,3,5,3,1,1,0,0,0,0,0,0,8.787015860000054,53.082930919000034,Walle,Überseestadt,2021-6
2021-07-01,11,2021,7,6,18,3,5,3,1,1,0,0,0,0,0,0,8.818083095000077,53.03884639800003,Obervieland,Kattenturm,2021-7
2021-04-01,12,2021,4,5,17,3,5,3,1,1,0,0,0,0,0,0,8.618477849000044,53.58956760400008,Leherheide,Leherheide-West,2021-4
2021-04-01,11,2021,4,2,9,3,5,3,1,1,0,0,0,0,0,0,8.740809898000066,53.12931013400004,Gröpelingen,Oslebshausen,2021-4
2021-01-01,11,2021,1,6,2,3,0,7,1,0,0,0,0,0,2,1,8.885679123000045,53.05897797400007,Hemelingen,Hemelingen,2021-1
2021-06-01,11,2021,6,5,15,3,5,3,1,1,0,0,0,0,0,0,8.831995403000064,53.07749970700007,Östliche Vorstadt,Fesenfeld,2021-6
2021-05-01,12,2021,5,7,15,3,8,1,1,0,0,0,0,0,0,0,8.585554770000044,53.56666982100006,Lehe (BHV),Twischkamp,2021-5
2021-03-01,11,2021,3,4,12,3,0,7,1,0,0,0,0,0,0,0,8.850649959000066,53.08532413000006,Schwachhausen,Riensberg,2021-3
2021-06-01,11,2021,6,2,11,3,5,3,1,1,0,0,0,0,0,0,8.818129502000033,53.07773043200007,Mitte,Ostertor,2021-6
2021-05-01,11,2021,5,1,10,3,0,7,1,0,0,0,0,0,0,0,8.878952071000072,53.08576223600005,Vahr,Neue Vahr Nord,2021-5
2021-07-01,11,2021,7,4,15,2,8,1,1,0,0,0,0,0,0,0,8.759753360000047,53.08234754700004,Woltmershausen,Woltmershausen,2021-7
2021-06-01,11,2021,6,6,23,3,4,1,1,0,1,0,0,0,2,0,8.801503660000037,53.07692092900004,Mitte,Altstadt,2021-6
2021-02-01,11,2021,2,7,11,3,5,3,1,0,0,0,0,0,0,0,8.891204715000072,53.13209022400008,Unbekannt,Borgfeld,2021-2
2021-06-01,11,2021,6,3,17,3,5,3,1,1,0,0,0,0,0,1,8.807286797000074,53.08215219900006,Mitte,Bahnhofsvorstadt,2021-6
2021-04-01,12,2021,4,4,16,3,5,3,1,1,0,0,0,0,0,0,8.590897616000063,53.50200225200007,Fischereihafen,Fischereihafen,2021-4
2021-06-01,11,2021,6,5,21,3,4,6,1,0,0,0,0,1,0,0,8.777861227000074,53.09950166600004,Walle,Walle,2021-6
2021-02-01,12,2021,2,3,16,2,0,1,1,0,0,0,0,0,0,2,8.58571616300003,53.53758366000005,Geestemünde,Geestemünde-Nord,2021-2
2021-06-01,12,2021,6,4,10,3,5,3,1,1,0,0,0,0,0,0,8.62150424400005,53.59040044400007,Leherheide,Leherheide-West,2021-6
2021-05-01,12,2021,5,3,18,3,5,3,1,1,0,0,0,0,0,0,8.597938352000028,53.533430407000026,Geestemünde,Geestendorf,2021-5
2021-04-01,11,2021,4,6,16,3,6,4,1,0,1,0,0,0,0,0,8.941380002000074,53.06738034800003,Osterholz,Ellenerbrok-Schevemoor,2021-4
2021-06-01,11,2021,6,7,16,3,0,3,1,0,0,0,0,0,0,0,8.898495644000036,53.077757133000034,Vahr,Neue Vahr Südost,2021-6
2021-07-01,11,2021,7,6,18,3,4,2,1,1,0,0,0,0,0,0,8.791800113000022,53.07499542200003,Neustadt,Alte Neustadt,2021-7
2021-04-01,11,2021,4,3,16,3,4,2,1,1,0,0,0,0,0,0,8.951253866000059,53.06513020700004,Osterholz,Tenever,2021-4
2021-04-01,11,2021,4,7,15,3,4,6,1,1,0,0,0,0,0,0,8.813644830000044,53.09151184600006,Findorff,Weidedamm,2021-4
2021-01-01,11,2021,1,6,8,2,5,3,1,1,0,0,0,0,0,1,8.791950943000074,53.08273145100003,Mitte,Altstadt,2021-1
2021-07-01,12,2021,7,5,15,3,5,2,1,1,0,0,0,0,0,0,8.57277358600004,53.55008487000004,Mitte (BHV),Mitte-Nord,2021-7
2021-03-01,11,2021,3,2,18,3,1,5,1,1,0,0,0,0,0,0,8.853028144000064,53.08935221500008,Schwachhausen,Riensberg,2021-3
2021-06-01,11,2021,6,3,15,2,6,7,1,0,1,0,0,0,0,0,8.771939459000066,53.09390355400007,Walle,Überseestadt,2021-6
2021-02-01,11,2021,2,1,13,3,4,6,1,1,0,0,0,0,0,0,8.901521365000065,53.11474866000003,Horn-Lehe,Lehesterdeich,2021-2
2021-07-01,11,2021,7,7,12,3,3,6,1,0,0,0,0,1,0,0,8.809754042000066,53.07200118300005,Mitte,Altstadt,2021-7
2021-01-01,11,2021,1,3,12,3,5,2,1,1,0,0,0,0,0,1,8.868209414000034,53.06192609800007,Hemelingen,Hastedt,2021-1
2021-05-01,12,2021,5,2,15,3,5,7,1,1,0,0,0,0,0,1,8.602447830000074,53.52850263700003,Geestemünde,Bürgerpark (BHV),2021-5
2021-03-01,11,2021,3,5,16,3,3,6,1,1,0,0,0,0,0,0,8.784492406000027,53.09778030700005,Walle,Westend,2021-3
2021-06-01,12,2021,6,5,9,3,5,3,1,1,0,0,0,0,0,0,8.568555023000044,53.56504427900006,Häfen (BHV),Stadtbremisches Überseehafengebiet Bremerhaven,2021-6
2021-06-01,11,2021,6,5,19,3,0,7,1,1,0,0,0,0,0,1,8.907288024000025,53.078465607000055,Vahr,Neue Vahr Südost,2021-6
2021-02-01,11,2021,2,4,17,3,5,3,1,1,0,0,0,0,0,1,8.836683893000043,53.07528966600006,Östliche Vorstadt,Fesenfeld,2021-2
2021-03-01,11,2021,3,2,11,3,5,3,1,1,0,0,0,0,0,0,8.785636503000035,53.07094425800005,Neustadt,Hohentor,2021-3
2021-07-01,11,2021,7,5,19,3,2,6,1,0,0,1,0,0,0,0,8.80200530600007,53.07660226100006,Mitte,Altstadt,2021-7
2021-03-01,11,2021,3,2,19,3,1,7,1,1,0,0,0,0,2,0,8.896046341000044,53.111635214000046,Horn-Lehe,Lehesterdeich,2021-3
2021-04-01,12,2021,4,4,17,3,5,3,1,1,0,0,0,0,0,0,8.597746182000037,53.57895534600004,Lehe (BHV),Eckernfeld,2021-4
2021-07-01,12,2021,7,1,16,3,5,3,1,1,0,0,0,0,0,0,8.587187063000044,53.53066120900007,Geestemünde,Geestendorf,2021-7
2021-06-01,11,2021,6,4,9,3,5,2,1,1,0,0,0,0,0,0,8.82792366800004,53.08504285600003,Schwachhausen,Bürgerpark,2021-6
2021-01-01,11,2021,1,5,7,2,5,3,1,0,0,0,0,0,1,1,8.801592952000021,53.07135009800004,Neustadt,Alte Neustadt,2021-1
2021-06-01,11,2021,6,2,11,3,5,2,1,1,0,0,0,0,0,0,8.782910517000062,53.08706484100003,Walle,Überseestadt,2021-6
2021-04-01,11,2021,4,4,17,3,5,3,1,1,0,0,0,0,0,0,8.79983462000007,53.07044659600007,Neustadt,Alte Neustadt,2021-4
2021-02-01,11,2021,2,6,12,3,0,7,1,0,0,0,0,0,0,0,8.899992874000077,53.12255788300007,Unbekannt,Borgfeld,2021-2
2021-07-01,11,2021,7,4,19,3,0,7,1,1,0,0,0,0,0,0,8.824041929000032,53.08427140700008,Schwachhausen,Barkhof,2021-7
2021-06-01,11,2021,6,5,17,3,5,3,1,1,0,0,0,0,0,0,8.898558352000066,53.11993531300004,Unbekannt,Borgfeld,2021-6
2021-05-01,11,2021,5,2,10,3,5,3,1,1,0,0,0,0,0,0,8.685719552000023,53.17763620800008,Burglesum,Lesum,2021-5
2021-07-01,11,2021,7,5,4,3,1,5,1,1,0,0,0,0,1,0,8.80166614600006,53.09458244500007,Findorff,Regensburger Str.,2021-7
2021-03-01,11,2021,3,3,9,3,5,3,1,1,0,0,0,0,0,0,8.772100096000031,53.09465805800005,Walle,Überseestadt,2021-3
2021-05-01,12,2021,5,5,10,3,1,5,1,1,0,0,0,0,0,1,8.582867004000036,53.55662104800007,Lehe (BHV),Goethestrasse,2021-5
2021-07-01,11,2021,7,2,17,3,1,3,1,0,0,0,0,0,0,0,8.807306418000053,53.08216795100003,Mitte,Bahnhofsvorstadt,2021-7
2021-01-01,11,2021,1,2,17,3,5,3,1,1,0,0,0,0,2,1,8.823591752000027,53.044157693000045,Obervieland,Kattenturm,2021-1
2021-03-01,11,2021,3,4,9,3,5,2,1,1,0,0,0,0,0,0,8.618634372000031,53.17430888200005,Vegesack,Vegesack,2021-3
2021-06-01,11,2021,6,3,16,3,5,2,1,1,0,0,0,0,0,0,8.799316044000022,53.08388419300008,Mitte,Bahnhofsvorstadt,2021-6
2021-05-01,11,2021,5,2,13,3,5,3,1,0,0,0,0,0,0,0,8.809897911000064,53.07632441700008,Mitte,Altstadt,2021-5
2021-07-01,11,2021,7,5,11,3,0,7,1,0,0,0,0,0,0,0,8.704399989000024,53.15597205200004,Burglesum,Burg-Grambke,2021-7
2021-04-01,11,2021,4,7,12,3,0,7,1,0,0,0,0,0,0,0,8.803682951000042,53.07671699600007,Mitte,Altstadt,2021-4
2021-03-01,11,2021,3,2,10,3,6,4,1,0,1,0,0,0,0,0,8.82256293000006,53.07520831100004,Mitte,Ostertor,2021-3
2021-06-01,12,2021,6,1,17,3,8,1,1,0,0,0,0,0,0,0,8.549181583000063,53.58059553000004,Häfen (BHV),Stadtbremisches Überseehafengebiet Bremerhaven,2021-6
2021-02-01,11,2021,2,6,10,3,5,2,1,1,0,0,0,0,0,0,8.751923988000044,53.12211046200008,Gröpelingen,Ohlenhof,2021-2
2021-07-01,11,2021,7,6,20,3,5,3,1,0,0,0,0,0,0,0,8.871064571000034,53.06690678900003,Hemelingen,Hastedt,2021-7
2021-06-01,11,2021,6,3,14,2,4,6,1,0,0,0,0,0,0,0,8.852917999000056,53.06502223000007,Östliche Vorstadt,Peterswerder,2021-6
2021-05-01,11,2021,5,2,8,3,5,3,1,1,0,0,0,0,0,1,8.690212142000064,53.17409933000005,Burglesum,Lesum,2021-5
2021-01-01,11,2021,1,2,12,3,0,1,1,0,0,0,0,0,0,1,8.882325735000052,53.06372246500007,Hemelingen,Hastedt,2021-1
2021-06-01,11,2021,6,7,10,3,8,1,1,0,0,0,0,0,0,0,8.698028288000046,53.08441212900004,Unbekannt,Strom,2021-6
2021-06-01,11,2021,6,5,17,3,1,7,1,1,0,0,0,0,0,1,8.846065278000026,53.05033325000005,Obervieland,Habenhausen,2021-6
2021-02-01,12,2021,2,6,19,3,5,3,1,1,0,0,0,0,2,0,8.589723081000045,53.566864475000045,Lehe (BHV),Klushof,2021-2
2021-03-01,11,2021,3,6,16,3,5,3,1,1,0,0,0,0,0,1,8.88035488600002,53.082405136000034,Vahr,Neue Vahr Südwest,2021-3
2021-07-01,11,2021,7,5,17,3,0,7,1,0,1,0,0,0,0,1,8.867736557000057,53.07257164100008,Hemelingen,Hastedt,2021-7
2021-07-01,11,2021,7,2,10,3,0,1,1,0,0,0,0,0,0,0,8.796770869000056,53.06841858700005,Neustadt,Neustadt,2021-7
2021-06-01,11,2021,6,3,7,3,5,3,1,0,0,0,0,0,0,0,8.817401521000022,53.09834042600005,Findorff,Weidedamm,2021-6
2021-06-01,12,2021,6,1,2,3,8,1,1,0,0,0,0,0,2,0,8.581431193000071,53.56713169700004,Lehe (BHV),Twischkamp,2021-6
2021-06-01,12,2021,6,5,16,3,5,3,1,1,0,0,0,0,0,0,8.605961494000042,53.591029124000045,Leherheide,Königsheide,2021-6
2021-05-01,11,2021,5,2,16,3,1,3,1,1,0,0,0,0,0,0,8.96380197700006,53.05750180000007,Osterholz,Osterholz,2021-5
2021-06-01,11,2021,6,3,21,3,5,3,1,1,0,0,0,0,0,0,8.877635371000054,53.08028825300005,Vahr,Neue Vahr Südwest,2021-6
2021-07-01,11,2021,7,5,22,3,4,6,1,1,0,0,0,0,2,0,8.729424893000044,53.03948782300006,Huchting,Kirchhuchting,2021-7
2021-03-01,11,2021,3,4,15,3,0,7,1,0,0,0,0,0,0,0,8.839645172000075,53.07227057000006,Östliche Vorstadt,Peterswerder,2021-3
2021-06-01,11,2021,6,2,14,3,0,7,1,0,0,0,0,0,0,0,8.852475821000041,53.07357876200007,Östliche Vorstadt,Hulsberg,2021-6
2021-01-01,11,2021,1,3,8,3,5,3,1,1,0,0,0,0,0,1,8.854290825000021,53.08248335500008,Schwachhausen,Radio Bremen,2021-1
2021-04-01,11,2021,4,6,9,3,5,7,1,1,0,0,0,0,0,0,8.757354682000027,53.117417344000046,Gröpelingen,Ohlenhof,2021-4
2021-07-01,11,2021,7,4,16,3,5,3,1,1,0,0,0,0,0,0,8.885370813000065,53.034570090000045,Hemelingen,Hemelingen,2021-7
2021-06-01,11,2021,6,4,8,3,5,3,1,0,0,0,0,0,0,0,8.856524685000068,53.08986433600006,Schwachhausen,Riensberg,2021-6
2021-06-01,12,2021,6,4,14,3,5,2,1,1,0,0,0,0,0,0,8.578572984000061,53.56062020500008,Lehe (BHV),Goethestrasse,2021-6
2021-04-01,11,2021,4,4,13,3,5,3,1,1,0,0,0,0,0,1,8.861301094000055,53.02372721300003,Obervieland,Arsten,2021-4
2021-04-01,11,2021,4,6,13,3,0,3,1,1,0,0,0,0,0,0,8.618746480000027,53.17725603700006,Vegesack,Vegesack,2021-4
2021-06-01,11,2021,6,7,14,3,5,2,1,1,0,0,0,0,0,0,8.758844230000022,53.11598556300004,Gröpelingen,Lindenhof,2021-6
2021-05-01,11,2021,5,4,8,3,4,6,1,0,0,0,0,0,0,0,8.738056597000025,53.05490309200008,Huchting,Mittelshuchting,2021-5
2021-02-01,11,2021,2,1,16,3,0,7,1,0,0,0,0,0,0,0,8.801305669000044,53.07705510200003,Mitte,Altstadt,2021-2
2021-07-01,11,2021,7,7,17,3,5,3,1,1,0,0,0,0,0,0,8.797177831000056,53.072461848000046,Neustadt,Alte Neustadt,2021-7
2021-04-01,12,2021,4,3,11,3,0,7,1,0,0,0,0,0,0,0,8.590771914000072,53.57932569500008,Lehe (BHV),Eckernfeld,2021-4
2021-04-01,11,2021,4,3,13,3,3,6,1,0,0,0,0,0,0,0,8.776779022000028,53.05340580200004,Neustadt,Neuenland,2021-4
2021-01-01,11,2021,1,5,15,3,5,3,1,1,0,0,0,0,0,0,8.598481658000026,53.17541631400008,Vegesack,Fähr-Lobbendorf,2021-1
2021-03-01,12,2021,3,4,17,2,5,3,1,0,0,1,0,0,0,0,8.588743193000028,53.53455906600004,Geestemünde,Geestendorf,2021-3
2021-02-01,11,2021,2,5,15,3,5,2,1,1,0,0,0,0,0,0,8.872256833000051,53.07736444300008,Vahr,Gartenstadt Vahr,2021-2
2021-07-01,11,2021,7,4,17,3,4,6,1,0,0,0,0,1,0,0,8.808659745000057,53.07227546600007,Mitte,Altstadt,2021-7
2021-06-01,11,2021,6,7,19,3,5,3,1,0,0,0,0,0,0,0,8.806088958000032,53.07824866800007,Mitte,Altstadt,2021-6
2021-06-01,11,2021,6,3,16,3,0,7,1,0,0,0,0,0,0,0,8.853353264000077,53.06430918400008,Hemelingen,Hastedt,2021-6
2021-01-01,12,2021,1,4,7,3,0,7,1,0,0,0,0,0,0,1,8.611141501000077,53.59626468700003,Leherheide,Königsheide,2021-1
2021-05-01,11,2021,5,5,14,3,0,7,1,0,1,0,0,0,0,0,8.837210859000038,53.06997743300008,Östliche Vorstadt,Peterswerder,2021-5
2021-06-01,11,2021,6,2,17,3,0,5,1,0,0,0,0,0,0,0,8.852729120000049,53.08222281700006,Schwachhausen,Gete,2021-6
2021-03-01,11,2021,3,1,18,3,5,3,1,1,0,0,0,0,2,1,8.831069718000037,53.08582602500008,Schwachhausen,Bürgerpark,2021-3
2021-07-01,11,2021,7,5,13,3,5,3,1,1,0,0,0,0,0,0,8.858298313000034,53.07246151000004,Hemelingen,Hastedt,2021-7
2021-07-01,11,2021,7,7,13,2,0,7,1,0,0,0,0,0,0,0,8.819723408000073,53.09621930600008,Findorff,Weidedamm,2021-7
2021-04-01,11,2021,4,4,17,3,3,2,1,1,0,0,0,0,0,0,8.701906731000065,53.16770983500004,Burglesum,Burgdamm,2021-4
2021-06-01,11,2021,6,4,7,3,1,3,1,1,0,0,0,0,0,0,8.785446445000048,53.07110383100007,Neustadt,Hohentor,2021-6
2021-06-01,11,2021,6,5,22,3,0,7,1,0,0,0,0,0,2,0,8.722387067000057,53.05686443000008,Huchting,Mittelshuchting,2021-6
2021-06-01,12,2021,6,6,13,3,5,3,1,0,0,0,0,0,0,0,8.580166735000034,53.56953968900007,Lehe (BHV),Twischkamp,2021-6
2021-06-01,11,2021,6,4,18,3,1,6,1,0,0,0,0,1,0,0,8.691257520000022,53.17212108900003,Burglesum,Lesum,2021-6
2021-04-01,11,2021,4,2,16,2,0,7,1,0,0,0,0,0,0,0,8.622548688000052,53.17292462600005,Vegesack,Vegesack,2021-4
2021-03-01,11,2021,3,6,15,3,1,5,1,1,0,0,0,0,0,0,8.899532195000063,53.105219573000056,Oberneuland,Unbekannt,2021-3
2021-06-01,11,2021,6,5,13,3,5,3,1,0,0,0,0,0,0,0,8.802683933000026,53.08468608800007,Mitte,Bahnhofsvorstadt,2021-6
2021-02-01,11,2021,2,4,15,3,3,6,1,1,0,0,0,0,0,0,8.782039975000032,53.08599007600003,Walle,Überseestadt,2021-2
2021-07-01,11,2021,7,2,16,3,0,7,1,1,0,0,0,0,0,0,8.88080178100006,53.10155879300004,Horn-Lehe,Lehe,2021-7
2021-01-01,11,2021,1,3,20,3,5,3,1,1,0,0,0,0,2,1,8.824431612000069,53.08425748000008,Schwachhausen,Barkhof,2021-1
2021-06-01,11,2021,6,7,11,3,0,7,1,0,0,0,0,0,0,0,8.781542929000068,53.10102992000003,Walle,Walle,2021-6
2021-07-01,11,2021,7,2,4,3,4,2,1,1,0,0,0,0,1,0,8.852215699000055,53.07370123100003,Östliche Vorstadt,Hulsberg,2021-7
2021-03-01,11,2021,3,3,15,3,5,2,1,1,0,0,0,0,0,0,8.82504769600007,53.08451938900004,Schwachhausen,Bürgerpark,2021-3
2021-06-01,11,2021,6,7,21,3,0,7,1,0,0,0,0,1,1,0,8.730037602000039,53.13817113100004,Gröpelingen,Oslebshausen,2021-6
2021-02-01,12,2021,2,7,14,2,3,6,1,1,0,0,0,0,0,0,8.600158133000036,53.52895066100007,Geestemünde,Geestendorf,2021-2
2021-06-01,11,2021,6,3,16,3,5,3,1,1,0,0,0,0,0,0,8.837105344000065,53.06945514100005,Östliche Vorstadt,Peterswerder,2021-6
2021-07-01,12,2021,7,5,14,3,7,7,1,0,0,0,0,0,0,0,8.582312268000067,53.54145067900004,Mitte (BHV),Mitte-Süd,2021-7
2021-07-01,11,2021,7,4,15,2,0,7,1,0,0,0,0,0,0,0,8.711605236000025,53.14745663100007,Burglesum,Burg-Grambke,2021-7
2021-07-01,11,2021,7,6,11,2,0,7,1,0,0,0,0,0,0,0,8.826984953000022,53.08617202800008,Schwachhausen,Bürgerpark,2021-7
2021-06-01,11,2021,6,7,17,3,1,1,1,1,0,0,0,0,0,1,8.866286614000046,53.06386271800005,Hemelingen,Hastedt,2021-6
2021-03-01,11,2021,3,3,10,3,5,3,1,1,0,0,0,0,0,0,8.754165956000065,53.08882533600007,Woltmershausen,Rablinghausen,2021-3
2021-04-01,11,2021,4,5,17,3,5,3,1,1,0,0,0,0,0,1,8.818109201000027,53.07772651400006,Mitte,Ostertor,2021-4
2021-07-01,11,2021,7,7,11,2,4,6,1,1,0,0,0,0,0,0,8.535816208000028,53.20400589400003,Blumenthal,Farge,2021-7
2021-05-01,11,2021,5,1,18,3,5,3,1,1,0,0,0,0,0,0,8.955894135000051,53.07614346100007,Osterholz,Tenever,2021-5
2021-04-01,11,2021,4,5,18,3,5,3,1,1,0,0,0,0,0,0,8.573061489000054,53.19864624600007,Blumenthal,Lüssum-Bockhorn,2021-4
2021-04-01,11,2021,4,7,12,3,0,7,1,0,0,0,0,0,0,0,8.900678069000037,53.127248060000056,Unbekannt,Borgfeld,2021-4
2021-02-01,11,2021,2,6,7,2,1,5,1,1,0,0,0,0,0,0,8.817855147000046,53.08305366400003,Schwachhausen,Barkhof,2021-2
2021-06-01,12,2021,6,2,8,3,5,2,1,1,0,0,0,0,0,0,8.596510137000053,53.57228079500004,Lehe (BHV),Eckernfeld,2021-6
2021-06-01,11,2021,6,4,12,3,5,3,1,0,0,0,0,0,0,0,8.825151782000034,53.08450503700004,Schwachhausen,Bürgerpark,2021-6
2021-07-01,11,2021,7,4,21,3,3,7,1,1,0,0,0,0,1,1,8.734073803000058,53.05857985400007,Huchting,Mittelshuchting,2021-7
2021-04-01,11,2021,4,1,11,3,0,4,1,0,0,0,0,1,0,0,8.676366181000049,53.11875007000003,Unbekannt,Seehausen,2021-4
2021-07-01,11,2021,7,7,20,3,5,3,1,0,0,0,0,1,0,0,8.792059746000064,53.07305788800005,Neustadt,Alte Neustadt,2021-7
2021-01-01,11,2021,1,3,7,3,5,3,1,1,0,0,0,0,1,0,8.876043122000056,53.08162148000008,Vahr,Gartenstadt Vahr,2021-1