Datetime,UKREIS,UJAHR,UMONAT,UWOCHENTAG,USTUNDE,UKATEGORIE,UART,UTYP1,IstRad,IstPKW,IstFuss,IstKrad,IstGkfz,IstSonstig,ULICHTVERH,STRZUSTAND,longitude,latitude,Stadtteil,Ortsteil,Datetime
2021-06-01,11,2021,6,7,21,3,5,2,1,1,0,0,0,0,0,0,8.824267863000046,53.07311867100003,Östliche Vorstadt,Steintor,2021-6
2021-07-01,11,2021,7,4,8,3,5,3,1,1,0,0,0,0,0,0,8.92382593800005,53.04043179900003,Hemelingen,Arbergen,2021-7
2021-03-01,11,2021,3,3,16,2,8,1,1,0,0,0,0,0,0,0,8.716525742000044,53.18179672400004,Burglesum,Burgdamm,2021-3
2021-06-01,11,2021,6,6,10,3,5,3,1,1,0,0,0,0,0,0,8.824560616000042,53.06891366900004,Mitte,Ostertor,2021-6
2021-06-01,12,2021,6,6,12,3,5,3,1,1,0,0,0,0,0,0,8.58614338700005,53.56156785700006,Lehe (BHV),Twischkamp,2021-6
2021-07-01,12,2021,7,7,19,3,0,7,1,0,0,0,0,0,0,0,8.589079562000052,53.533629690000055,Geestemünde,Geestendorf,2021-7
2021-04-01,11,2021,4,4,19,3,5,3,1,0,0,0,0,0,1,0,8.80314947000005,53.06701762300003,Neustadt,Buntentor,2021-4
2021-07-01,11,2021,7,2,16,3,5,2,1,1,0,0,0,0,0,0,8.872446916000058,53.06313034400006,Hemelingen,Hastedt,2021-7
2021-06-01,11,2021,6,4,12,3,3,6,1,0,0,1,0,0,0,0,8.832184002000076,53.08610413900004,Schwachhausen,Bürgerpark,2021-6
2021-01-01,11,2021,1,7,12,2,5,3,1,1,0,0,0,0,0,0,8.90096303100006,53.08951766000007,Horn-Lehe,Horn,2021-1
2021-06-01,11,2021,6,6,15,3,5,3,1,1,0,0,0,0,0,0,8.896912784000051,53.05907193300004,Hemelingen,Sebaldsbrück,2021-6
2021-07-01,11,2021,7,3,12,3,5,2,1,1,0,0,0,0,0,0,8.862525943000037,53.10678396400005,Horn-Lehe,Lehe,2021-7
2021-07-01,11,2021,7,2,13,3,3,2,1,1,0,0,0,0,0,0,8.79948141400007,53.07016460800003,Neustadt,Alte Neustadt,2021-7
2021-04-01,11,2021,4,4,14,3,5,3,1,1,0,0,0,0,0,0,8.759916555000075,53.11398675400005,Gröpelingen,Lindenhof,2021-4
2021-06-01,11,2021,6,4,9,3,5,3,1,1,0,0,0,0,0,0,8.809590834000062,53.09258914400005,Findorff,Findorff-Bürgerweide,2021-6
2021-06-01,11,2021,6,5,12,3,0,6,1,1,0,0,0,0,0,0,8.765102760000048,53.12424591500008,Gröpelingen,Ohlenhof,2021-6
2021-04-01,11,2021,4,6,23,2,1,7,1,1,0,0,0,0,2,0,8.764190506000034,53.08776627500004,Woltmershausen,Woltmershausen,2021-4
2021-06-01,11,2021,6,3,8,3,1,7,1,1,0,0,0,0,0,1,8.80630943600005,53.06430591200007,Neustadt,Buntentor,2021-6
2021-07-01,11,2021,7,3,9,3,5,3,1,1,0,0,0,0,0,0,8.846508691000054,53.09244241900007,Schwachhausen,Neu-Schwachhausen,2021-7
2021-06-01,11,2021,6,2,5,3,4,6,1,0,0,0,0,0,0,1,8.885840747000032,53.05666471400008,Hemelingen,Hemelingen,2021-6
2021-02-01,11,2021,2,3,17,3,3,6,1,0,0,0,0,0,2,2,8.779125201000056,53.07611155300003,Woltmershausen,Woltmershausen,2021-2
2021-07-01,11,2021,7,6,11,3,5,3,1,1,0,0,0,0,0,0,8.870247756000026,53.06485454400007,Hemelingen,Hastedt,2021-7
2021-01-01,12,2021,1,4,17,2,5,2,1,1,0,0,0,0,2,1,8.579857841000035,53.54665690400003,Mitte (BHV),Mitte-Süd,2021-1
2021-07-01,11,2021,7,2,11,3,0,7,1,0,0,0,0,1,0,0,8.904778251000039,53.11910170800007,Unbekannt,Borgfeld,2021-7
2021-03-01,11,2021,3,5,16,3,1,7,1,1,0,0,0,0,0,0,8.828645806000054,53.06880200200004,Östliche Vorstadt,Steintor,2021-3
2021-06-01,11,2021,6,1,15,3,0,3,1,1,0,0,0,0,0,0,8.718589965000035,53.04588712300006,Huchting,Sodenmatt,2021-6
2021-07-01,11,2021,7,2,7,3,1,7,1,1,0,0,0,0,0,0,8.815246062000028,53.07713919400004,Mitte,Ostertor,2021-7
2021-01-01,11,2021,1,5,5,3,5,3,1,1,0,0,0,0,2,1,8.95132516800004,53.05787926700003,Osterholz,Osterholz,2021-1
2021-05-01,12,2021,5,5,15,3,0,7,1,0,0,0,0,0,0,0,8.585909007000055,53.55553898400007,Lehe (BHV),Klushof,2021-5
2021-04-01,11,2021,4,2,18,3,5,3,1,1,0,0,0,0,0,0,8.816896147000023,53.07858441800005,Mitte,Bahnhofsvorstadt,2021-4
2021-04-01,11,2021,4,7,15,3,5,3,1,0,0,0,0,0,0,0,8.801530248000063,53.071537515000045,Neustadt,Alte Neustadt,2021-4
2021-02-01,11,2021,2,3,6,3,5,2,1,0,0,0,0,1,0,0,8.78143182100007,53.06767019900008,Neustadt,Hohentor,2021-2
2021-05-01,11,2021,5,2,6,3,5,2,1,1,0,0,0,0,0,0,8.70215537200005,53.16770641200003,Burglesum,Burgdamm,2021-5
2021-01-01,12,2021,1,4,15,3,6,4,1,0,1,0,0,0,0,1,8.585893502000033,53.55930636200003,Lehe (BHV),Goethestrasse,2021-1
2021-06-01,11,2021,6,2,5,3,5,3,1,1,0,0,0,0,0,1,8.882850619000067,53.07472067900005,Hemelingen,Sebaldsbrück,2021-6
2021-07-01,11,2021,7,4,11,2,5,3,1,1,0,0,0,0,0,0,8.896447476000048,53.07925509200004,Vahr,Neue Vahr Südost,2021-7
2021-03-01,12,2021,3,2,7,3,5,3,1,1,0,0,0,0,1,0,8.568137610000065,53.55398790800007,Mitte (BHV),Mitte-Nord,2021-3
2021-02-01,11,2021,2,4,12,3,5,3,1,1,0,0,0,0,0,0,8.864971009000044,53.07156724800007,Hemelingen,Hastedt,2021-2
2021-03-01,11,2021,3,2,17,3,1,7,1,1,0,0,0,0,0,1,8.790431327000022,53.09747206400005,Walle,Westend,2021-3
2021-07-01,11,2021,7,5,21,2,4,6,1,0,0,0,0,1,1,0,8.807210539000039,53.07282824100008,Mitte,Altstadt,2021-7
2021-04-01,11,2021,4,4,18,3,3,6,1,0,0,0,0,0,0,0,8.82959683300004,53.08546306200003,Schwachhausen,Bürgerpark,2021-4
2021-02-01,11,2021,2,3,9,2,5,3,1,1,0,0,0,0,0,0,8.78052284100005,53.06812686400008,Neustadt,Hohentor,2021-2
2021-07-01,11,2021,7,4,8,3,5,3,1,1,0,0,0,0,0,0,8.86021015700004,53.082406467000055,Vahr,Gartenstadt Vahr,2021-7
2021-06-01,11,2021,6,2,18,3,5,3,1,1,0,0,0,0,0,0,8.791446077000046,53.11086268300005,Walle,Hohweg,2021-6
2021-07-01,11,2021,7,4,16,3,5,3,1,1,0,0,0,0,0,0,8.825079384000048,53.08420073400004,Schwachhausen,Barkhof,2021-7
2021-06-01,11,2021,6,3,17,1,5,3,1,0,0,0,1,0,0,0,8.74026426100005,53.12475687500006,Häfen,Industriehäfen,2021-6
2021-02-01,12,2021,2,4,18,3,7,1,1,0,0,0,0,0,1,2,8.609875113000044,53.52990537900007,Geestemünde,Bürgerpark (BHV),2021-2
2021-07-01,11,2021,7,6,17,3,3,6,1,1,0,0,0,0,0,0,8.819735943000069,53.053704810000056,Neustadt,Huckelriede,2021-7
2021-05-01,11,2021,5,5,13,3,2,7,1,0,0,0,0,1,0,0,8.808826907000025,53.072216215000026,Mitte,Altstadt,2021-5
2021-03-01,11,2021,3,7,19,3,5,3,1,1,0,0,0,0,2,1,8.724075648000053,53.043320547000064,Huchting,Sodenmatt,2021-3
2021-06-01,11,2021,6,6,7,3,5,3,1,0,0,0,0,0,0,0,8.88933193500003,53.05800322100004,Hemelingen,Hemelingen,2021-6
2021-04-01,11,2021,4,3,10,2,1,5,1,1,0,0,0,0,0,0,8.789806759000044,53.071506629000055,Neustadt,Hohentor,2021-4
2021-05-01,11,2021,5,5,17,3,6,4,1,0,1,0,0,0,0,0,8.80692943200006,53.06475751500005,Neustadt,Buntentor,2021-5
2021-06-01,11,2021,6,4,12,3,5,3,1,1,0,0,0,0,0,0,8.814842154000075,53.05481198900003,Neustadt,Huckelriede,2021-6
2021-02-01,11,2021,2,4,7,2,5,3,1,1,0,0,0,0,0,0,8.87895547900007,53.08573362000004,Vahr,Neue Vahr Nord,2021-2
2021-07-01,12,2021,7,2,13,3,1,3,1,1,0,0,0,0,0,1,8.575202181000066,53.54764080000007,Mitte (BHV),Mitte-Süd,2021-7
2021-07-01,12,2021,7,4,12,3,0,7,1,0,0,0,0,0,0,1,8.60546781100004,53.53064975900003,Geestemünde,Bürgerpark (BHV),2021-7
2021-03-01,11,2021,3,2,14,2,5,3,1,1,0,0,0,0,0,0,8.603792404000046,53.17694773800008,Vegesack,Fähr-Lobbendorf,2021-3
2021-06-01,11,2021,6,5,8,3,0,1,1,0,0,0,0,0,0,0,8.827073118000044,53.07274551200004,Östliche Vorstadt,Steintor,2021-6
2021-06-01,11,2021,6,3,17,3,5,3,1,1,0,0,0,0,0,0,8.663387886000066,53.17535709100008,Burglesum,St.Magnus,2021-6
2021-07-01,11,2021,7,7,12,3,3,6,1,1,0,0,0,0,0,0,8.928643995000073,53.06057567600004,Osterholz,Ellener Feld,2021-7
2021-04-01,11,2021,4,3,15,3,1,7,1,1,0,0,0,0,0,0,8.811985321000066,53.08967600500006,Findorff,Findorff-Bürgerweide,2021-4
2021-07-01,12,2021,7,5,8,3,5,3,1,1,0,0,0,0,0,0,8.57482613600007,53.56054931700004,Lehe (BHV),Goethestrasse,2021-7
2021-06-01,11,2021,6,5,16,3,5,3,1,1,0,0,0,0,0,0,8.76478359500004,53.11291655400004,Gröpelingen,Lindenhof,2021-6
2021-03-01,12,2021,3,3,16,2,5,3,1,1,0,0,0,0,0,0,8.572272128000066,53.56043702000005,Mitte (BHV),Mitte-Nord,2021-3
2021-04-01,11,2021,4,5,15,3,3,2,1,1,0,0,0,0,0,0,8.837285962000067,53.076886269000056,Östliche Vorstadt,Fesenfeld,2021-4
2021-04-01,11,2021,4,5,7,3,5,3,1,1,0,0,0,0,0,0,8.873057445000029,53.08476207700005,Schwachhausen,Radio Bremen,2021-4
2021-07-01,11,2021,7,6,13,3,5,3,1,1,0,0,0,0,0,0,8.95183042900004,53.07263368200006,Osterholz,Tenever,2021-7
2021-01-01,11,2021,1,4,10,3,5,3,1,0,0,0,0,0,0,0,8.813023495000039,53.07957961300008,Mitte,Bahnhofsvorstadt,2021-1
2021-05-01,12,2021,5,3,15,3,5,3,1,1,0,0,0,0,0,1,8.594920999000067,53.54483956300004,Geestemünde,Geestemünde-Nord,2021-5
2021-04-01,11,2021,4,7,18,3,3,6,1,1,0,0,0,1,0,0,8.822859220000055,53.07797863500008,Mitte,Ostertor,2021-4
2021-04-01,11,2021,4,2,10,2,3,2,1,1,0,0,0,0,0,0,8.577788203000068,53.18703785200006,Blumenthal,Blumenthal,2021-4
2021-06-01,11,2021,6,1,14,3,0,7,1,0,0,0,0,0,0,0,8.866135685000074,53.06392703800003,Hemelingen,Hastedt,2021-6
2021-06-01,11,2021,6,4,12,2,5,3,1,0,0,0,0,0,0,0,8.617439404000038,53.174853220000045,Vegesack,Vegesack,2021-6
2021-01-01,11,2021,1,6,13,3,5,2,1,1,0,0,0,0,0,0,8.715549132000035,53.053628315000026,Huchting,Mittelshuchting,2021-1
2021-05-01,11,2021,5,4,7,3,5,3,1,1,0,0,0,0,0,0,8.801980836000041,53.07144012300006,Neustadt,Alte Neustadt,2021-5
2021-03-01,12,2021,3,4,13,3,0,7,1,1,0,0,0,0,0,0,8.579913950000048,53.55079257600005,Mitte (BHV),Mitte-Nord,2021-3
2021-02-01,12,2021,2,4,18,3,5,3,1,1,0,0,0,0,2,0,8.617774489000055,53.51979803800003,Geestemünde,Grünhöfe,2021-2
2021-01-01,11,2021,1,7,0,2,0,7,1,0,0,0,0,0,2,1,8.758508388000052,53.11640030600006,Gröpelingen,Lindenhof,2021-1
2021-07-01,12,2021,7,5,1,3,8,1,1,0,0,0,0,0,2,0,8.576620176000063,53.54559474900003,Mitte (BHV),Mitte-Süd,2021-7
2021-03-01,11,2021,3,7,11,3,0,1,1,0,0,0,0,0,0,0,8.818204631000071,53.09550889500008,Findorff,Weidedamm,2021-3
2021-06-01,11,2021,6,7,17,3,5,2,1,1,0,0,0,0,0,0,8.788046031000022,53.10422908100003,Walle,Osterfeuerberg,2021-6
2021-06-01,11,2021,6,5,15,3,1,5,1,1,0,0,0,0,0,0,8.79708818100005,53.10380389400007,Walle,Osterfeuerberg,2021-6
2021-03-01,11,2021,3,2,18,3,2,7,1,1,0,0,0,0,1,0,8.569118296000056,53.20101790500007,Blumenthal,Lüssum-Bockhorn,2021-3
2021-07-01,11,2021,7,3,13,3,0,7,1,0,0,0,0,0,0,0,8.828634229000045,53.08252753100004,Schwachhausen,Barkhof,2021-7
2021-07-01,12,2021,7,4,7,3,5,3,1,0,0,0,0,0,0,0,8.593682861000048,53.56541687900005,Lehe (BHV),Klushof,2021-7
2021-06-01,11,2021,6,2,15,3,1,5,1,1,0,0,0,0,0,0,8.80751551000003,53.09937378700005,Findorff,Weidedamm,2021-6
2021-04-01,11,2021,4,7,1,3,0,1,1,0,0,0,0,0,2,0,8.561284261000026,53.19160983500007,Blumenthal,Rönnebeck,2021-4
2021-06-01,11,2021,6,5,7,3,5,3,1,1,0,0,0,0,0,0,8.56447804000004,53.19310785800008,Blumenthal,Blumenthal,2021-6
2021-01-01,11,2021,1,2,12,3,4,2,1,1,0,0,0,0,0,1,8.795245386000033,53.09087740700005,Walle,Utbremen,2021-1
2021-05-01,11,2021,5,2,11,3,3,6,1,1,0,0,0,0,0,0,8.902445028000045,53.12741898500008,Unbekannt,Borgfeld,2021-5
2021-07-01,11,2021,7,1,15,3,0,3,1,1,0,0,0,0,0,0,8.788948104000042,53.07314689300006,Neustadt,Alte Neustadt,2021-7
2021-07-01,11,2021,7,4,20,3,5,3,1,1,0,0,0,0,1,0,8.853960130000075,53.08229438100005,Schwachhausen,Gete,2021-7
2021-01-01,11,2021,1,2,14,3,5,3,1,1,0,0,0,0,0,1,8.807284883000023,53.08237072700007,Mitte,Bahnhofsvorstadt,2021-1
2021-06-01,11,2021,6,5,9,3,6,7,1,0,1,0,0,0,0,0,8.860579948000066,53.10282389200006,Horn-Lehe,Lehe,2021-6
2021-04-01,12,2021,4,1,14,3,8,1,1,0,0,0,0,0,0,0,8.578827561000026,53.54635825200006,Mitte (BHV),Mitte-Süd,2021-4
2021-03-01,11,2021,3,3,21,3,1,5,1,1,0,0,0,0,2,0,8.84114461300004,53.092457919000026,Schwachhausen,Neu-Schwachhausen,2021-3
2021-06-01,11,2021,6,4,13,3,5,3,1,1,0,0,0,0,0,0,8.806581258000051,53.07355505200008,Mitte,Altstadt,2021-6
2021-05-01,11,2021,5,2,9,3,5,3,1,1,0,0,0,0,0,0,8.83138645400004,53.08124258000004,Schwachhausen,Schwachhausen,2021-5
2021-01-01,11,2021,1,2,13,3,5,3,1,1,0,0,0,0,0,1,8.88371068400005,53.04841958700007,Hemelingen,Hemelingen,2021-1
2021-06-01,11,2021,6,6,7,3,3,6,1,0,0,0,0,0,0,0,8.939469945000042,53.076683040000034,Oberneuland,Unbekannt,2021-6
2021-03-01,11,2021,3,4,15,3,2,6,1,1,0,0,0,0,0,0,8.835334399000033,53.08029351900007,Schwachhausen,Gete,2021-3
2021-06-01,11,2021,6,4,13,3,5,2,1,1,0,0,0,0,0,0,8.772196209000072,53.07874601200007,Woltmershausen,Woltmershausen,2021-6
2021-04-01,11,2021,4,7,14,2,5,3,1,1,0,0,0,0,0,0,8.906883779000054,53.07144387100004,Hemelingen,Sebaldsbrück,2021-4
2021-04-01,11,2021,4,5,10,3,5,3,1,1,0,0,0,0,0,0,8.812638614000036,53.08082122000008,Mitte,Bahnhofsvorstadt,2021-4
2021-07-01,11,2021,7,5,23,3,0,7,1,0,0,0,0,0,2,0,8.82512089200003,53.08433519400006,Schwachhausen,Bürgerpark,2021-7
2021-06-01,11,2021,6,6,10,2,0,3,1,1,0,0,0,0,0,0,8.823643532000062,53.04414106600007,Obervieland,Kattenturm,2021-6
2021-05-01,11,2021,5,7,16,3,5,2,1,1,0,0,0,0,0,0,8.808637434000048,53.08289263000006,Mitte,Bahnhofsvorstadt,2021-5
2021-01-01,11,2021,1,4,7,2,5,3,1,1,0,0,0,0,2,1,8.831541020000031,53.08593448900007,Schwachhausen,Bürgerpark,2021-1
2021-06-01,11,2021,6,3,9,3,5,3,1,0,0,0,0,1,0,0,8.818926646000023,53.05181993900004,Neustadt,Huckelriede,2021-6
2021-05-01,11,2021,5,3,9,3,5,3,1,1,0,0,0,0,0,1,8.807439249000026,53.08225346600005,Mitte,Bahnhofsvorstadt,2021-5
2021-07-01,11,2021,7,5,18,3,5,3,1,1,0,0,0,0,0,0,8.848653554000066,53.05050565700003,Obervieland,Habenhausen,2021-7
2021-06-01,12,2021,6,3,13,3,6,4,1,0,1,0,0,0,0,0,8.59848557600003,53.56665563000007,Lehe (BHV),Klushof,2021-6
2021-05-01,11,2021,5,6,14,3,0,7,1,0,0,0,0,0,0,0,8.730370526000058,53.09152062900006,Häfen,Neustädter Hafen,2021-5
2021-07-01,11,2021,7,2,17,3,5,3,1,1,0,0,0,0,0,1,8.786706684000023,53.07440659800005,Neustadt,Hohentor,2021-7
2021-03-01,11,2021,3,4,10,2,0,7,1,1,0,0,0,0,0,0,8.849732433000042,53.04870554800005,Obervieland,Habenhausen,2021-3
2021-06-01,11,2021,6,6,18,2,0,7,1,0,0,0,0,1,0,0,8.890090952000037,53.08430885400003,Vahr,Neue Vahr Nord,2021-6
2021-06-01,11,2021,6,2,16,3,5,3,1,0,0,0,0,1,0,0,8.864196808000031,53.09444013500007,Horn-Lehe,Horn,2021-6
2021-07-01,11,2021,7,7,15,3,5,3,1,1,0,0,0,0,0,0,8.963309008000067,53.057544893000056,Osterholz,Tenever,2021-7
2021-05-01,11,2021,5,2,13,3,5,3,1,1,0,0,0,0,0,1,8.827323386000046,53.04261152400005,Obervieland,Kattenturm,2021-5
2021-04-01,11,2021,4,6,7,3,3,7,1,1,0,0,0,0,0,0,8.710997976000044,53.15283783700005,Burglesum,Burg-Grambke,2021-4
2021-06-01,11,2021,6,1,14,3,1,5,1,1,0,0,0,0,0,0,8.613305669000056,53.18219607900005,Vegesack,Fähr-Lobbendorf,2021-6
2021-06-01,11,2021,6,6,11,3,5,3,1,1,0,0,0,0,0,0,8.811216312000056,53.08015658900007,Mitte,Bahnhofsvorstadt,2021-6
2021-03-01,11,2021,3,4,12,3,5,2,1,0,0,0,0,1,0,0,8.820728663000068,53.05061100200004,Obervieland,Kattenturm,2021-3
2021-03-01,11,2021,3,2,10,3,3,2,1,1,0,0,0,0,0,2,8.830342403000031,53.08564920700008,Schwachhausen,Bürgerpark,2021-3
2021-05-01,12,2021,5,2,15,3,9,1,1,0,0,0,0,0,0,0,8.586555316000045,53.52228574500003,Fischereihafen,Fischereihafen,2021-5
2021-07-01,11,2021,7,3,16,3,5,3,1,1,0,0,0,0,0,0,8.874343657000054,53.07841359600008,Vahr,Gartenstadt Vahr,2021-7
2021-06-01,11,2021,6,4,12,2,5,3,1,0,0,0,0,1,0,0,8.84241241500007,53.10603605800003,Schwachhausen,Neu-Schwachhausen,2021-6
2021-01-01,11,2021,1,6,20,3,8,6,1,0,0,0,0,1,2,0,8.856917180000039,53.04580169600007,Obervieland,Habenhausen,2021-1
2021-06-01,11,2021,6,2,16,3,5,3,1,1,0,0,0,0,0,0,8.872444915000074,53.06312825700007,Hemelingen,Hastedt,2021-6
2021-07-01,11,2021,7,7,11,3,5,7,1,1,0,0,0,0,0,1,8.952869718000045,53.05779388900004,Osterholz,Tenever,2021-7
2021-05-01,11,2021,5,2,14,3,5,3,1,0,0,0,0,1,0,0,8.875715565000064,53.08247980900006,Schwachhausen,Radio Bremen,2021-5
2021-01-01,11,2021,1,5,8,3,1,7,1,1,0,0,0,0,0,2,8.93777026600003,53.07539822600006,Osterholz,Ellenerbrok-Schevemoor,2021-1
2021-06-01,11,2021,6,3,18,2,0,7,1,0,0,0,0,0,0,0,8.628002149000054,53.16914689300006,Vegesack,Vegesack,2021-6
2021-05-01,12,2021,5,2,16,3,4,6,1,1,0,0,0,0,0,0,8.605971544000056,53.51613501700007,Geestemünde,Grünhöfe,2021-5
2021-03-01,11,2021,3,7,18,2,0,7,1,0,0,0,0,0,0,0,8.786920341000041,53.10021170400006,Walle,Walle,2021-3
2021-06-01,11,2021,6,2,14,2,5,3,1,1,0,0,0,0,0,0,8.887735820000046,53.10911139500007,Horn-Lehe,Lehesterdeich,2021-6
2021-02-01,11,2021,2,4,5,3,5,3,1,1,0,0,0,0,2,1,8.896104403000038,53.056874280000045,Hemelingen,Sebaldsbrück,2021-2
2021-07-01,12,2021,7,1,12,3,0,7,1,0,0,0,0,0,0,1,8.595077709000066,53.54311378900008,Geestemünde,Geestemünde-Nord,2021-7
2021-07-01,12,2021,7,5,9,3,6,4,1,0,1,0,0,0,0,1,8.589106595000032,53.53355037200004,Geestemünde,Geestendorf,2021-7
2021-04-01,12,2021,4,6,18,3,5,2,1,1,0,0,0,0,0,1,8.602232163000053,53.57199126700005,Lehe (BHV),Schierholz,2021-4
2021-06-01,11,2021,6,3,18,3,0,1,1,0,0,0,0,0,0,0,8.853740342000037,53.08726961200006,Schwachhausen,Radio Bremen,2021-6
2021-06-01,12,2021,6,6,23,3,8,1,1,0,0,0,0,0,2,0,8.59587616300007,53.51139623500006,Wulsdorf,Dreibergen,2021-6
2021-07-01,11,2021,7,5,10,3,5,2,1,1,0,0,0,0,0,0,8.627129427000057,53.17032160100007,Vegesack,Vegesack,2021-7
2021-07-01,11,2021,7,6,14,3,0,7,1,0,0,0,0,0,0,0,8.870932605000064,53.10377888900007,Horn-Lehe,Lehe,2021-7
2021-07-01,11,2021,7,3,10,3,6,3,1,0,1,0,0,0,0,0,8.790199193000035,53.06737419300004,Neustadt,Neustadt,2021-7
2021-04-01,11,2021,4,3,7,3,5,3,1,1,0,0,0,0,0,0,8.833092899000064,53.03978668700006,Obervieland,Kattenturm,2021-4
2021-03-01,11,2021,3,6,23,2,1,7,1,1,0,0,0,0,2,0,8.818359601000054,53.077444470000046,Mitte,Ostertor,2021-3
2021-06-01,12,2021,6,6,11,3,5,3,1,1,0,0,0,0,0,0,8.597248914000033,53.59026445200004,Leherheide,Königsheide,2021-6
2021-03-01,11,2021,3,6,16,3,5,3,1,1,0,0,0,0,0,0,8.846299890000068,53.047492463000026,Obervieland,Habenhausen,2021-3
2021-06-01,11,2021,6,4,19,3,0,7,1,0,0,0,0,0,0,0,8.804839705000063,53.09165148500006,Findorff,Findorff-Bürgerweide,2021-6
2021-07-01,11,2021,7,6,13,3,5,3,1,0,0,0,0,1,0,0,8.799432219000039,53.07006566000007,Neustadt,Alte Neustadt,2021-7
2021-07-01,11,2021,7,4,10,3,5,3,1,1,0,0,0,0,0,1,8.614279896000028,53.17622750000004,Vegesack,Vegesack,2021-7
2021-07-01,11,2021,7,6,16,3,0,3,1,0,0,0,0,0,0,0,8.800400077000063,53.09146519300003,Findorff,Findorff-Bürgerweide,2021-7
2021-04-01,11,2021,4,5,10,2,1,5,1,1,0,0,0,0,0,0,8.822578814000053,53.07958272500008,Mitte,Ostertor,2021-4
2021-04-01,11,2021,4,7,18,3,5,3,1,1,0,0,0,0,0,0,8.853530689000024,53.07075507100007,Östliche Vorstadt,Hulsberg,2021-4
2021-02-01,12,2021,2,3,12,3,8,1,1,0,0,0,0,0,0,0,8.586391023000033,53.59149655500005,Lehe (BHV),Speckenbüttel,2021-2
2021-01-01,11,2021,1,4,8,3,1,5,1,0,0,1,1,0,0,1,8.788039454000057,53.06597605800005,Neustadt,Neustadt,2021-1
2021-06-01,11,2021,6,3,12,3,5,2,1,1,0,0,0,0,0,0,8.831044227000064,53.07476022000003,Östliche Vorstadt,Fesenfeld,2021-6
2021-06-01,11,2021,6,5,11,3,5,3,1,1,0,0,0,0,0,0,8.876533727000037,53.08104137200007,Vahr,Gartenstadt Vahr,2021-6
2021-02-01,11,2021,2,6,9,3,5,1,1,0,0,0,0,0,0,0,8.803244359000075,53.06963461800007,Neustadt,Alte Neustadt,2021-2
2021-01-01,11,2021,1,7,14,3,5,3,1,1,0,0,0,0,0,0,8.82593206100006,53.07873605500004,Östliche Vorstadt,Fesenfeld,2021-1
2021-04-01,11,2021,4,3,19,3,1,5,1,1,0,0,0,0,0,0,8.829911550000077,53.08554163700006,Schwachhausen,Bürgerpark,2021-4
2021-06-01,11,2021,6,4,15,3,5,3,1,1,0,0,0,0,0,0,8.754753510000057,53.11974696900006,Gröpelingen,Ohlenhof,2021-6
2021-05-01,11,2021,5,2,7,3,5,3,1,1,0,0,0,0,0,0,8.566287983000052,53.18772263700004,Blumenthal,Blumenthal,2021-5
2021-03-01,11,2021,3,4,10,3,4,6,1,1,0,0,0,0,0,0,8.939332970000066,53.08572554900008,Oberneuland,Unbekannt,2021-3
2021-07-01,11,2021,7,7,8,2,5,3,1,1,0,0,0,0,0,0,8.913896565000073,53.08335825400008,Oberneuland,Unbekannt,2021-7
2021-01-01,11,2021,1,3,23,3,0,7,1,0,0,0,0,0,2,2,8.802584729000046,53.07169191700007,Neustadt,Alte Neustadt,2021-1
2021-07-01,11,2021,7,2,10,2,5,3,1,1,0,0,0,0,0,0,8.739113603000021,53.13519797200007,Gröpelingen,Oslebshausen,2021-7
2021-03-01,11,2021,3,4,15,3,4,2,1,1,0,0,0,0,0,0,8.804449615000067,53.07550817700008,Mitte,Altstadt,2021-3
2021-06-01,11,2021,6,6,17,3,5,3,1,1,0,0,0,0,0,0,8.813936357000046,53.10030084400006,Findorff,Weidedamm,2021-6
2021-06-01,12,2021,6,7,13,3,1,5,1,1,0,0,0,0,0,1,8.61077212400005,53.59129396900005,Leherheide,Leherheide-West,2021-6
2021-02-01,12,2021,2,7,15,3,6,4,1,0,1,0,0,0,0,0,8.610364743000048,53.51042298500005,Geestemünde,Grünhöfe,2021-2
2021-07-01,11,2021,7,5,7,3,5,3,1,1,0,0,0,0,0,1,8.792994541000041,53.066746685000055,Neustadt,Neustadt,2021-7
2021-07-01,11,2021,7,3,13,3,5,2,1,1,0,0,0,0,0,0,8.932533826000054,53.08540828600008,Oberneuland,Unbekannt,2021-7
2021-06-01,11,2021,6,3,16,3,5,3,1,1,0,0,0,0,0,0,8.698909943000046,53.09275766800005,Unbekannt,Strom,2021-6
2021-06-01,11,2021,6,5,13,3,5,2,1,1,0,0,0,0,0,0,8.64989205300003,53.17389559800006,Vegesack,Schönebeck,2021-6
2021-06-01,11,2021,6,2,11,3,5,3,1,1,0,0,0,0,0,0,8.871866402000023,53.07714922500003,Vahr,Gartenstadt Vahr,2021-6
2021-05-01,12,2021,5,1,18,3,5,3,1,1,0,0,0,0,0,1,8.598012881000045,53.56968657300007,Lehe (BHV),Klushof,2021-5
2021-01-01,11,2021,1,3,14,3,1,5,1,1,0,0,0,0,0,0,8.817199092000067,53.117441435000046,Unbekannt,Blockland,2021-1
2021-06-01,11,2021,6,5,11,3,0,7,1,0,0,0,0,0,0,0,8.852576234000026,53.08621819800004,Schwachhausen,Radio Bremen,2021-6
2021-03-01,11,2021,3,4,17,3,3,6,1,1,0,0,0,0,0,0,8.781397981000055,53.11170727500007,Walle,Walle,2021-3