Datetime,UKREIS,UJAHR,UMONAT,UWOCHENTAG,USTUNDE,UKATEGORIE,UART,UTYP1,IstRad,IstPKW,IstFuss,IstKrad,IstGkfz,IstSonstig,ULICHTVERH,STRZUSTAND,longitude,latitude,Stadtteil,Ortsteil,Datetime
2021-10-01,11,2021,10,6,10,3,5,3,1,0,0,0,0,0,0,0,8.79397881400007,53.09966411700003,Walle,Osterfeuerberg,2021-10
2021-12-01,11,2021,12,3,9,3,5,2,1,1,0,0,0,0,0,0,8.891412616000025,53.09851998400006,Horn-Lehe,Lehesterdeich,2021-12
2021-11-01,12,2021,11,2,8,3,8,1,1,0,0,0,0,0,0,1,8.59651128300004,53.57227817300003,Lehe (BHV),Eckernfeld,2021-11
2021-10-01,11,2021,10,7,16,3,4,6,1,0,0,0,0,0,0,0,8.882253107000054,53.103486427000064,Horn-Lehe,Lehesterdeich,2021-10
2021-10-01,11,2021,10,5,22,2,0,1,1,0,0,0,0,0,2,0,8.809315041000048,53.074645556000064,Mitte,Altstadt,2021-10
2021-08-01,11,2021,8,5,14,2,4,6,1,0,0,0,0,0,0,0,8.77590434700005,53.098580223000056,Walle,Überseestadt,2021-8
2021-11-01,11,2021,11,2,6,3,5,2,1,1,0,0,0,0,2,0,8.914030842000045,53.06823856300008,Hemelingen,Sebaldsbrück,2021-11
2021-08-01,11,2021,8,5,17,2,8,1,1,0,0,0,0,0,0,0,8.850411809000036,53.030198831000064,Obervieland,Arsten,2021-8
2021-12-01,11,2021,12,6,11,3,0,7,1,1,0,0,0,0,0,1,8.824958819000074,53.07303609200005,Östliche Vorstadt,Steintor,2021-12
2021-09-01,11,2021,9,6,10,3,5,7,1,0,0,0,0,0,0,0,8.826027219000025,53.07928899500007,Mitte,Ostertor,2021-9
2021-11-01,11,2021,11,2,20,3,5,3,1,1,0,0,0,0,2,1,8.78156935800007,53.104777900000045,Walle,Walle,2021-11
2021-10-01,11,2021,10,1,17,3,3,2,1,0,0,1,0,0,1,0,8.824437249000027,53.08442931400003,Schwachhausen,Barkhof,2021-10
2021-08-01,11,2021,8,6,13,3,0,7,1,1,0,0,0,0,0,0,8.823028373000056,53.07354855100005,Östliche Vorstadt,Steintor,2021-8
2021-09-01,11,2021,9,3,19,3,5,3,1,1,0,0,0,0,1,0,8.785736009000061,53.072050757000056,Neustadt,Hohentor,2021-9
2021-10-01,11,2021,10,2,10,3,5,2,1,1,0,0,0,0,0,0,8.896723460000032,53.08052003300003,Vahr,Neue Vahr Südost,2021-10
2021-10-01,11,2021,10,5,18,2,0,1,1,0,0,0,0,0,2,0,8.896502612000063,53.09854495200005,Oberneuland,Unbekannt,2021-10
2021-11-01,11,2021,11,1,17,3,0,7,1,0,0,0,0,1,2,0,8.80018756800007,53.07776325400005,Mitte,Altstadt,2021-11
2021-11-01,11,2021,11,5,14,3,5,3,1,1,0,0,0,0,0,0,8.799890079000022,53.07912455000008,Mitte,Altstadt,2021-11
2021-12-01,11,2021,12,5,16,3,5,3,1,1,0,0,0,0,1,0,8.847517617000051,53.05019907000008,Obervieland,Habenhausen,2021-12
2021-10-01,11,2021,10,1,13,3,5,2,1,1,0,0,0,0,0,0,8.890981300000021,53.08621433600007,Vahr,Neue Vahr Nord,2021-10
2021-12-01,11,2021,12,5,13,3,5,3,1,1,0,0,0,0,0,1,8.740889411000069,53.05309877100007,Huchting,Mittelshuchting,2021-12
2021-09-01,11,2021,9,5,15,3,0,7,1,1,0,0,0,0,0,0,8.80822542900006,53.063982632000034,Neustadt,Buntentor,2021-9
2021-11-01,11,2021,11,2,15,3,4,6,1,1,0,0,0,0,0,0,8.827221648000034,53.08486780300007,Schwachhausen,Bürgerpark,2021-11
2021-10-01,11,2021,10,5,17,3,5,3,1,1,0,0,0,0,0,1,8.761031689000049,53.05936328000007,Huchting,Grolland,2021-10
2021-12-01,12,2021,12,5,20,3,8,1,1,0,0,0,0,0,2,2,8.586087381000027,53.56582787500008,Lehe (BHV),Klushof,2021-12
2021-11-01,12,2021,11,2,5,3,5,3,1,1,0,0,0,0,2,1,8.59202631900007,53.57554334000008,Lehe (BHV),Eckernfeld,2021-11
2021-10-01,11,2021,10,6,9,3,5,2,1,1,0,0,0,0,0,0,8.70447897300005,53.15564212500004,Burglesum,Burg-Grambke,2021-10
2021-11-01,12,2021,11,3,10,3,5,2,1,1,0,0,0,0,0,0,8.591976587000033,53.579320540000026,Lehe (BHV),Eckernfeld,2021-11
2021-09-01,12,2021,9,1,10,3,5,3,1,1,0,0,0,0,0,0,8.595247336000057,53.51108861200004,Wulsdorf,Dreibergen,2021-9
2021-08-01,12,2021,8,2,16,2,5,3,1,1,0,0,0,0,0,0,8.586601035000058,53.53667666900003,Geestemünde,Geestemünde-Nord,2021-8
2021-10-01,11,2021,10,1,17,2,9,1,1,0,0,0,0,0,2,0,8.601592573000062,53.177430523000055,Vegesack,Fähr-Lobbendorf,2021-10
2021-08-01,11,2021,8,2,10,3,5,3,1,1,0,0,0,0,0,0,8.880665601000032,53.08111807200004,Vahr,Neue Vahr Südwest,2021-8
2021-09-01,12,2021,9,5,8,3,3,6,1,1,0,0,0,0,0,1,8.572605776000046,53.56046440200004,Lehe (BHV),Twischkamp,2021-9
2021-08-01,11,2021,8,5,10,3,0,2,1,1,0,0,0,0,0,0,8.740035017000025,53.05139739300006,Huchting,Kirchhuchting,2021-8
2021-11-01,11,2021,11,7,16,3,1,5,1,1,0,0,0,0,1,1,8.823265602000049,53.07518956900003,Östliche Vorstadt,Fesenfeld,2021-11
2021-10-01,11,2021,10,2,13,3,5,2,1,0,0,0,0,1,0,0,8.850609186000042,53.08513965000003,Schwachhausen,Radio Bremen,2021-10
2021-09-01,11,2021,9,3,16,3,5,2,1,1,0,0,0,0,0,0,8.795155872000066,53.057684823000045,Neustadt,Neuenland,2021-9
2021-09-01,11,2021,9,6,15,3,5,7,1,1,0,0,0,0,0,0,8.83514789800006,53.04943148600006,Obervieland,Kattenturm,2021-9
2021-11-01,11,2021,11,7,10,3,5,2,1,1,0,0,0,0,0,1,8.801786697000068,53.06785990600008,Neustadt,Südervorstadt,2021-11
2021-11-01,11,2021,11,4,12,2,5,3,1,0,0,0,0,0,0,0,8.822867409000025,53.08282986300003,Schwachhausen,Barkhof,2021-11
2021-09-01,11,2021,9,3,12,3,0,1,1,1,0,0,0,0,0,0,8.80731591500006,53.09532426300007,Findorff,Regensburger Str.,2021-9
2021-08-01,11,2021,8,7,20,3,0,7,1,0,0,0,0,0,2,0,8.794595600000036,53.074837726000055,Neustadt,Alte Neustadt,2021-8
2021-12-01,11,2021,12,2,8,3,1,5,1,1,0,0,0,0,0,1,8.802906548000067,53.09645820600008,Findorff,Regensburger Str.,2021-12
2021-10-01,11,2021,10,4,16,3,0,7,1,0,0,0,0,0,0,0,8.785323068000025,53.10204908900005,Walle,Walle,2021-10
2021-10-01,11,2021,10,4,12,3,5,3,1,1,0,0,0,0,0,1,8.859548655000026,53.08269519900006,Schwachhausen,Radio Bremen,2021-10
2021-09-01,11,2021,9,2,12,3,3,6,1,1,0,0,0,0,0,0,8.782678748000023,53.08712843600006,Walle,Überseestadt,2021-9
2021-08-01,11,2021,8,5,17,3,4,6,1,0,0,0,0,1,0,0,8.793697515000076,53.07379157400004,Neustadt,Alte Neustadt,2021-8
2021-09-01,11,2021,9,5,13,2,5,3,1,1,0,0,0,0,0,0,8.850171425000042,53.06550364200007,Östliche Vorstadt,Peterswerder,2021-9
2021-12-01,11,2021,12,4,20,3,1,3,1,1,0,0,0,0,2,0,8.819033237000042,53.082440037000026,Schwachhausen,Barkhof,2021-12
2021-10-01,11,2021,10,5,16,3,5,3,1,1,0,0,0,0,0,0,8.838052810000022,53.06788612600008,Östliche Vorstadt,Peterswerder,2021-10
2021-11-01,11,2021,11,2,9,3,5,2,1,1,0,0,0,0,0,1,8.775306028000045,53.11609858200006,Gröpelingen,Gröpelingen,2021-11
2021-09-01,12,2021,9,1,13,3,8,1,1,0,0,0,0,0,0,0,8.548518310000077,53.58085259100005,Häfen (BHV),Stadtbremisches Überseehafengebiet Bremerhaven,2021-9
2021-08-01,11,2021,8,2,18,3,0,3,1,1,0,0,0,0,0,0,8.871909895000044,53.07713226100003,Vahr,Gartenstadt Vahr,2021-8
2021-10-01,12,2021,10,3,16,3,5,3,1,1,0,0,0,0,0,1,8.603955049000035,53.58623116600006,Leherheide,Königsheide,2021-10
2021-12-01,11,2021,12,3,14,3,0,7,1,0,0,0,0,0,0,1,8.876975143000038,53.09114808200008,Horn-Lehe,Horn,2021-12
2021-10-01,11,2021,10,6,13,3,5,3,1,1,0,0,0,0,0,0,8.890594762000035,53.10889470800004,Horn-Lehe,Lehesterdeich,2021-10
2021-10-01,11,2021,10,3,19,3,0,7,1,1,0,0,0,0,1,0,8.850272429000029,53.08528844900008,Schwachhausen,Riensberg,2021-10
2021-09-01,11,2021,9,1,11,3,0,7,1,0,0,0,0,0,0,0,8.822020619000057,53.08563845500004,Schwachhausen,Barkhof,2021-9
2021-11-01,11,2021,11,3,7,3,0,7,1,0,0,0,0,0,1,1,8.89007945000003,53.08223948400007,Vahr,Neue Vahr Südwest,2021-11
2021-11-01,11,2021,11,4,18,3,4,6,1,0,0,0,0,0,1,1,8.704272486000036,53.156057272000055,Burglesum,Burg-Grambke,2021-11
2021-11-01,11,2021,11,3,10,3,4,6,1,0,0,0,0,0,0,0,8.89237051200007,53.07937103900008,Vahr,Neue Vahr Südost,2021-11
2021-11-01,12,2021,11,6,7,3,5,3,1,1,0,0,0,0,0,1,8.604336025000066,53.58283810700004,Lehe (BHV),Schierholz,2021-11
2021-09-01,11,2021,9,4,7,3,3,6,1,1,0,0,0,0,0,0,8.893481020000024,53.04697316500005,Hemelingen,Hemelingen,2021-9
2021-10-01,11,2021,10,6,18,3,0,7,1,0,0,0,0,0,1,0,8.828259640000056,53.07237553800008,Östliche Vorstadt,Steintor,2021-10
2021-12-01,11,2021,12,2,13,3,5,3,1,0,0,0,0,1,0,0,8.852767766000056,53.10450477500007,Horn-Lehe,Lehe,2021-12
2021-10-01,11,2021,10,5,7,3,5,3,1,1,0,0,0,0,0,0,8.704450424000072,53.15576444200008,Burglesum,Burg-Grambke,2021-10
2021-09-01,11,2021,9,2,18,3,0,7,1,0,0,0,0,0,0,0,8.884191162000036,53.10550613100003,Horn-Lehe,Lehesterdeich,2021-9
2021-08-01,11,2021,8,6,15,3,5,2,1,0,0,0,0,1,0,0,8.815728629000034,53.07948237300008,Mitte,Bahnhofsvorstadt,2021-8
2021-09-01,11,2021,9,5,7,3,5,2,1,1,0,0,0,0,0,0,8.78716545800006,53.09993269700004,Walle,Walle,2021-9
2021-09-01,11,2021,9,4,9,2,5,3,1,0,0,0,0,1,0,1,8.818095656000025,53.07772390100007,Mitte,Ostertor,2021-9
2021-09-01,11,2021,9,6,10,3,5,2,1,1,0,0,0,0,0,0,8.878353158000039,53.07908136900005,Vahr,Gartenstadt Vahr,2021-9
2021-10-01,11,2021,10,7,22,3,0,7,1,0,0,0,0,0,2,0,8.797196435000046,53.06438700800004,Neustadt,Gartenstadt Süd,2021-10
2021-12-01,12,2021,12,5,16,3,8,1,1,0,0,0,0,0,2,2,8.618847587000062,53.52856785700004,Geestemünde,Bürgerpark (BHV),2021-12
2021-10-01,11,2021,10,6,12,3,0,7,1,1,0,0,0,0,0,1,8.789034960000038,53.09418806600007,Walle,Westend,2021-10
2021-09-01,11,2021,9,3,11,2,4,6,1,0,0,0,0,0,0,0,8.75167131400002,53.16396275400007,Unbekannt,Blockland,2021-9
2021-08-01,11,2021,8,2,9,3,5,3,1,1,0,0,0,0,0,0,8.80792585100005,53.07446923500004,Mitte,Altstadt,2021-8
2021-11-01,11,2021,11,4,15,3,5,3,1,0,0,0,0,0,0,0,8.91114322900006,53.09333844000008,Oberneuland,Unbekannt,2021-11
2021-10-01,11,2021,10,4,17,3,5,3,1,1,0,0,0,0,1,0,8.906884435000052,53.071458860000064,Hemelingen,Sebaldsbrück,2021-10
2021-12-01,12,2021,12,4,12,3,8,1,1,0,0,0,0,0,0,1,8.585056218000034,53.53383919200007,Geestemünde,Geestendorf,2021-12
2021-11-01,11,2021,11,3,16,3,5,2,1,1,0,0,0,0,2,1,8.887607849000062,53.09916603500005,Horn-Lehe,Lehesterdeich,2021-11
2021-11-01,11,2021,11,2,19,3,6,7,1,0,1,0,0,0,2,0,8.812836141000048,53.08071939500008,Mitte,Bahnhofsvorstadt,2021-11
2021-11-01,11,2021,11,4,17,3,5,2,1,0,0,0,0,1,1,1,8.832790918000057,53.04006010400008,Obervieland,Kattenturm,2021-11
2021-10-01,11,2021,10,5,20,3,5,3,1,1,0,0,0,0,2,0,8.777361683000038,53.10990360200003,Walle,Walle,2021-10
2021-11-01,11,2021,11,2,11,3,5,3,1,1,0,0,0,0,0,0,8.776432855000053,53.09796309800004,Walle,Walle,2021-11
2021-09-01,12,2021,9,5,14,3,5,3,1,1,0,0,0,0,0,0,8.603668085000038,53.586232789000064,Leherheide,Königsheide,2021-9
2021-08-01,11,2021,8,1,19,3,6,7,1,0,1,0,0,0,0,0,8.836633431000052,53.06807711400006,Östliche Vorstadt,Peterswerder,2021-8
2021-08-01,11,2021,8,2,11,3,5,3,1,1,0,0,0,0,0,0,8.843744732000062,53.08375432700007,Schwachhausen,Gete,2021-8
2021-10-01,11,2021,10,5,14,3,4,7,1,0,0,0,0,0,0,0,8.898600801000043,53.09289080500008,Horn-Lehe,Horn,2021-10
2021-11-01,12,2021,11,4,17,3,5,3,1,1,0,0,0,0,2,1,8.599728452000022,53.49197819200003,Wulsdorf,Jedutenberg,2021-11
2021-12-01,11,2021,12,6,15,3,5,3,1,1,0,0,0,0,0,1,8.802975142000037,53.07979617800004,Mitte,Altstadt,2021-12
2021-08-01,11,2021,8,5,19,3,0,7,1,0,0,0,0,0,0,0,8.571786159000055,53.19051006600006,Blumenthal,Blumenthal,2021-8
2021-09-01,11,2021,9,1,13,3,5,3,1,1,0,0,0,0,0,0,8.851264539000056,53.08397687600007,Schwachhausen,Gete,2021-9
2021-11-01,11,2021,11,3,15,3,4,2,1,1,0,0,0,0,0,1,8.927866919000053,53.07260717300005,Osterholz,Blockdiek,2021-11
2021-11-01,11,2021,11,2,15,3,5,3,1,1,0,0,0,0,0,0,8.777704551000056,53.063971597000034,Neustadt,Neuenland,2021-11
2021-10-01,11,2021,10,3,17,3,4,6,1,1,0,0,0,0,1,1,8.556496658000071,53.186956175000034,Blumenthal,Rönnebeck,2021-10
2021-12-01,11,2021,12,5,18,3,5,3,1,1,0,0,0,0,2,1,8.815174197000033,53.07710755000005,Mitte,Ostertor,2021-12
2021-08-01,11,2021,8,3,17,2,4,2,1,1,0,0,0,0,0,0,8.835157716000026,53.09141129700004,Schwachhausen,Neu-Schwachhausen,2021-8
2021-08-01,11,2021,8,4,9,3,5,2,1,1,0,0,0,0,0,1,8.87840262100002,53.07912263300005,Vahr,Gartenstadt Vahr,2021-8
2021-11-01,12,2021,11,2,7,3,8,1,1,0,0,0,0,0,1,2,8.611132830000031,53.58839578900006,Leherheide,Leherheide-West,2021-11
2021-11-01,12,2021,11,2,15,2,9,1,1,0,0,0,0,0,0,0,8.590033984000058,53.52143149200003,Geestemünde,Geestemünde-Süd,2021-11
2021-09-01,12,2021,9,4,15,3,8,1,1,0,0,0,0,0,0,1,8.597372660000076,53.59126954300007,Leherheide,Königsheide,2021-9
2021-09-01,12,2021,9,5,18,3,8,1,1,1,0,0,0,0,0,0,8.59328339600006,53.55522813400006,Lehe (BHV),Klushof,2021-9
2021-10-01,11,2021,10,6,10,3,3,6,1,1,0,0,0,0,0,1,8.80157711000004,53.07155168200006,Neustadt,Alte Neustadt,2021-10
2021-10-01,11,2021,10,2,15,3,5,2,1,0,0,0,0,0,0,0,8.801991934000057,53.07147819900007,Neustadt,Alte Neustadt,2021-10
2021-09-01,11,2021,9,6,11,3,0,7,1,0,0,0,0,0,0,0,8.82573254700003,53.07307859400004,Östliche Vorstadt,Steintor,2021-9
2021-11-01,11,2021,11,4,15,3,5,3,1,1,0,0,0,0,0,0,8.806907507000062,53.09631765700004,Findorff,Weidedamm,2021-11
2021-11-01,11,2021,11,5,16,3,0,2,1,1,0,0,0,0,1,0,8.803764466000075,53.07660483700005,Mitte,Altstadt,2021-11
2021-11-01,11,2021,11,1,17,2,1,5,1,1,0,0,0,0,2,0,8.790214927000022,53.07165294400005,Neustadt,Neustadt,2021-11
2021-08-01,12,2021,8,2,13,2,0,7,1,0,0,0,0,0,0,0,8.595342623000022,53.52998845300005,Geestemünde,Geestendorf,2021-8
2021-09-01,11,2021,9,1,13,3,5,3,1,0,0,0,0,0,0,0,8.811138093000068,53.07165842800004,Mitte,Altstadt,2021-9
2021-10-01,11,2021,10,1,23,3,5,2,1,1,0,0,0,0,2,1,8.808490003000031,53.08807769900005,Findorff,Findorff-Bürgerweide,2021-10
2021-10-01,11,2021,10,5,11,3,5,2,1,1,0,0,0,0,0,0,8.841355768000028,53.03552220800003,Obervieland,Arsten,2021-10
2021-11-01,11,2021,11,3,11,3,1,5,1,1,0,0,0,0,0,0,8.789729797000064,53.096945867000045,Walle,Westend,2021-11
2021-09-01,11,2021,9,7,0,3,0,7,1,0,0,0,0,0,2,0,8.83761333600006,53.06936872200004,Östliche Vorstadt,Peterswerder,2021-9
2021-08-01,11,2021,8,6,21,3,1,1,1,1,0,0,0,0,1,0,8.789205387000038,53.093297000000064,Walle,Westend,2021-8
2021-11-01,11,2021,11,4,8,3,5,3,1,1,0,0,0,0,0,0,8.717474234000065,53.04647261800005,Huchting,Sodenmatt,2021-11
2021-08-01,11,2021,8,3,16,3,6,4,1,0,1,0,0,0,0,0,8.80482218700007,53.07479491500004,Mitte,Altstadt,2021-8
2021-12-01,11,2021,12,4,9,3,5,3,1,1,0,0,0,0,0,0,8.781573110000068,53.10478198000004,Walle,Walle,2021-12
2021-10-01,11,2021,10,2,13,3,0,6,1,1,0,0,0,0,0,0,8.87322094600006,53.077946678000046,Vahr,Gartenstadt Vahr,2021-10
2021-12-01,11,2021,12,2,9,3,4,3,1,1,0,0,0,0,0,0,8.70707087900007,53.17159108700008,Burglesum,Burgdamm,2021-12
2021-09-01,11,2021,9,3,13,3,8,1,1,0,0,0,0,0,0,0,8.801166786000067,53.07894377800005,Mitte,Altstadt,2021-9
2021-11-01,11,2021,11,2,23,3,1,6,1,1,0,0,0,0,2,0,8.934272730000032,53.062271579000026,Osterholz,Ellenerbrok-Schevemoor,2021-11
2021-10-01,11,2021,10,5,13,3,5,2,1,1,0,0,0,0,0,0,8.727456076000067,53.03835199500003,Huchting,Kirchhuchting,2021-10
2021-08-01,12,2021,8,6,13,3,5,3,1,1,0,0,0,0,0,0,8.590285480000034,53.50360212000004,Fischereihafen,Fischereihafen,2021-8
2021-08-01,11,2021,8,4,7,3,5,2,1,1,0,0,0,0,0,0,8.785168165000073,53.08856629600007,Walle,Überseestadt,2021-8
2021-12-01,12,2021,12,4,9,3,5,2,1,1,0,0,0,0,0,1,8.629978831000074,53.52584302200006,Surheide,Surheide,2021-12
2021-12-01,11,2021,12,4,8,3,5,2,1,0,0,0,0,1,1,1,8.823650512000029,53.07799749700007,Mitte,Ostertor,2021-12
2021-10-01,12,2021,10,7,10,3,5,3,1,1,0,0,0,0,0,0,8.585944931000029,53.56431044800007,Lehe (BHV),Twischkamp,2021-10
2021-09-01,11,2021,9,2,7,2,5,3,1,1,0,0,0,0,0,0,8.862939785000037,53.062967926000056,Hemelingen,Hastedt,2021-9
2021-07-01,11,2021,7,7,5,2,5,3,1,1,0,0,0,0,1,0,8.797149570000045,53.07633677600006,Neustadt,Alte Neustadt,2021-7
2021-12-01,11,2021,12,4,13,3,5,2,1,1,0,0,0,0,0,1,8.883785519000071,53.073649190000026,Hemelingen,Sebaldsbrück,2021-12
2021-08-01,12,2021,8,7,21,3,3,7,1,1,0,0,0,0,1,0,8.591484409000032,53.55673588100007,Lehe (BHV),Klushof,2021-8
2021-09-01,11,2021,9,2,16,3,5,3,1,1,0,0,0,0,0,0,8.754823742000042,53.11978839700004,Gröpelingen,Ohlenhof,2021-9
2021-11-01,11,2021,11,2,7,3,5,2,1,1,0,0,0,0,0,0,8.793730531000051,53.066360821000046,Neustadt,Südervorstadt,2021-11
2021-10-01,11,2021,10,6,15,3,5,3,1,1,0,0,0,0,0,0,8.825024128000052,53.08458186500008,Schwachhausen,Bürgerpark,2021-10
2021-12-01,11,2021,12,3,16,3,5,3,1,1,0,0,0,0,2,1,8.733786039000051,53.05844992700003,Huchting,Mittelshuchting,2021-12
2021-08-01,11,2021,8,3,1,3,4,6,1,0,0,0,0,1,2,1,8.782664823000061,53.09078346100006,Walle,Steffensweg,2021-8
2021-12-01,11,2021,12,2,15,3,5,3,1,1,0,0,0,0,0,0,8.889547185000026,53.06167016400008,Hemelingen,Sebaldsbrück,2021-12
2021-11-01,11,2021,11,5,11,3,5,3,1,1,0,0,0,0,0,1,8.80809290700006,53.09971234000005,Findorff,Weidedamm,2021-11
2021-10-01,11,2021,10,5,18,3,4,6,1,0,0,0,0,1,0,0,8.779322566000076,53.09870858900007,Walle,Walle,2021-10
2021-08-01,12,2021,8,5,14,3,9,1,1,0,0,0,0,0,0,0,8.578810727000075,53.54389710600003,Mitte (BHV),Mitte-Süd,2021-8
2021-08-01,11,2021,8,3,8,3,1,5,1,1,0,0,0,0,0,0,8.898005356000056,53.08334933300006,Vahr,Neue Vahr Nord,2021-8
2021-11-01,11,2021,11,1,12,3,5,3,1,1,0,0,0,0,0,0,8.796581071000048,53.05666574900005,Neustadt,Neuenland,2021-11
2021-08-01,12,2021,8,5,12,3,5,3,1,1,0,0,0,0,0,1,8.581115272000034,53.56272899400005,Lehe (BHV),Twischkamp,2021-8
2021-10-01,12,2021,10,3,15,3,8,1,1,0,0,0,0,0,0,1,8.581844381000053,53.53612831800007,Geestemünde,Geestemünde-Nord,2021-10
2021-09-01,11,2021,9,3,11,3,3,6,1,1,0,0,0,0,0,1,8.822092777000023,53.03717403400003,Obervieland,Kattenturm,2021-9
2021-09-01,11,2021,9,5,17,3,3,2,1,1,0,0,0,0,0,0,8.871878525000056,53.07714449600008,Vahr,Gartenstadt Vahr,2021-9
2021-11-01,11,2021,11,2,8,3,5,3,1,1,0,0,0,0,0,0,8.56496531700003,53.19330632400005,Blumenthal,Rönnebeck,2021-11
2021-09-01,12,2021,9,5,22,3,8,1,1,0,0,0,0,0,2,1,8.574156745000039,53.557744340000056,Mitte (BHV),Mitte-Nord,2021-9
2021-12-01,11,2021,12,2,9,3,5,3,1,1,0,0,0,0,0,1,8.881864850000056,53.09734778900008,Horn-Lehe,Lehe,2021-12
2021-10-01,11,2021,10,5,14,3,5,7,1,0,0,1,0,0,0,0,8.819133167000075,53.08705084600007,Schwachhausen,Bürgerpark,2021-10
2021-12-01,11,2021,12,3,7,2,0,7,1,0,0,0,0,1,2,0,8.825506077000057,53.07894477900004,Östliche Vorstadt,Fesenfeld,2021-12
2021-11-01,12,2021,11,1,20,3,5,3,1,1,0,0,0,0,2,1,8.593287287000066,53.53666248800005,Geestemünde,Geestemünde-Nord,2021-11
2021-11-01,11,2021,11,6,16,3,3,2,1,1,0,0,0,0,2,0,8.803243043000066,53.08024291900006,Mitte,Altstadt,2021-11
2021-09-01,11,2021,9,2,7,3,5,3,1,1,0,0,0,0,0,0,8.92965001400006,53.08948073900007,Oberneuland,Unbekannt,2021-9
2021-12-01,12,2021,12,5,7,3,9,1,1,0,0,0,0,0,2,0,8.592813445000047,53.53539253100007,Geestemünde,Geestemünde-Nord,2021-12
2021-10-01,12,2021,10,7,10,3,1,5,1,1,0,0,0,0,0,0,8.592908429000033,53.59298303800006,Leherheide,Königsheide,2021-10
2021-09-01,11,2021,9,3,13,3,5,2,1,1,0,0,0,0,0,0,8.941904088000058,53.07755446500005,Oberneuland,Unbekannt,2021-9
2021-08-01,11,2021,8,7,13,3,0,3,1,1,0,0,0,0,0,1,8.804499766000049,53.09178348100005,Findorff,Findorff-Bürgerweide,2021-8
2021-09-01,11,2021,9,4,14,3,5,3,1,1,0,0,0,0,0,1,8.740834353000025,53.05195667700008,Huchting,Kirchhuchting,2021-9
2021-08-01,11,2021,8,4,6,3,5,2,1,1,0,0,0,0,0,0,8.87117287500007,53.09843956800006,Horn-Lehe,Lehe,2021-8
2021-11-01,11,2021,11,2,8,3,5,3,1,1,0,0,0,0,0,1,8.922201302000076,53.04096789900007,Hemelingen,Arbergen,2021-11
2021-11-01,11,2021,11,3,15,3,5,3,1,1,0,0,0,0,0,1,8.805161921000035,53.09553740500007,Findorff,Regensburger Str.,2021-11
2021-11-01,11,2021,11,4,14,3,5,3,1,1,0,0,0,0,0,0,8.759184546000029,53.11937427700008,Gröpelingen,Gröpelingen,2021-11
2021-10-01,11,2021,10,5,14,3,5,2,1,1,0,0,0,0,0,0,8.833489102000044,53.07072713100007,Östliche Vorstadt,Peterswerder,2021-10
2021-10-01,11,2021,10,2,8,3,2,6,1,1,0,0,0,0,0,0,8.850569652000047,53.07112657500005,Östliche Vorstadt,Peterswerder,2021-10
2021-12-01,11,2021,12,5,11,3,5,3,1,1,0,0,0,0,0,1,8.919934570000066,53.07341442800004,Osterholz,Blockdiek,2021-12
2021-09-01,11,2021,9,5,12,3,5,3,1,1,0,0,0,0,0,0,8.825110451000057,53.08418347300005,Schwachhausen,Barkhof,2021-9
2021-10-01,11,2021,10,7,10,3,5,3,1,1,0,0,0,0,2,1,8.770099216000062,53.09526238000007,Walle,Überseestadt,2021-10
2021-10-01,11,2021,10,2,16,3,5,3,1,1,0,0,0,0,0,0,8.77589458400007,53.09049350600003,Walle,Überseestadt,2021-10
2021-09-01,11,2021,9,2,8,3,3,6,1,0,0,0,0,0,0,0,8.77477721200006,53.08027533600006,Woltmershausen,Woltmershausen,2021-9
2021-11-01,11,2021,11,6,8,3,0,7,1,0,0,0,0,1,0,1,8.761418282000022,53.07589574100007,Woltmershausen,Woltmershausen,2021-11
2021-12-01,11,2021,12,4,15,3,5,2,1,1,0,0,0,0,0,1,8.53604464700004,53.19219725200003,Blumenthal,Rönnebeck,2021-12
2021-10-01,12,2021,10,6,21,3,8,1,1,1,0,0,0,0,2,1,8.60055283500003,53.57007508200007,Lehe (BHV),Schierholz,2021-10
2021-09-01,11,2021,9,3,18,3,4,6,1,0,0,0,0,0,0,0,8.910547854000072,53.082642159000045,Oberneuland,Unbekannt,2021-9
2021-08-01,11,2021,8,6,14,3,5,3,1,1,0,0,0,0,0,1,8.880349443000057,53.08241616300006,Vahr,Neue Vahr Südwest,2021-8
2021-09-01,12,2021,9,3,17,3,5,3,1,1,0,0,0,0,0,0,8.572967724000023,53.56043195500007,Lehe (BHV),Goethestrasse,2021-9
2021-11-01,11,2021,11,2,16,3,4,6,1,0,0,0,0,0,1,0,8.801204518000077,53.07141234900007,Neustadt,Alte Neustadt,2021-11
2021-08-01,11,2021,8,7,17,3,3,6,1,0,0,0,0,1,0,0,8.843547081000054,53.14511635700006,Unbekannt,Blockland,2021-8