Datetime,UKREIS,UJAHR,UMONAT,UWOCHENTAG,USTUNDE,UKATEGORIE,UART,UTYP1,IstRad,IstPKW,IstFuss,IstKrad,IstGkfz,IstSonstig,ULICHTVERH,STRZUSTAND,longitude,latitude,Stadtteil,Ortsteil,Datetime
2021-09-01,11,2021,9,4,21,2,0,7,1,0,0,0,0,0,1,0,8.824345594000022,53.06991056500004,Östliche Vorstadt,Steintor,2021-9
2021-10-01,11,2021,10,1,13,2,3,6,1,0,0,0,0,0,0,0,8.814020215000028,53.07305593600006,Mitte,Altstadt,2021-10
2021-09-01,12,2021,9,3,14,3,3,6,1,1,0,0,0,0,0,0,8.604018233000033,53.58407274700005,Lehe (BHV),Schierholz,2021-9
2021-12-01,11,2021,12,5,21,3,0,7,1,0,0,0,0,0,2,2,8.82455856200005,53.08404337600007,Schwachhausen,Barkhof,2021-12
2021-12-01,11,2021,12,5,12,3,1,7,1,1,0,0,0,0,0,1,8.877236788000062,53.06165603200003,Hemelingen,Hastedt,2021-12
2021-11-01,12,2021,11,4,7,3,5,2,1,1,0,0,0,0,1,1,8.613987846000043,53.52925665200007,Geestemünde,Bürgerpark (BHV),2021-11
2021-11-01,12,2021,11,5,11,3,5,2,1,1,0,0,0,0,0,1,8.606428841000024,53.530485861000045,Geestemünde,Bürgerpark (BHV),2021-11
2021-09-01,11,2021,9,5,7,3,5,3,1,1,0,0,0,0,1,0,8.893634205000069,53.11521896800008,Horn-Lehe,Lehesterdeich,2021-9
2021-11-01,11,2021,11,4,20,3,5,3,1,1,0,0,0,0,2,0,8.809341676000031,53.09926249900008,Findorff,Weidedamm,2021-11
2021-09-01,11,2021,9,4,17,3,4,6,1,1,0,0,0,0,0,0,8.870143765000023,53.06184767700006,Hemelingen,Hastedt,2021-9
2021-11-01,11,2021,11,3,9,3,5,3,1,1,0,0,0,0,0,1,8.886619004000067,53.09046897000008,Horn-Lehe,Horn,2021-11
2021-10-01,11,2021,10,5,11,3,5,3,1,1,0,0,0,0,0,0,8.626577225000062,53.169641959000046,Vegesack,Vegesack,2021-10
2021-11-01,11,2021,11,3,16,3,5,2,1,1,0,0,0,0,1,1,8.778818044000047,53.06463318000005,Neustadt,Neuenland,2021-11
2021-08-01,11,2021,8,3,9,3,4,2,1,1,0,0,0,0,0,0,8.809175075000041,53.07886606700004,Mitte,Altstadt,2021-8
2021-10-01,12,2021,10,4,6,3,0,7,1,0,0,0,0,1,2,1,8.610260717000074,53.57069781000007,Lehe (BHV),Schierholz,2021-10
2021-12-01,11,2021,12,2,14,3,5,3,1,1,0,0,0,0,0,0,8.85693906900002,53.07270381500007,Hemelingen,Hastedt,2021-12
2021-12-01,12,2021,12,7,15,3,5,3,1,1,0,0,0,0,0,1,8.586074806000056,53.56164656000004,Lehe (BHV),Twischkamp,2021-12
2021-10-01,11,2021,10,3,15,3,4,1,1,0,0,0,0,1,0,0,8.729379838000057,53.05544282300008,Huchting,Mittelshuchting,2021-10
2021-08-01,12,2021,8,2,16,3,3,6,1,1,0,0,0,0,0,0,8.585722973000031,53.53734335500008,Geestemünde,Geestemünde-Nord,2021-8
2021-11-01,11,2021,11,3,14,3,0,3,1,0,0,0,0,1,0,0,8.774177829000052,53.09538436900005,Walle,Überseestadt,2021-11
2021-12-01,11,2021,12,4,14,3,1,6,1,1,0,0,0,0,0,0,8.83173414600003,53.08108125600006,Schwachhausen,Gete,2021-12
2021-09-01,12,2021,9,3,16,3,5,3,1,1,0,0,0,0,0,0,8.59113828300002,53.50088606000003,Fischereihafen,Fischereihafen,2021-9
2021-08-01,11,2021,8,6,22,2,0,7,1,0,0,0,0,0,2,1,8.82962249600007,53.07187464700007,Östliche Vorstadt,Steintor,2021-8
2021-12-01,11,2021,12,2,8,3,5,3,1,1,0,0,0,0,1,1,8.951857219000033,53.07264950900003,Osterholz,Tenever,2021-12
2021-09-01,11,2021,9,2,11,3,5,2,1,1,0,0,0,0,0,0,8.887640581000028,53.06971054700006,Hemelingen,Sebaldsbrück,2021-9
2021-11-01,11,2021,11,3,14,3,4,6,1,0,0,0,0,0,0,1,8.895646555000042,53.09711268500007,Horn-Lehe,Lehesterdeich,2021-11
2021-08-01,11,2021,8,6,12,3,4,6,1,0,0,0,0,0,0,0,8.854008479000072,53.074779128000046,Östliche Vorstadt,Hulsberg,2021-8
2021-10-01,11,2021,10,7,12,3,5,7,1,1,0,0,0,0,0,0,8.57256577000004,53.182442525000056,Blumenthal,Blumenthal,2021-10
2021-09-01,12,2021,9,3,19,3,0,7,1,1,0,0,0,0,0,0,8.580395672000066,53.55076398500006,Mitte (BHV),Mitte-Nord,2021-9
2021-10-01,11,2021,10,6,8,3,5,3,1,1,0,0,0,0,0,0,8.850444037000045,53.03853581000004,Obervieland,Habenhausen,2021-10
2021-10-01,11,2021,10,4,14,3,5,7,1,1,0,0,0,0,0,0,8.831471368000052,53.04063545800005,Obervieland,Kattenturm,2021-10
2021-11-01,12,2021,11,2,6,3,5,3,1,0,0,0,0,1,2,1,8.591906395000024,53.57561011300004,Lehe (BHV),Eckernfeld,2021-11
2021-09-01,11,2021,9,6,11,3,5,3,1,1,0,0,0,0,0,0,8.810979282000062,53.09548388600007,Findorff,Weidedamm,2021-9
2021-12-01,11,2021,12,4,13,3,5,2,1,1,0,0,0,0,0,0,8.825113987000066,53.08445548900005,Schwachhausen,Bürgerpark,2021-12
2021-11-01,12,2021,11,5,17,3,5,3,1,1,0,0,0,0,2,1,8.592840138000042,53.56778741900007,Lehe (BHV),Klushof,2021-11
2021-10-01,11,2021,10,3,16,3,5,3,1,1,0,0,0,0,0,1,8.788465321000047,53.09841753500007,Walle,Westend,2021-10
2021-12-01,11,2021,12,6,16,2,5,3,1,1,0,0,0,0,2,1,8.805329904000075,53.10038026700005,Findorff,Regensburger Str.,2021-12
2021-10-01,12,2021,10,2,17,3,5,3,1,1,0,0,0,0,0,1,8.58573149700004,53.58405294300008,Lehe (BHV),Speckenbüttel,2021-10
2021-08-01,11,2021,8,4,14,3,5,3,1,1,0,0,0,0,0,0,8.905884841000045,53.04031239700004,Hemelingen,Arbergen,2021-8
2021-11-01,11,2021,11,5,7,3,5,3,1,1,0,0,0,0,0,1,8.82498567500005,53.08457068700005,Schwachhausen,Bürgerpark,2021-11
2021-11-01,12,2021,11,6,17,3,8,1,1,0,0,0,0,0,2,0,8.600594715000057,53.53742024400003,Geestemünde,Bürgerpark (BHV),2021-11
2021-08-01,12,2021,8,6,12,3,5,3,1,1,0,0,0,0,0,1,8.59996046200007,53.51224738500008,Wulsdorf,Dreibergen,2021-8
2021-09-01,11,2021,9,3,8,3,0,7,1,0,0,0,0,0,0,0,8.841531033000024,53.08321669200007,Schwachhausen,Schwachhausen,2021-9
2021-10-01,11,2021,10,5,15,3,5,2,1,1,0,0,0,0,0,0,8.80046459700003,53.09143670100008,Findorff,Findorff-Bürgerweide,2021-10
2021-09-01,11,2021,9,1,5,3,0,1,1,0,0,0,0,0,2,0,8.810968167000055,53.07170681000008,Mitte,Altstadt,2021-9
2021-11-01,11,2021,11,4,14,3,5,3,1,1,0,0,0,0,0,0,8.846719508000035,53.09267576400004,Schwachhausen,Neu-Schwachhausen,2021-11
2021-08-01,12,2021,8,3,17,3,0,7,1,0,0,0,0,0,0,0,8.588755305000063,53.52513980100008,Geestemünde,Geestendorf,2021-8
2021-12-01,11,2021,12,5,12,3,5,3,1,1,0,0,0,0,0,0,8.808471545000032,53.083284726000045,Mitte,Bahnhofsvorstadt,2021-12
2021-11-01,11,2021,11,2,7,3,5,3,1,1,0,0,0,0,0,0,8.765651969000032,53.08229648700007,Woltmershausen,Woltmershausen,2021-11
2021-11-01,11,2021,11,7,13,3,6,4,1,0,1,0,0,0,0,1,8.927275743000052,53.07602257500008,Osterholz,Blockdiek,2021-11
2021-12-01,12,2021,12,5,7,3,8,1,1,0,0,0,0,0,2,1,8.587712607000071,53.55918813300008,Lehe (BHV),Klushof,2021-12
2021-09-01,11,2021,9,3,10,3,1,5,1,1,0,0,0,0,0,0,8.774959213000045,53.11161412300004,Walle,Walle,2021-9
2021-08-01,12,2021,8,3,15,2,5,3,1,1,0,0,0,0,0,1,8.590989150000041,53.54139696700008,Geestemünde,Geestemünde-Nord,2021-8
2021-09-01,11,2021,9,6,23,3,3,6,1,1,0,0,0,0,2,0,8.82230352800002,53.06908460100004,Mitte,Ostertor,2021-9
2021-08-01,11,2021,8,7,22,3,3,6,1,0,0,0,0,0,2,0,8.839115119000041,53.10680579000007,Horn-Lehe,Lehe,2021-8
2021-08-01,11,2021,8,3,22,3,5,3,1,1,0,0,0,0,2,0,8.899745389000032,53.05258431200008,Hemelingen,Hemelingen,2021-8
2021-10-01,11,2021,10,5,14,3,5,3,1,1,0,0,0,0,0,0,8.934649935000039,53.04011568200008,Hemelingen,Mahndorf,2021-10
2021-08-01,11,2021,8,5,13,3,0,3,1,1,0,0,0,0,0,0,8.782944666000049,53.094079703000034,Walle,Steffensweg,2021-8
2021-12-01,11,2021,12,7,18,3,0,3,1,1,0,0,0,0,2,1,8.791751928000053,53.08270879600008,Mitte,Altstadt,2021-12
2021-09-01,11,2021,9,2,16,3,0,7,1,0,0,0,0,0,0,0,8.575141908000035,53.19906939100008,Blumenthal,Lüssum-Bockhorn,2021-9
2021-12-01,11,2021,12,2,14,3,5,3,1,1,0,0,0,0,0,0,8.781858619000047,53.06667443600003,Neustadt,Neuenland,2021-12
2021-08-01,11,2021,8,5,11,3,0,1,1,0,0,0,0,0,0,1,8.796249137000075,53.09473730000008,Walle,Osterfeuerberg,2021-8
2021-12-01,11,2021,12,6,14,3,2,6,1,1,0,0,0,0,0,0,8.765905985000074,53.07406445700008,Woltmershausen,Woltmershausen,2021-12
2021-09-01,11,2021,9,7,10,3,5,3,1,0,0,0,0,1,0,0,8.70326306800007,53.09858881700006,Unbekannt,Seehausen,2021-9
2021-08-01,11,2021,8,6,7,3,5,3,1,1,0,0,0,0,0,0,8.787866250000036,53.09911550900006,Walle,Westend,2021-8
2021-08-01,11,2021,8,2,17,3,5,3,1,1,0,0,0,0,0,0,8.902612815000055,53.12675974200005,Unbekannt,Borgfeld,2021-8
2021-10-01,11,2021,10,1,14,3,0,7,1,0,0,0,0,0,0,1,8.914292684000031,53.067335986000046,Hemelingen,Sebaldsbrück,2021-10
2021-12-01,11,2021,12,3,7,3,5,3,1,1,0,0,0,0,1,0,8.781681578000075,53.08760608600005,Walle,Überseestadt,2021-12
2021-11-01,11,2021,11,6,15,3,3,6,1,1,0,0,0,0,0,0,8.930934942000022,53.07199336900004,Osterholz,Blockdiek,2021-11
2021-10-01,11,2021,10,5,14,3,0,7,1,0,0,0,0,0,0,1,8.853626918000032,53.082754573000045,Schwachhausen,Radio Bremen,2021-10
2021-09-01,11,2021,9,5,17,3,1,5,1,1,0,0,0,0,0,0,8.82143215800005,53.07277543900005,Mitte,Ostertor,2021-9
2021-08-01,12,2021,8,4,16,3,5,2,1,1,0,0,0,0,0,0,8.600560992000055,53.57017200400003,Lehe (BHV),Schierholz,2021-8
2021-08-01,11,2021,8,3,17,3,5,2,1,1,0,0,0,0,0,0,8.801648138000076,53.05778587000003,Neustadt,Gartenstadt Süd,2021-8
2021-09-01,11,2021,9,4,21,3,0,6,1,1,0,0,0,0,2,0,8.831979377000039,53.07105894400007,Östliche Vorstadt,Steintor,2021-9
2021-12-01,12,2021,12,7,23,3,9,1,1,0,0,0,0,0,2,1,8.595808228000067,53.57969341900008,Lehe (BHV),Eckernfeld,2021-12
2021-10-01,11,2021,10,3,15,3,5,3,1,1,0,0,0,0,0,1,8.78336661000003,53.05740538400005,Neustadt,Neuenland,2021-10
2021-11-01,11,2021,11,3,11,2,6,4,1,0,1,0,0,0,0,0,8.613938465000047,53.17606712700007,Vegesack,Vegesack,2021-11
2021-08-01,11,2021,8,3,18,3,5,3,1,1,0,0,0,0,0,0,8.786163556000076,53.10304168000005,Walle,Walle,2021-8
2021-12-01,11,2021,12,3,8,3,5,3,1,1,0,0,0,0,0,0,8.820963139000071,53.08158449200005,Schwachhausen,Barkhof,2021-12
2021-10-01,11,2021,10,2,16,3,3,6,1,0,0,0,0,0,0,0,8.916505863000054,53.09330152100006,Oberneuland,Unbekannt,2021-10
2021-11-01,11,2021,11,2,7,3,3,6,1,0,0,0,0,1,0,0,8.902121727000065,53.04963376900008,Hemelingen,Hemelingen,2021-11
2021-09-01,11,2021,9,1,9,3,4,6,1,0,0,0,0,1,0,0,8.772135609000031,53.08176358400004,Woltmershausen,Woltmershausen,2021-9
2021-12-01,11,2021,12,2,23,2,0,7,1,0,0,0,0,0,2,1,8.81536296400003,53.07738558900007,Mitte,Bahnhofsvorstadt,2021-12
2021-08-01,11,2021,8,5,10,3,5,2,1,1,0,0,0,0,0,0,8.85660275600003,53.08248079700007,Vahr,Gartenstadt Vahr,2021-8
2021-09-01,11,2021,9,6,8,3,3,1,1,0,0,0,0,1,0,0,8.548726071000033,53.19626917000005,Blumenthal,Lüssum-Bockhorn,2021-9
2021-10-01,11,2021,10,3,15,3,5,3,1,1,0,0,0,0,0,0,8.814712758000042,53.05109920300004,Neustadt,Huckelriede,2021-10
2021-09-01,11,2021,9,5,10,2,5,3,1,1,0,0,0,0,0,0,8.871719847000065,53.10183211600008,Horn-Lehe,Lehe,2021-9
2021-11-01,11,2021,11,5,17,3,0,7,1,0,0,1,0,0,2,1,8.738034735000042,53.14501775600007,Gröpelingen,Oslebshausen,2021-11
2021-10-01,11,2021,10,3,7,3,5,2,1,1,0,0,0,0,0,1,8.822818916000074,53.04297765200005,Obervieland,Kattenturm,2021-10
2021-09-01,11,2021,9,2,9,3,5,3,1,1,0,0,0,0,0,0,8.561024377000024,53.193185690000064,Blumenthal,Rönnebeck,2021-9
2021-09-01,11,2021,9,6,21,3,0,7,1,0,0,0,0,0,2,1,8.878912292000052,53.05585974200005,Hemelingen,Hemelingen,2021-9
2021-08-01,11,2021,8,2,18,3,5,3,1,1,0,0,0,0,0,0,8.786904780000043,53.074312365000026,Neustadt,Hohentor,2021-8
2021-12-01,12,2021,12,4,12,3,5,3,1,1,0,0,0,0,0,0,8.600436499000068,53.52777111200004,Geestemünde,Geestendorf,2021-12
2021-09-01,11,2021,9,1,6,3,0,7,1,0,0,0,0,0,0,0,8.83556745900006,53.07144474400008,Östliche Vorstadt,Peterswerder,2021-9
2021-12-01,11,2021,12,5,10,3,4,2,1,0,0,0,0,1,0,0,8.80862293000007,53.08289973700005,Mitte,Bahnhofsvorstadt,2021-12
2021-09-01,12,2021,9,5,5,2,5,3,1,1,0,0,0,0,2,1,8.592925095000055,53.49551403400005,Fischereihafen,Fischereihafen,2021-9
2021-12-01,11,2021,12,3,9,3,0,7,1,1,0,0,0,0,0,0,8.870186825000076,53.09128430900006,Schwachhausen,Radio Bremen,2021-12
2021-08-01,12,2021,8,1,10,3,9,1,1,0,0,0,0,0,0,1,8.548527239000066,53.58084940700007,Häfen (BHV),Stadtbremisches Überseehafengebiet Bremerhaven,2021-8
2021-09-01,11,2021,9,3,18,3,4,6,1,0,0,0,0,0,0,0,8.820000848000063,53.07976434700004,Mitte,Ostertor,2021-9
2021-12-01,11,2021,12,4,6,3,0,7,1,1,0,0,0,0,2,1,8.824483480000026,53.084302369000056,Schwachhausen,Barkhof,2021-12
2021-10-01,11,2021,10,7,17,1,5,2,1,0,0,0,0,0,0,0,8.852266385000064,53.05695064400004,Obervieland,Habenhausen,2021-10
2021-11-01,12,2021,11,5,16,3,5,3,1,1,0,0,0,0,1,1,8.59183587900003,53.55897897600005,Lehe (BHV),Klushof,2021-11
2021-10-01,12,2021,10,2,17,3,9,1,1,0,0,0,0,0,0,0,8.592409448000069,53.579347993000056,Lehe (BHV),Eckernfeld,2021-10
2021-12-01,11,2021,12,5,8,3,2,6,1,1,0,0,0,0,0,1,8.845242262000056,53.07796391800008,Schwachhausen,Gete,2021-12
2021-09-01,11,2021,9,2,17,3,6,7,1,0,1,0,0,0,0,0,8.57071892600004,53.19568191400003,Blumenthal,Lüssum-Bockhorn,2021-9
2021-11-01,11,2021,11,7,10,3,0,7,1,0,0,0,0,0,0,1,8.82445774200005,53.08436340700007,Schwachhausen,Barkhof,2021-11
2021-10-01,11,2021,10,7,11,3,0,7,1,1,0,0,0,0,0,0,8.77261251300007,53.110467207000056,Gröpelingen,Gröpelingen,2021-10
2021-09-01,11,2021,9,7,11,3,5,3,1,1,0,0,0,0,0,0,8.764476891000072,53.11329217200006,Gröpelingen,Gröpelingen,2021-9
2021-11-01,12,2021,11,2,9,3,8,1,1,0,0,0,0,0,0,2,8.60907392200005,53.59008318900004,Leherheide,Leherheide-West,2021-11
2021-08-01,12,2021,8,3,7,3,5,3,1,1,0,0,0,0,0,1,8.586626414000023,53.53666174500006,Geestemünde,Geestemünde-Nord,2021-8
2021-10-01,11,2021,10,3,17,3,5,3,1,1,0,0,0,0,0,0,8.806871482000076,53.08175350300007,Mitte,Bahnhofsvorstadt,2021-10
2021-12-01,11,2021,12,3,17,3,5,3,1,1,0,0,0,0,2,1,8.853107542000032,53.04906235200008,Obervieland,Habenhausen,2021-12
2021-10-01,11,2021,10,5,14,3,6,7,1,0,1,0,0,0,0,0,8.63742466900004,53.18179571300004,Vegesack,Schönebeck,2021-10
2021-09-01,11,2021,9,3,17,3,3,6,1,0,0,0,0,1,0,0,8.800287979000075,53.07893696000008,Mitte,Altstadt,2021-9
2021-08-01,11,2021,8,2,13,3,5,2,1,1,0,0,0,0,0,0,8.854099486000052,53.07070693600008,Östliche Vorstadt,Hulsberg,2021-8
2021-11-01,11,2021,11,5,8,3,3,2,1,1,0,0,0,0,0,0,8.782161304000056,53.06678840400008,Neustadt,Neuenland,2021-11
2021-12-01,11,2021,12,4,13,3,5,3,1,0,0,0,0,1,0,1,8.88302221300006,53.07474278600006,Hemelingen,Sebaldsbrück,2021-12
2021-08-01,11,2021,8,5,14,3,0,1,1,0,0,0,0,0,0,1,8.832024267000065,53.07104445600004,Östliche Vorstadt,Steintor,2021-8
2021-09-01,12,2021,9,7,19,3,0,7,1,0,0,0,0,0,0,0,8.551637234000054,53.57071864000005,Häfen (BHV),Stadtbremisches Überseehafengebiet Bremerhaven,2021-9
2021-10-01,11,2021,10,6,16,3,0,7,1,1,0,0,0,0,0,0,8.775828830000023,53.07110193200003,Woltmershausen,Woltmershausen,2021-10
2021-12-01,12,2021,12,6,13,3,8,1,1,0,0,0,0,0,0,0,8.59406456000005,53.54910434700008,Geestemünde,Geestemünde-Nord,2021-12
2021-09-01,11,2021,9,4,13,3,5,3,1,0,0,0,0,1,0,0,8.82840327100007,53.03620486500006,Obervieland,Kattenturm,2021-9
2021-08-01,12,2021,8,6,11,3,5,3,1,1,0,0,0,0,0,1,8.593415922000077,53.53402905600007,Geestemünde,Geestendorf,2021-8
2021-12-01,11,2021,12,2,7,3,0,7,1,0,0,0,0,0,0,0,8.67319864700005,53.17560212300003,Burglesum,St.Magnus,2021-12
2021-12-01,11,2021,12,6,11,3,0,7,1,1,0,0,0,0,0,0,8.847423843000058,53.041499173000034,Obervieland,Habenhausen,2021-12
2021-10-01,11,2021,10,6,19,3,4,6,1,0,0,0,0,1,1,0,8.78524698700005,53.07506525500003,Neustadt,Hohentor,2021-10
2021-09-01,12,2021,9,6,15,3,5,2,1,1,0,0,0,0,0,0,8.597789400000067,53.57146559800003,Lehe (BHV),Eckernfeld,2021-9
2021-08-01,11,2021,8,3,12,3,0,7,1,0,0,0,0,0,0,0,8.94753200200006,53.03662081900006,Hemelingen,Mahndorf,2021-8
2021-10-01,11,2021,10,2,9,3,5,2,1,1,0,0,0,0,0,0,8.783606199000076,53.06172324800008,Neustadt,Neuenland,2021-10
2021-10-01,11,2021,10,6,19,3,5,2,1,1,0,0,0,0,2,0,8.953160715000024,53.066521625000064,Osterholz,Tenever,2021-10
2021-11-01,11,2021,11,5,15,2,6,4,1,0,1,0,0,0,0,1,8.790406260000054,53.09618621300007,Walle,Westend,2021-11
2021-10-01,11,2021,10,7,11,3,0,7,1,1,0,0,0,0,0,0,8.833242842000061,53.08035323900003,Schwachhausen,Gete,2021-10
2021-11-01,11,2021,11,3,20,3,5,3,1,1,0,0,0,0,2,0,8.784308836000037,53.10306515400004,Walle,Walle,2021-11
2021-08-01,11,2021,8,1,12,2,0,1,1,0,0,0,0,0,0,1,8.795997875000069,53.09000068400008,Walle,Utbremen,2021-8
2021-09-01,11,2021,9,3,10,2,3,6,1,1,0,0,0,0,0,0,8.65988616200002,53.17167213400006,Burglesum,St.Magnus,2021-9
2021-08-01,11,2021,8,4,13,3,5,2,1,0,0,0,1,0,0,0,8.801271883000027,53.07151773200008,Neustadt,Alte Neustadt,2021-8
2021-11-01,11,2021,11,6,8,3,5,3,1,1,0,0,0,0,0,1,8.87105086400004,53.09870646100006,Horn-Lehe,Lehe,2021-11
2021-09-01,12,2021,9,1,2,3,9,1,1,0,0,0,0,0,2,0,8.594165677000035,53.54834000100004,Geestemünde,Geestemünde-Nord,2021-9
2021-10-01,11,2021,10,5,12,3,3,6,1,1,0,0,0,0,0,0,8.835008131000052,53.08677053000008,Schwachhausen,Schwachhausen,2021-10
2021-12-01,11,2021,12,4,20,3,5,2,1,1,0,0,0,0,2,1,8.902044858000068,53.07150645500008,Hemelingen,Sebaldsbrück,2021-12
2021-10-01,12,2021,10,6,7,3,5,3,1,1,0,0,0,0,1,0,8.602534853000066,53.50940251400005,Wulsdorf,Dreibergen,2021-10
2021-11-01,12,2021,11,4,15,3,3,6,1,0,0,0,0,1,0,0,8.620692758000075,53.58737221800004,Leherheide,Leherheide-West,2021-11
2021-10-01,11,2021,10,3,9,3,5,3,1,1,0,0,0,0,0,1,8.873342002000072,53.08477701000004,Schwachhausen,Radio Bremen,2021-10
2021-08-01,12,2021,8,4,17,3,5,3,1,1,0,0,0,0,0,1,8.575237531000028,53.54760457300006,Mitte (BHV),Mitte-Süd,2021-8
2021-12-01,12,2021,12,4,6,2,5,3,1,1,0,0,0,0,2,1,8.61083162600005,53.57429138900005,Lehe (BHV),Schierholz,2021-12
2021-10-01,11,2021,10,5,15,3,0,7,1,0,0,0,0,0,0,0,8.819679590000021,53.07990358100005,Mitte,Ostertor,2021-10
2021-09-01,11,2021,9,4,7,3,6,7,1,0,1,0,0,0,0,1,8.885529320000046,53.08602003100003,Vahr,Neue Vahr Nord,2021-9
2021-11-01,11,2021,11,7,12,3,5,1,1,1,0,0,0,0,0,0,8.633277547000034,53.18301437700006,Vegesack,Unbekannt,2021-11
2021-10-01,11,2021,10,6,13,2,0,6,1,0,0,0,0,0,0,1,8.826566029000048,53.08470431500007,Schwachhausen,Bürgerpark,2021-10
2021-09-01,11,2021,9,4,12,3,5,2,1,0,0,0,0,1,0,0,8.884670859000039,53.054667005000056,Hemelingen,Hemelingen,2021-9
2021-08-01,11,2021,8,3,16,3,5,2,1,1,0,0,0,0,0,0,8.808258671000033,53.09464077500007,Findorff,Weidedamm,2021-8
2021-12-01,12,2021,12,7,12,2,5,3,1,1,0,0,0,0,0,1,8.597177791000036,53.57517132600003,Lehe (BHV),Eckernfeld,2021-12
2021-10-01,11,2021,10,4,18,3,5,3,1,1,0,0,0,0,2,1,8.807740180000053,53.09154594300003,Findorff,Findorff-Bürgerweide,2021-10
2021-09-01,11,2021,9,7,11,3,5,3,1,1,0,0,0,0,0,0,8.940211021000039,53.06790189600008,Osterholz,Ellenerbrok-Schevemoor,2021-9
2021-11-01,12,2021,11,3,17,3,6,7,1,0,1,0,0,0,2,1,8.59229980300006,53.53087179400006,Geestemünde,Geestendorf,2021-11
2021-09-01,11,2021,9,2,13,3,5,3,1,1,0,0,0,0,0,0,8.845639177000066,53.08243927600006,Schwachhausen,Gete,2021-9
2021-09-01,12,2021,9,4,16,2,5,2,1,1,0,0,0,0,0,0,8.608122336000065,53.530210674000045,Geestemünde,Bürgerpark (BHV),2021-9
2021-10-01,11,2021,10,5,12,3,4,1,1,0,0,0,0,0,0,0,8.713448498000048,53.18072390800006,Burglesum,Burgdamm,2021-10
2021-11-01,11,2021,11,6,12,3,0,1,1,0,0,0,0,0,0,1,8.821144658000037,53.03765568800003,Obervieland,Kattenturm,2021-11
2021-10-01,12,2021,10,4,12,3,5,3,1,1,0,0,0,0,0,1,8.598083974000076,53.534163773000046,Geestemünde,Geestendorf,2021-10
2021-08-01,11,2021,8,5,13,2,5,3,1,1,0,0,0,0,0,0,8.761277719000077,53.123323181000046,Gröpelingen,Ohlenhof,2021-8
2021-09-01,12,2021,9,5,15,3,3,6,1,1,0,0,0,0,0,0,8.605755088000024,53.520870107000064,Geestemünde,Grünhöfe,2021-9
2021-12-01,11,2021,12,5,16,3,5,2,1,1,0,0,0,0,1,1,8.61863616200003,53.17417479700004,Vegesack,Vegesack,2021-12
2021-10-01,11,2021,10,3,11,3,4,2,1,1,0,0,0,0,0,0,8.808273712000073,53.09462958800003,Findorff,Weidedamm,2021-10
2021-09-01,11,2021,9,2,14,2,5,7,1,1,0,0,0,0,0,0,8.79360870100004,53.08850967400008,Walle,Utbremen,2021-9
2021-11-01,11,2021,11,1,13,2,0,7,1,0,0,0,0,0,0,0,8.884212062000074,53.03858315400004,Hemelingen,Hemelingen,2021-11
2021-10-01,11,2021,10,4,9,3,0,7,1,0,0,0,0,1,0,1,8.58302922200005,53.18550256000003,Blumenthal,Blumenthal,2021-10
2021-11-01,11,2021,11,3,20,2,1,7,1,1,0,0,0,0,2,1,8.893163113000071,53.06035275600004,Hemelingen,Sebaldsbrück,2021-11
2021-08-01,11,2021,8,7,20,3,1,5,1,1,0,0,0,0,2,0,8.817532913000036,53.07238221900008,Mitte,Ostertor,2021-8
2021-12-01,11,2021,12,4,13,2,5,2,1,1,0,0,0,0,0,0,8.869070489000023,53.07458434100005,Vahr,Gartenstadt Vahr,2021-12
2021-10-01,11,2021,10,4,8,3,5,2,1,1,0,0,0,0,0,0,8.812754538000036,53.07329607600008,Mitte,Altstadt,2021-10
2021-10-01,11,2021,10,5,12,3,5,3,1,1,0,0,0,0,0,0,8.77425170500004,53.09541716900003,Walle,Überseestadt,2021-10
2021-10-01,11,2021,10,6,10,3,5,3,1,1,0,0,0,0,0,0,8.814257589000022,53.03969748100008,Obervieland,Kattenturm,2021-10
2021-11-01,12,2021,11,2,7,2,5,3,1,1,0,0,0,0,0,1,8.59994607300007,53.51224501600007,Wulsdorf,Dreibergen,2021-11
2021-10-01,12,2021,10,1,15,3,9,1,1,1,0,0,0,0,0,0,8.584276369000065,53.556425475000026,Lehe (BHV),Goethestrasse,2021-10
2021-11-01,11,2021,11,2,14,3,6,4,1,0,1,0,0,0,0,0,8.728805074000036,53.178072505000046,Burglesum,Burgdamm,2021-11
2021-10-01,11,2021,10,5,21,2,5,3,1,1,0,0,0,0,2,1,8.83737631200006,53.07692713500006,Östliche Vorstadt,Hulsberg,2021-10
2021-09-01,11,2021,9,4,16,3,3,2,1,1,0,0,0,0,0,0,8.75156032600006,53.10957341900007,Walle,Überseestadt,2021-9
2021-10-01,11,2021,10,7,19,2,5,3,1,1,0,0,0,0,2,0,8.813328607000074,53.09028292300008,Findorff,Findorff-Bürgerweide,2021-10
2021-11-01,11,2021,11,1,16,3,1,7,1,1,0,0,0,0,0,1,8.801102052000033,53.09459388800008,Findorff,Regensburger Str.,2021-11