Datetime,UKREIS,UJAHR,UMONAT,UWOCHENTAG,USTUNDE,UKATEGORIE,UART,UTYP1,IstRad,IstPKW,IstFuss,IstKrad,IstGkfz,IstSonstig,ULICHTVERH,STRZUSTAND,longitude,latitude,Stadtteil,Ortsteil,Datetime
2021-11-01,11,2021,11,7,11,3,5,3,1,1,0,0,0,0,0,0,8.785216027000047,53.10232092400008,Walle,Walle,2021-11
2021-10-01,12,2021,10,6,7,3,5,3,1,1,0,0,0,0,1,1,8.603860626000028,53.53101052400007,Geestemünde,Bürgerpark (BHV),2021-10
2021-08-01,11,2021,8,2,8,3,5,3,1,1,0,0,0,0,0,0,8.82503827000005,53.08458597600003,Schwachhausen,Bürgerpark,2021-8
2021-11-01,11,2021,11,6,14,3,6,6,1,0,1,0,0,0,0,0,8.757889103000025,53.11520921600004,Gröpelingen,Lindenhof,2021-11
2021-10-01,12,2021,10,3,13,3,1,7,1,1,0,0,0,0,0,1,8.587407162000034,53.512653639000064,Fischereihafen,Fischereihafen,2021-10
2021-10-01,11,2021,10,3,19,3,5,3,1,1,0,0,0,0,2,1,8.794898298000021,53.09397149700004,Walle,Westend,2021-10
2021-08-01,11,2021,8,4,12,3,5,2,1,1,0,0,0,0,0,0,8.825165344000027,53.08451669900006,Schwachhausen,Bürgerpark,2021-8
2021-11-01,11,2021,11,5,19,3,5,2,1,1,0,0,0,0,2,0,8.808247383000037,53.09464917000008,Findorff,Weidedamm,2021-11
2021-11-01,11,2021,11,4,7,3,3,6,1,1,0,0,0,0,1,0,8.965305917000023,53.039835752000045,Hemelingen,Mahndorf,2021-11
2021-09-01,11,2021,9,4,18,2,1,5,1,1,0,0,0,0,0,0,8.821688765000033,53.07279912600006,Mitte,Ostertor,2021-9
2021-08-01,11,2021,8,3,17,2,5,2,1,1,0,0,0,0,0,0,8.730643662000034,53.04054604300006,Huchting,Kirchhuchting,2021-8
2021-09-01,11,2021,9,5,13,2,0,1,1,0,0,0,0,0,0,0,8.58564343300003,53.18092956500004,Blumenthal,Blumenthal,2021-9
2021-12-01,11,2021,12,2,11,2,5,2,1,1,0,0,0,0,0,0,8.828855172000033,53.03429682900003,Obervieland,Kattenturm,2021-12
2021-10-01,11,2021,10,6,18,3,5,2,1,1,0,0,0,0,0,0,8.878434088000063,53.079088701000046,Vahr,Gartenstadt Vahr,2021-10
2021-09-01,11,2021,9,4,18,3,0,7,1,0,0,0,0,0,0,1,8.862922769000022,53.09924120800008,Horn-Lehe,Lehe,2021-9
2021-08-01,11,2021,8,2,10,3,5,3,1,1,0,0,0,0,0,0,8.833419854000056,53.086385232000055,Schwachhausen,Schwachhausen,2021-8
2021-11-01,11,2021,11,1,17,3,5,2,1,1,0,0,0,0,2,0,8.809849005000046,53.08255148300003,Mitte,Bahnhofsvorstadt,2021-11
2021-11-01,11,2021,11,4,13,3,0,1,1,0,0,0,0,0,0,0,8.767025915000033,53.08410242400004,Woltmershausen,Woltmershausen,2021-11
2021-11-01,11,2021,11,7,13,3,0,7,1,1,0,0,0,0,0,0,8.716924303000042,53.04688940600005,Huchting,Sodenmatt,2021-11
2021-12-01,11,2021,12,3,7,3,5,3,1,0,0,0,0,0,1,2,8.86455496800005,53.086688037000044,Schwachhausen,Radio Bremen,2021-12
2021-10-01,12,2021,10,6,9,3,5,3,1,1,0,0,0,0,0,1,8.580424005000054,53.55781770800007,Lehe (BHV),Goethestrasse,2021-10
2021-08-01,11,2021,8,5,4,2,0,7,1,0,0,0,0,0,2,0,8.805134812000063,53.06161544200006,Neustadt,Buntentor,2021-8
2021-11-01,11,2021,11,6,16,3,0,3,1,1,0,0,0,0,0,0,8.908996082000044,53.08644019300005,Oberneuland,Unbekannt,2021-11
2021-08-01,11,2021,8,3,13,3,5,3,1,1,0,0,0,0,0,0,8.935515688000066,53.07188026100005,Osterholz,Ellenerbrok-Schevemoor,2021-8
2021-10-01,11,2021,10,3,10,3,0,3,1,0,0,0,0,0,0,0,8.805627057000038,53.08241542900004,Mitte,Bahnhofsvorstadt,2021-10
2021-09-01,12,2021,9,1,15,3,0,7,1,0,0,0,0,0,0,0,8.55210168800005,53.57945528900007,Häfen (BHV),Stadtbremisches Überseehafengebiet Bremerhaven,2021-9
2021-08-01,11,2021,8,4,16,3,2,6,1,0,0,0,0,0,0,0,8.694784220000031,53.16882363000008,Burglesum,Lesum,2021-8
2021-11-01,11,2021,11,5,20,3,5,3,1,0,0,0,0,1,0,0,8.810687169000062,53.08011356500003,Mitte,Bahnhofsvorstadt,2021-11
2021-11-01,11,2021,11,7,15,3,5,3,1,1,0,0,0,0,0,1,8.823588760000064,53.04415865400006,Obervieland,Kattenturm,2021-11
2021-11-01,11,2021,11,6,16,3,6,3,1,0,1,0,0,0,1,1,8.893223702000057,53.08240952800003,Vahr,Neue Vahr Südost,2021-11
2021-09-01,11,2021,9,6,14,1,0,7,1,0,0,0,0,0,0,0,8.809454588000051,53.10218391100005,Findorff,Weidedamm,2021-9
2021-10-01,11,2021,10,5,8,3,7,1,1,0,0,0,0,0,0,0,8.899023484000054,53.10434206900004,Oberneuland,Unbekannt,2021-10
2021-10-01,11,2021,10,6,13,3,3,6,1,1,0,0,0,0,0,0,8.817269384000042,53.079018647000055,Mitte,Bahnhofsvorstadt,2021-10
2021-08-01,11,2021,8,7,16,3,5,3,1,1,0,0,0,0,0,0,8.879020463000074,53.08507736900003,Vahr,Neue Vahr Nord,2021-8
2021-10-01,11,2021,10,7,1,2,0,6,1,1,0,0,0,0,2,1,8.822658166000053,53.07460083400008,Östliche Vorstadt,Steintor,2021-10
2021-12-01,11,2021,12,3,18,3,2,6,1,1,0,0,0,0,2,1,8.799605589000066,53.09464102900006,Findorff,Regensburger Str.,2021-12
2021-10-01,11,2021,10,7,17,3,3,2,1,0,0,0,0,1,0,0,8.809145748000049,53.07890724700008,Mitte,Altstadt,2021-10
2021-09-01,11,2021,9,3,16,3,7,7,1,0,1,0,0,0,0,0,8.57129139400007,53.18404187700003,Blumenthal,Blumenthal,2021-9
2021-11-01,11,2021,11,6,13,3,4,6,1,0,0,0,0,0,0,0,8.85113629700004,53.08543775200008,Schwachhausen,Riensberg,2021-11
2021-08-01,11,2021,8,1,9,3,0,1,1,0,0,0,0,0,0,0,8.82684320900006,53.07281454600008,Östliche Vorstadt,Steintor,2021-8
2021-10-01,11,2021,10,2,15,2,0,7,1,0,0,0,0,0,0,0,8.833132544000023,53.08875608800008,Schwachhausen,Bürgerpark,2021-10
2021-10-01,11,2021,10,7,14,3,5,3,1,1,0,0,0,0,0,0,8.789612823000027,53.10630024100004,Walle,Hohweg,2021-10
2021-09-01,12,2021,9,6,18,3,5,3,1,1,0,0,0,0,1,1,8.58349319100006,53.58669041400003,Lehe (BHV),Speckenbüttel,2021-9
2021-09-01,11,2021,9,6,21,3,6,7,1,0,1,0,0,0,2,0,8.807188944000075,53.07410215700003,Mitte,Altstadt,2021-9
2022-09-01,11,2022,9,2,14,3,5,3,1,1,0,0,0,0,0,1,8.81772594000006,53.048894112,Neustadt,Huckelriede,2022-9
2022-02-01,12,2022,2,4,15,3,5,3,1,1,0,0,0,0,0,1,8.57603777100007,53.547933001,Mitte (BHV),Mitte-Nord,2022-2
2022-05-01,11,2022,5,2,6,3,5,3,1,1,0,0,0,0,0,0,8.78362060200004,53.0659682840001,Neustadt,Neustadt,2022-5
2022-07-01,11,2022,7,4,21,2,0,1,1,0,0,0,0,0,1,0,8.81934886200003,53.0480309480001,Obervieland,Kattenturm,2022-7
2022-05-01,11,2022,5,4,20,2,5,2,1,1,0,0,0,0,0,0,8.78391942900004,53.0657700520001,Neustadt,Neuenland,2022-5
2022-09-01,11,2022,9,2,7,3,0,3,1,1,0,0,0,0,1,1,8.71429777300006,53.1801401550001,Burglesum,Burgdamm,2022-9
2022-05-01,11,2022,5,1,11,3,5,2,1,1,0,0,0,0,0,0,8.79897018600008,53.055443246,Neustadt,Neuenland,2022-5
2022-07-01,11,2022,7,2,8,3,5,3,1,1,0,0,0,0,0,0,8.78393139800005,53.0657621130001,Neustadt,Neuenland,2022-7
2022-04-01,11,2022,4,4,14,3,0,7,1,0,0,0,0,0,0,0,8.63036576400003,53.156551355,Burglesum,Werderland,2022-4
2022-07-01,11,2022,7,6,15,3,5,3,1,1,0,0,0,0,0,0,8.75663122400005,53.112296455,Gröpelingen,Lindenhof,2022-7
2022-05-01,11,2022,5,6,16,3,5,3,1,1,0,0,0,0,0,0,8.94459916800002,53.065836275,Osterholz,Ellenerbrok-Schevemoor,2022-5
2022-05-01,11,2022,5,3,14,3,5,3,1,1,0,0,0,0,0,0,8.80702419800002,53.0589428710001,Neustadt,Huckelriede,2022-5
2022-05-01,12,2022,5,3,16,3,3,6,1,1,0,0,0,0,0,0,8.58008293700004,53.5449017000001,Mitte (BHV),Mitte-Süd,2022-5
2022-03-01,11,2022,3,4,7,3,5,3,1,1,0,0,0,0,0,1,8.89971876500005,53.116459176,Horn-Lehe,Lehesterdeich,2022-3
2022-06-01,11,2022,6,3,13,3,0,7,1,0,0,0,0,0,0,0,8.74092953300004,53.052628187,Huchting,Kirchhuchting,2022-6
2022-04-01,11,2022,4,4,22,3,5,3,1,1,0,0,0,0,2,0,8.79401387000007,53.0744943920001,Neustadt,Alte Neustadt,2022-4
2022-05-01,11,2022,5,1,15,3,1,7,1,0,0,0,0,1,0,0,8.79250074400005,53.0748192820001,Neustadt,Alte Neustadt,2022-5
2022-01-01,11,2022,1,6,9,3,5,3,1,1,0,0,0,0,0,0,8.71605367300003,53.054128571,Huchting,Mittelshuchting,2022-1
2022-05-01,11,2022,5,7,18,3,1,7,1,1,0,0,0,0,0,0,8.82417005300005,53.0730379020001,Östliche Vorstadt,Steintor,2022-5
2022-06-01,11,2022,6,6,23,3,1,5,1,1,0,0,0,0,2,0,8.86932216000002,53.0670139360001,Hemelingen,Hastedt,2022-6
2022-03-01,11,2022,3,6,20,3,0,7,1,0,0,0,0,0,2,0,8.82179254400006,53.0797597110001,Mitte,Ostertor,2022-3
2022-07-01,11,2022,7,7,14,2,0,6,1,1,0,0,0,0,0,0,8.83267070400007,53.0753831870001,Östliche Vorstadt,Fesenfeld,2022-7
2022-06-01,11,2022,6,6,10,3,5,3,1,0,1,0,0,0,0,0,8.80792582900006,53.074466074,Mitte,Altstadt,2022-6
2022-03-01,11,2022,3,6,15,3,5,3,1,1,0,0,0,0,0,0,8.65914903100003,53.165431713,Burglesum,St.Magnus,2022-3
2022-07-01,12,2022,7,7,18,3,0,1,1,0,0,0,0,0,0,0,8.58732556400003,53.5549976720001,Lehe (BHV),Klushof,2022-7
2022-07-01,11,2022,7,5,15,2,5,2,1,0,0,0,1,0,0,0,8.78818137700006,53.07649761,Neustadt,Alte Neustadt,2022-7
2022-05-01,11,2022,5,5,10,3,5,3,1,1,0,0,0,0,0,0,8.94056829300007,53.0775992640001,Oberneuland,Unbekannt,2022-5
2022-04-01,11,2022,4,5,7,3,5,2,1,1,0,0,0,0,0,0,8.80435794200002,53.0805780950001,Mitte,Altstadt,2022-4
2022-06-01,11,2022,6,6,21,3,5,3,1,1,0,0,0,0,1,0,8.90162413900003,53.0503705410001,Hemelingen,Hemelingen,2022-6
2022-05-01,11,2022,5,5,16,3,5,3,1,1,0,0,0,0,0,0,8.63431534000006,53.182878719,Vegesack,Unbekannt,2022-5
2022-06-01,12,2022,6,4,18,3,4,6,1,0,0,0,0,1,0,0,8.60984826000004,53.523640082,Geestemünde,Grünhöfe,2022-6
2022-05-01,11,2022,5,1,12,3,5,3,1,1,0,0,0,0,0,0,8.94483300300004,53.0597475180001,Osterholz,Ellenerbrok-Schevemoor,2022-5
2022-01-01,11,2022,1,3,15,3,5,3,1,1,0,0,0,0,0,0,8.83068817300006,53.0410070240001,Obervieland,Kattenturm,2022-1
2022-03-01,11,2022,3,6,13,3,0,6,1,1,0,0,0,0,0,0,8.62167858200007,53.1700251090001,Vegesack,Vegesack,2022-3
2022-05-01,11,2022,5,4,21,3,5,3,1,1,0,0,0,0,1,0,8.87760094100003,53.1151952650001,Horn-Lehe,Lehesterdeich,2022-5
2022-03-01,11,2022,3,3,17,3,5,3,1,1,0,0,0,0,0,0,8.57868809600006,53.184442727,Blumenthal,Blumenthal,2022-3
2022-05-01,11,2022,5,2,16,3,5,3,1,0,1,0,0,0,0,0,8.77020458900006,53.080369482,Woltmershausen,Woltmershausen,2022-5
2022-06-01,11,2022,6,4,14,3,5,3,1,0,0,0,0,0,0,0,8.87849004100002,53.0789126280001,Vahr,Gartenstadt Vahr,2022-6
2022-03-01,11,2022,3,6,15,3,5,3,1,1,0,0,0,0,0,0,8.78619233000006,53.0839591700001,Walle,Überseestadt,2022-3
2022-07-01,12,2022,7,5,13,3,5,2,1,1,0,0,0,0,0,1,8.58621228100003,53.561511975,Lehe (BHV),Klushof,2022-7
2022-06-01,12,2022,6,4,22,3,0,1,1,0,0,0,0,0,2,0,8.59756846800008,53.543388377,Geestemünde,Bürgerpark (BHV),2022-6
2022-03-01,11,2022,3,3,13,3,1,5,1,1,0,0,0,0,0,0,8.81134704700003,53.0752525880001,Mitte,Altstadt,2022-3
2022-03-01,11,2022,3,4,21,3,0,7,1,0,0,0,0,0,2,0,8.85930083700003,53.0688668130001,Hemelingen,Hastedt,2022-3
2022-07-01,11,2022,7,3,15,3,1,7,1,1,0,0,0,0,0,0,8.84274063800007,53.081502492,Schwachhausen,Gete,2022-7
2022-07-01,11,2022,7,4,7,3,5,3,1,1,0,0,0,0,0,0,8.62275556900005,53.1840188350001,Vegesack,Unbekannt,2022-7
2022-05-01,11,2022,5,4,9,3,1,5,1,1,0,0,0,0,0,0,8.82314066500004,53.0731808410001,Mitte,Ostertor,2022-5
2022-06-01,11,2022,6,7,5,3,5,3,1,1,0,0,0,0,0,1,8.90198561800003,53.059394566,Hemelingen,Sebaldsbrück,2022-6
2022-01-01,11,2022,1,5,7,3,0,7,1,0,0,0,0,0,2,2,8.92770017600003,53.0898815050001,Oberneuland,Unbekannt,2022-1
2022-03-01,11,2022,3,5,16,3,5,3,1,1,0,0,0,0,0,0,8.77328684100007,53.09173838,Walle,Überseestadt,2022-3
2022-05-01,11,2022,5,5,14,3,3,6,1,1,0,0,0,0,0,0,8.94608065800003,53.0769858460001,Oberneuland,Unbekannt,2022-5
2022-02-01,11,2022,2,2,17,2,5,3,1,1,0,0,0,0,2,1,8.79474594400006,53.0914694800001,Walle,Utbremen,2022-2
2022-05-01,11,2022,5,2,17,3,5,2,1,1,0,0,0,0,0,0,8.80324947400004,53.0801635940001,Mitte,Altstadt,2022-5
2022-06-01,11,2022,6,6,9,3,5,3,1,1,0,0,0,0,0,0,8.94054825700005,53.077518599,Oberneuland,Unbekannt,2022-6
2022-04-01,11,2022,4,1,12,3,1,5,1,1,0,0,0,0,0,0,8.84368694900007,53.089494304,Schwachhausen,Riensberg,2022-4
2022-05-01,11,2022,5,2,9,3,5,3,1,1,0,0,0,0,0,0,8.82520183500003,53.0843418520001,Schwachhausen,Bürgerpark,2022-5
2022-01-01,11,2022,1,3,18,3,5,2,1,1,0,0,0,0,2,0,8.80730887800007,53.0821699260001,Mitte,Bahnhofsvorstadt,2022-1
2022-05-01,11,2022,5,7,16,3,3,2,1,1,0,0,0,0,0,1,8.93127837400004,53.0589710500001,Osterholz,Ellenerbrok-Schevemoor,2022-5
2022-06-01,11,2022,6,3,11,3,5,3,1,1,0,0,0,0,0,0,8.77392504900007,53.1083579020001,Walle,Walle,2022-6
2022-06-01,12,2022,6,1,3,3,0,1,1,0,0,0,0,0,2,0,8.59520953400005,53.565098193,Lehe (BHV),Klushof,2022-6
2022-03-01,12,2022,3,6,16,3,3,2,1,1,0,0,0,0,0,0,8.60386763200006,53.5040204680001,Wulsdorf,Jedutenberg,2022-3
2022-07-01,12,2022,7,1,12,3,5,3,1,1,0,0,0,0,0,0,8.57699565400003,53.552619097,Mitte (BHV),Mitte-Nord,2022-7
2022-03-01,12,2022,3,6,13,3,2,6,1,1,0,0,0,0,0,0,8.58868919700006,53.559203263,Lehe (BHV),Klushof,2022-3
2022-06-01,11,2022,6,5,8,3,5,3,1,1,0,0,0,0,0,0,8.81952833200006,53.0805576380001,Mitte,Bahnhofsvorstadt,2022-6
2022-05-01,11,2022,5,5,14,3,1,5,1,1,0,0,0,0,0,0,8.80726061200005,53.070315254,Neustadt,Alte Neustadt,2022-5
2022-03-01,11,2022,3,1,17,3,5,3,1,0,0,0,0,0,0,0,8.78831718000004,53.0820221270001,Walle,Überseestadt,2022-3
2022-04-01,11,2022,4,4,19,3,5,3,1,1,0,0,0,0,0,0,8.77258273000007,53.081397264,Woltmershausen,Woltmershausen,2022-4
2022-07-01,11,2022,7,4,13,3,0,7,1,0,0,0,0,0,0,0,8.82227115000006,53.0796452160001,Mitte,Ostertor,2022-7
2022-05-01,11,2022,5,5,14,2,0,7,1,0,0,0,0,0,0,0,8.67594284300003,53.1734759240001,Burglesum,Lesum,2022-5
2022-01-01,12,2022,1,2,9,3,5,3,1,1,0,0,0,0,0,0,8.60103552500004,53.497555951,Wulsdorf,Jedutenberg,2022-1
2022-04-01,11,2022,4,5,14,3,5,2,1,1,0,0,0,0,0,0,8.89191730000005,53.0490401960001,Hemelingen,Hemelingen,2022-4
2022-05-01,11,2022,5,2,9,3,4,2,1,1,0,0,0,0,0,0,8.83561918300006,53.073770494,Östliche Vorstadt,Hulsberg,2022-5
2022-04-01,11,2022,4,6,18,3,6,4,1,0,1,0,0,0,0,0,8.85331069000006,53.0641548350001,Hemelingen,Hastedt,2022-4
2022-06-01,11,2022,6,4,13,3,4,6,1,0,0,0,0,0,0,0,8.85048062200002,53.0950958270001,Schwachhausen,Neu-Schwachhausen,2022-6
2022-05-01,11,2022,5,6,14,3,4,6,1,0,0,0,0,0,0,0,8.84492144000006,53.077160195,Schwachhausen,Gete,2022-5
2022-02-01,12,2022,2,6,15,3,8,1,1,0,0,0,0,0,0,1,8.58714567500004,53.530621195,Geestemünde,Geestendorf,2022-2
2022-05-01,12,2022,5,4,11,3,5,3,1,1,0,0,0,0,0,0,8.60051355000007,53.527785302,Geestemünde,Geestendorf,2022-5
2022-06-01,11,2022,6,2,12,2,3,6,1,0,0,0,0,0,0,0,8.79495039000005,53.0845973560001,Mitte,Bahnhofsvorstadt,2022-6
2022-01-01,12,2022,1,1,17,3,5,3,1,1,0,0,0,0,1,0,8.59490021400006,53.5192676010001,Geestemünde,Geestemünde-Süd,2022-1
2022-02-01,12,2022,2,4,16,2,3,6,1,1,0,0,0,0,0,1,8.62991498500003,53.5988401270001,Leherheide,Unbekannt,2022-2
2022-02-01,11,2022,2,2,13,3,0,7,1,0,0,0,0,1,0,0,8.87570329600004,53.066189539,Hemelingen,Hastedt,2022-2
2022-05-01,11,2022,5,4,15,2,0,7,1,0,0,0,0,0,0,0,8.82320506000002,53.0729941290001,Mitte,Ostertor,2022-5
2022-04-01,11,2022,4,5,23,3,1,7,1,1,0,0,0,0,2,0,8.83881075200003,53.0773647890001,Östliche Vorstadt,Hulsberg,2022-4
2022-06-01,11,2022,6,5,14,3,0,1,1,0,0,0,0,0,0,0,8.88991171200007,53.058090797,Hemelingen,Hemelingen,2022-6
2022-01-01,11,2022,1,5,17,3,0,7,1,1,0,0,0,0,2,0,8.80465674300007,53.085819955,Mitte,Bahnhofsvorstadt,2022-1
2022-02-01,11,2022,2,5,12,3,5,3,1,0,0,0,0,1,0,0,8.63041044600004,53.172480201,Vegesack,Vegesack,2022-2
2022-04-01,11,2022,4,3,17,3,5,3,1,1,0,0,0,0,0,1,8.87832754300007,53.079558998,Vahr,Neue Vahr Südwest,2022-4
2022-06-01,11,2022,6,7,13,3,2,5,1,1,0,0,0,0,0,0,8.66537735500003,53.164264094,Burglesum,St.Magnus,2022-6
2022-02-01,11,2022,2,3,7,3,5,3,1,1,0,0,0,0,0,0,8.86166101100002,53.099282944,Horn-Lehe,Lehe,2022-2
2022-03-01,11,2022,3,1,16,3,5,3,1,1,0,0,0,0,0,0,8.86164213000006,53.0992969770001,Horn-Lehe,Lehe,2022-3
2022-06-01,11,2022,6,7,19,3,0,1,1,0,0,0,0,0,0,0,8.84608288800007,53.047779446,Obervieland,Habenhausen,2022-6
2022-01-01,11,2022,1,2,9,3,1,7,1,1,0,0,0,0,0,1,8.95136324400005,53.0578774470001,Osterholz,Osterholz,2022-1
2022-03-01,11,2022,3,2,6,3,5,3,1,1,0,0,0,0,1,0,8.84499227700007,53.0309166170001,Obervieland,Arsten,2022-3
2022-06-01,11,2022,6,4,11,3,7,7,1,0,0,0,0,1,0,0,8.78562128600004,53.118174448,Walle,Hohweg,2022-6
2022-02-01,11,2022,2,3,0,3,0,7,1,0,0,0,0,0,2,0,8.82049332300005,53.072677781,Mitte,Ostertor,2022-2
2022-04-01,11,2022,4,4,16,3,5,3,1,1,0,0,0,0,0,0,8.91479299700006,53.0447530810001,Hemelingen,Arbergen,2022-4
2022-02-01,11,2022,2,7,14,3,5,3,1,1,0,0,0,0,0,0,8.81760884400006,53.0526220530001,Neustadt,Huckelriede,2022-2
2022-03-01,11,2022,3,2,16,3,3,2,1,1,0,0,0,0,0,0,8.90140375500005,53.0507440160001,Hemelingen,Hemelingen,2022-3
2022-07-01,11,2022,7,3,7,3,0,7,1,1,1,0,0,0,0,0,8.79628928700004,53.0672299720001,Neustadt,Südervorstadt,2022-7
2022-05-01,11,2022,5,3,15,3,2,6,1,0,0,1,0,0,0,0,8.80921862800005,53.078782774,Mitte,Altstadt,2022-5
2022-01-01,11,2022,1,2,10,3,5,2,1,0,0,0,0,1,0,1,8.80558624400004,53.090859332,Findorff,Findorff-Bürgerweide,2022-1
2022-02-01,11,2022,2,6,16,3,5,2,1,1,0,0,0,0,0,1,8.93445163700005,53.06946241,Osterholz,Ellenerbrok-Schevemoor,2022-2
2022-06-01,11,2022,6,6,10,3,3,6,1,0,0,1,0,0,0,0,8.83745860900007,53.0699352560001,Östliche Vorstadt,Peterswerder,2022-6
2022-05-01,11,2022,5,4,18,3,0,7,1,0,0,0,0,0,0,0,8.80531030500003,53.1003594470001,Findorff,Regensburger Str.,2022-5
2022-03-01,11,2022,3,6,21,3,5,2,1,1,0,0,0,0,2,0,8.82510438900005,53.08418684,Schwachhausen,Barkhof,2022-3
2022-05-01,11,2022,5,5,6,3,5,2,1,1,0,0,0,0,0,0,8.79211423400005,53.0943983780001,Walle,Westend,2022-5
2022-05-01,11,2022,5,5,17,3,5,3,1,1,0,0,0,0,0,0,8.74076008200007,53.0530642040001,Huchting,Mittelshuchting,2022-5
2022-07-01,11,2022,7,6,18,2,5,3,1,0,0,0,0,0,0,0,8.79711827400007,53.0763314430001,Neustadt,Alte Neustadt,2022-7
2022-07-01,11,2022,7,3,19,3,4,2,1,0,0,0,0,1,0,0,8.79782200600005,53.070671422,Neustadt,Alte Neustadt,2022-7
2022-06-01,11,2022,6,4,12,3,0,1,1,0,0,0,0,0,0,0,8.80779649700003,53.0778125640001,Mitte,Altstadt,2022-6
2022-05-01,11,2022,5,3,7,3,5,3,1,1,0,0,0,0,0,0,8.70754895200002,53.1645728400001,Burglesum,Burgdamm,2022-5
2022-01-01,11,2022,1,7,10,3,0,7,1,0,0,0,0,0,0,0,8.61792298100005,53.1746341030001,Vegesack,Vegesack,2022-1
2022-05-01,11,2022,5,6,4,3,7,7,1,0,0,0,0,0,1,0,8.93470490600004,53.0587788490001,Osterholz,Osterholz,2022-5
2022-03-01,11,2022,3,5,12,3,4,6,1,0,0,0,0,0,0,0,8.80437818200005,53.0726858140001,Mitte,Altstadt,2022-3
2022-07-01,11,2022,7,4,11,3,1,7,1,1,0,0,0,0,0,0,8.83121090500003,53.08100369,Schwachhausen,Gete,2022-7
2022-05-01,11,2022,5,5,19,3,0,7,1,0,0,0,0,0,0,1,8.83186577100003,53.071095611,Östliche Vorstadt,Steintor,2022-5
2022-01-01,11,2022,1,3,14,3,5,2,1,1,0,0,0,0,0,0,8.81352687500004,53.0903601430001,Findorff,Findorff-Bürgerweide,2022-1
2022-04-01,12,2022,4,5,16,3,0,7,1,0,0,0,0,0,0,0,8.58519558900002,53.557603181,Lehe (BHV),Goethestrasse,2022-4
2022-03-01,12,2022,3,7,0,3,5,3,1,1,0,0,0,0,2,0,8.63280524400005,53.5957541070001,Leherheide,Unbekannt,2022-3
2022-07-01,11,2022,7,7,10,3,3,6,1,1,0,0,0,0,0,0,8.80688798700004,53.0944945540001,Findorff,Regensburger Str.,2022-7
2022-06-01,11,2022,6,3,8,3,5,2,1,1,0,0,0,0,0,0,8.85063458700006,53.0712404660001,Östliche Vorstadt,Hulsberg,2022-6
2022-03-01,11,2022,3,7,20,3,5,2,1,1,0,0,0,0,2,0,8.78502022400005,53.088691834,Walle,Überseestadt,2022-3
2022-05-01,11,2022,5,1,3,2,3,6,1,1,0,0,0,0,2,0,8.95065811100005,53.076401579,Osterholz,Tenever,2022-5
2022-03-01,11,2022,3,2,10,3,4,6,1,1,0,0,0,0,0,0,8.82198164500005,53.0728253360001,Mitte,Ostertor,2022-3
2022-07-01,11,2022,7,5,17,3,5,2,1,1,0,0,0,0,0,0,8.79680035600006,53.0892162160001,Walle,Utbremen,2022-7
2022-05-01,11,2022,5,3,15,3,5,2,1,1,0,0,0,0,0,0,8.79401892100003,53.074497373,Neustadt,Alte Neustadt,2022-5
2022-03-01,12,2022,3,6,6,3,3,6,1,1,0,0,0,0,1,0,8.58074311100006,53.5220430960001,Fischereihafen,Fischereihafen,2022-3
2022-04-01,11,2022,4,4,16,3,5,3,1,1,0,0,0,0,0,0,8.82503444100007,53.0845848650001,Schwachhausen,Bürgerpark,2022-4
2022-06-01,12,2022,6,4,8,3,5,3,1,1,0,0,0,0,0,0,8.59279690300002,53.5584515240001,Lehe (BHV),Klushof,2022-6
2022-03-01,12,2022,3,3,10,3,2,7,1,0,0,0,0,1,0,0,8.58622011000006,53.5863860580001,Lehe (BHV),Speckenbüttel,2022-3
2022-04-01,12,2022,4,6,10,3,5,3,1,1,0,0,0,0,0,0,8.59092766400005,53.541411646,Geestemünde,Geestemünde-Nord,2022-4
2022-06-01,11,2022,6,3,13,3,1,5,1,1,0,0,0,0,0,0,8.84382767800003,53.0744972430001,Östliche Vorstadt,Hulsberg,2022-6
2022-04-01,11,2022,4,7,17,3,5,2,1,1,0,0,0,0,0,0,8.88517078200005,53.0721740720001,Hemelingen,Sebaldsbrück,2022-4
2022-06-01,11,2022,6,7,3,3,0,7,1,0,0,0,0,0,2,0,8.79594549300003,53.0755574770001,Neustadt,Alte Neustadt,2022-6
2022-02-01,11,2022,2,4,18,2,5,3,1,0,0,0,0,1,2,0,8.78656906500004,53.0893899450001,Walle,Utbremen,2022-2
2022-06-01,11,2022,6,5,5,3,5,3,1,1,0,0,0,0,0,0,8.73177990200003,53.179504261,Unbekannt,Unbekannt,2022-6
2022-07-01,11,2022,7,1,17,3,8,7,1,1,0,0,0,0,0,0,8.82550840900007,53.078797767,Östliche Vorstadt,Fesenfeld,2022-7
2022-03-01,11,2022,3,3,12,3,5,3,1,1,0,0,0,0,0,0,8.84461288900008,53.0764151610001,Östliche Vorstadt,Hulsberg,2022-3
2022-05-01,11,2022,5,3,8,3,5,3,1,0,0,0,0,0,0,0,8.81928587100003,53.046398433,Obervieland,Kattenturm,2022-5
2022-05-01,11,2022,5,5,5,3,0,1,1,0,0,0,0,0,1,0,8.58238917500006,53.182444149,Blumenthal,Blumenthal,2022-5
2022-04-01,11,2022,4,5,11,3,5,3,1,1,0,0,0,0,0,1,8.83224525400004,53.081461313,Schwachhausen,Schwachhausen,2022-4
2022-06-01,11,2022,6,3,15,2,5,3,1,1,0,0,0,0,0,0,8.62448669900004,53.177171103,Vegesack,Vegesack,2022-6
2022-05-01,11,2022,5,3,14,3,0,1,1,0,0,0,0,0,0,0,8.79265173700003,53.0809993010001,Mitte,Altstadt,2022-5