Datetime,UKREIS,UJAHR,UMONAT,UWOCHENTAG,USTUNDE,UKATEGORIE,UART,UTYP1,IstRad,IstPKW,IstFuss,IstKrad,IstGkfz,IstSonstig,ULICHTVERH,STRZUSTAND,longitude,latitude,Stadtteil,Ortsteil,Datetime
2022-05-01,11,2022,5,2,7,3,2,6,1,1,0,0,0,0,0,0,8.82306921000003,53.0826951110001,Schwachhausen,Barkhof,2022-5
2022-01-01,11,2022,1,2,12,2,5,2,1,1,0,0,0,0,0,1,8.78492295800004,53.088678644,Walle,Überseestadt,2022-1
2022-03-01,11,2022,3,2,7,3,5,2,1,1,0,0,0,0,0,0,8.84574654900007,53.0331084420001,Obervieland,Arsten,2022-3
2022-05-01,11,2022,5,2,19,3,5,2,1,1,0,0,0,0,1,0,8.87585559800004,53.081809988,Vahr,Gartenstadt Vahr,2022-5
2022-05-01,11,2022,5,4,14,3,5,2,1,1,0,0,0,0,0,0,8.80693931100006,53.0828616040001,Mitte,Bahnhofsvorstadt,2022-5
2022-06-01,11,2022,6,7,15,3,0,7,1,0,0,0,0,0,0,0,8.82887215600005,53.068796112,Östliche Vorstadt,Steintor,2022-6
2022-03-01,11,2022,3,5,15,2,5,2,1,0,0,0,1,0,0,0,8.83733992500004,53.0768340400001,Östliche Vorstadt,Fesenfeld,2022-3
2022-07-01,11,2022,7,3,18,3,5,7,1,1,0,0,0,0,0,0,8.84071051400002,53.0716953310001,Östliche Vorstadt,Peterswerder,2022-7
2022-06-01,11,2022,6,4,7,3,3,2,1,1,0,0,0,0,0,0,8.80382867900005,53.076316385,Mitte,Altstadt,2022-6
2022-06-01,12,2022,6,6,0,3,0,1,1,0,0,0,0,0,2,0,8.57558963100007,53.547240693,Mitte (BHV),Mitte-Süd,2022-6
2022-06-01,11,2022,6,5,8,2,5,3,1,1,0,0,0,0,0,0,8.53436785700006,53.1992441960001,Blumenthal,Farge,2022-6
2022-05-01,12,2022,5,7,0,3,8,1,1,0,0,0,0,0,2,0,8.58960822900002,53.5304459540001,Geestemünde,Geestendorf,2022-5
2022-01-01,11,2022,1,1,14,3,4,7,1,0,0,0,0,0,0,0,8.87699487800006,53.0750116500001,Vahr,Gartenstadt Vahr,2022-1
2022-02-01,11,2022,2,7,16,3,5,3,1,0,0,0,0,0,0,0,8.80187689800005,53.0716423550001,Neustadt,Alte Neustadt,2022-2
2022-06-01,11,2022,6,6,16,3,5,2,1,0,0,1,0,0,0,0,8.84115167900006,53.0692527410001,Östliche Vorstadt,Peterswerder,2022-6
2022-05-01,11,2022,5,2,15,3,6,4,1,0,1,0,0,0,0,0,8.81694492800005,53.07006757,Mitte,Ostertor,2022-5
2022-03-01,11,2022,3,6,17,3,2,6,1,1,0,0,0,0,0,0,8.81272590000003,53.073277756,Mitte,Altstadt,2022-3
2022-06-01,11,2022,6,5,23,3,1,5,1,1,0,0,0,0,2,0,8.83513787500004,53.070330412,Östliche Vorstadt,Peterswerder,2022-6
2022-04-01,11,2022,4,6,11,3,1,7,1,1,0,0,0,0,0,0,8.86484812100002,53.0644635510001,Hemelingen,Hastedt,2022-4
2022-05-01,11,2022,5,3,13,3,5,3,1,1,0,0,0,0,0,0,8.85717720200006,53.072661898,Hemelingen,Hastedt,2022-5
2022-02-01,12,2022,2,6,9,1,8,1,1,0,0,0,0,1,0,1,8.62152708100007,53.571161428,Lehe (BHV),Schierholz,2022-2
2022-04-01,11,2022,4,6,14,3,5,3,1,1,0,0,0,0,0,0,8.77263034500004,53.096309058,Walle,Überseestadt,2022-4
2022-03-01,11,2022,3,4,10,3,3,6,1,1,0,0,0,0,0,0,8.95596663100002,53.0765833390001,Osterholz,Tenever,2022-3
2022-07-01,11,2022,7,2,12,3,5,2,1,0,0,0,0,1,0,1,8.89690906300007,53.0590628420001,Hemelingen,Sebaldsbrück,2022-7
2022-02-01,11,2022,2,4,16,3,5,3,1,0,0,0,0,1,0,1,8.75343880500003,53.1232122220001,Gröpelingen,Ohlenhof,2022-2
2022-06-01,11,2022,6,6,7,3,4,2,1,1,0,0,0,0,0,0,8.94164243400007,53.060418036,Osterholz,Ellenerbrok-Schevemoor,2022-6
2022-06-01,12,2022,6,6,16,3,5,3,1,1,0,0,0,0,0,0,8.59381937600006,53.549575116,Geestemünde,Geestemünde-Nord,2022-6
2022-05-01,11,2022,5,2,14,3,3,2,1,1,0,0,0,0,0,0,8.78815919000004,53.0764638700001,Neustadt,Alte Neustadt,2022-5
2022-02-01,11,2022,2,5,8,3,5,2,1,1,0,0,0,0,0,1,8.83023168900007,53.0778099570001,Östliche Vorstadt,Fesenfeld,2022-2
2022-03-01,12,2022,3,4,11,3,5,2,1,1,0,0,0,0,0,1,8.59003049400008,53.5269039990001,Geestemünde,Geestendorf,2022-3
2022-04-01,12,2022,4,2,8,3,1,7,1,1,0,0,0,0,0,0,8.60129755600008,53.503742172,Wulsdorf,Jedutenberg,2022-4
2022-05-01,11,2022,5,2,14,3,5,3,1,1,0,0,0,0,0,0,8.82520462500003,53.084342667,Schwachhausen,Bürgerpark,2022-5
2022-02-01,11,2022,2,4,17,3,5,3,1,1,0,0,0,0,2,0,8.78947494900007,53.0829839,Walle,Überseestadt,2022-2
2022-04-01,11,2022,4,3,11,3,0,1,1,0,0,0,0,0,0,1,8.62849592600003,53.1750037850001,Vegesack,Vegesack,2022-4
2022-07-01,11,2022,7,3,13,3,6,6,1,0,1,0,0,0,0,0,8.89105149800002,53.0812429090001,Vahr,Neue Vahr Südwest,2022-7
2022-06-01,11,2022,6,3,15,3,5,3,1,1,0,0,0,0,0,0,8.78102824700005,53.1016756220001,Walle,Walle,2022-6
2022-04-01,12,2022,4,5,16,3,5,3,1,0,0,0,0,0,0,0,8.58195418500003,53.576056287,Lehe (BHV),Eckernfeld,2022-4
2022-06-01,11,2022,6,1,5,2,0,7,1,0,0,0,0,0,0,0,8.80579877400004,53.073407435,Mitte,Altstadt,2022-6
2022-05-01,11,2022,5,3,12,3,0,7,1,0,0,0,0,0,0,0,8.94483894900003,53.0782398900001,Oberneuland,Unbekannt,2022-5
2022-06-01,11,2022,6,3,16,3,0,7,1,0,0,0,0,1,0,0,8.79105027200006,53.091494611,Walle,Utbremen,2022-6
2022-03-01,12,2022,3,2,15,2,5,2,1,1,0,0,0,0,0,0,8.60122047200002,53.52557061,Geestemünde,Geestemünde-Süd,2022-3
2022-07-01,11,2022,7,6,6,3,0,7,1,0,0,0,0,0,0,0,8.58436332800005,53.1813730690001,Blumenthal,Blumenthal,2022-7
2022-06-01,11,2022,6,5,14,3,0,7,1,0,0,0,0,0,0,0,8.69996036700007,53.171859457,Burglesum,Lesum,2022-6
2022-05-01,11,2022,5,5,17,2,0,7,1,0,0,0,0,0,0,0,8.60641835900003,53.1845491220001,Vegesack,Fähr-Lobbendorf,2022-5
2022-06-01,12,2022,6,6,15,3,6,6,1,0,1,0,0,0,0,0,8.60093695700004,53.5351473540001,Geestemünde,Bürgerpark (BHV),2022-6
2022-05-01,11,2022,5,7,12,3,2,6,1,1,0,0,0,0,0,0,8.84879881100005,53.0938407880001,Schwachhausen,Riensberg,2022-5
2022-03-01,11,2022,3,6,16,3,5,3,1,1,0,0,0,0,0,0,8.93366863700004,53.0883970030001,Oberneuland,Unbekannt,2022-3
2022-07-01,11,2022,7,2,20,3,1,5,1,1,0,0,0,0,0,1,8.90792478000003,53.0543173230001,Hemelingen,Sebaldsbrück,2022-7
2022-06-01,11,2022,6,6,12,3,5,3,1,1,0,0,0,0,0,0,8.87067792700003,53.091272094,Schwachhausen,Radio Bremen,2022-6
2022-05-01,11,2022,5,1,8,3,0,7,1,0,0,0,0,1,0,0,8.95080952600006,53.087629652,Oberneuland,Unbekannt,2022-5
2022-03-01,11,2022,3,2,12,2,5,3,1,1,0,0,0,0,0,0,8.73848887900004,53.1347532070001,Gröpelingen,Oslebshausen,2022-3
2022-03-01,12,2022,3,2,14,3,5,3,1,0,0,0,0,1,0,0,8.59311491900007,53.5353269390001,Geestemünde,Geestemünde-Nord,2022-3
2022-07-01,11,2022,7,2,18,3,4,2,1,1,0,0,0,0,0,0,8.80089681000004,53.0684258640001,Neustadt,Südervorstadt,2022-7
2022-05-01,12,2022,5,3,15,3,0,7,1,0,0,0,0,0,0,0,8.62392051200004,53.5292324210001,Schiffdorferdamm,Schiffdorferdamm,2022-5
2022-04-01,11,2022,4,6,7,3,6,4,1,0,1,0,0,0,0,0,8.95144682300003,53.0638594540001,Osterholz,Tenever,2022-4
2022-05-01,11,2022,5,2,14,3,5,3,1,1,0,0,0,0,0,0,8.82453975100003,53.0841841750001,Schwachhausen,Barkhof,2022-5
2022-03-01,11,2022,3,4,7,3,4,6,1,1,0,0,0,0,0,0,8.78447615300007,53.1049513630001,Walle,Walle,2022-3
2022-05-01,11,2022,5,2,13,3,0,7,1,0,0,0,0,0,0,0,8.83510638300004,53.0730147030001,Östliche Vorstadt,Steintor,2022-5
2022-04-01,11,2022,4,4,15,3,5,3,1,1,0,0,0,0,0,0,8.89711908900006,53.1148084430001,Horn-Lehe,Lehesterdeich,2022-4
2022-06-01,11,2022,6,5,8,3,1,5,1,1,0,0,0,0,0,0,8.78675159600004,53.083687114,Walle,Überseestadt,2022-6
2022-02-01,11,2022,2,3,16,3,5,3,1,1,0,0,0,0,0,1,8.69453879800005,53.168822844,Burglesum,Lesum,2022-2
2022-07-01,11,2022,7,3,18,3,5,3,1,1,0,0,0,0,0,0,8.60111967100005,53.1847259190001,Vegesack,Fähr-Lobbendorf,2022-7
2022-06-01,11,2022,6,3,14,3,5,3,1,1,0,0,0,0,0,0,8.61376417700006,53.1744909290001,Vegesack,Vegesack,2022-6
2022-02-01,11,2022,2,2,9,3,0,1,1,0,0,0,0,0,0,1,8.83733640500003,53.0768254450001,Östliche Vorstadt,Fesenfeld,2022-2
2022-06-01,11,2022,6,7,15,3,4,6,1,0,0,0,0,0,0,0,8.80827560500006,53.072411624,Mitte,Altstadt,2022-6
2022-01-01,12,2022,1,4,13,3,5,2,1,1,0,0,0,0,0,1,8.63097319700006,53.5992516260001,Leherheide,Unbekannt,2022-1
2022-03-01,11,2022,3,6,13,3,5,2,1,1,0,0,0,0,0,0,8.95350075300007,53.074426799,Osterholz,Tenever,2022-3
2022-03-01,11,2022,3,4,7,3,5,7,1,0,0,0,0,1,0,0,8.84277587800005,53.072322995,Östliche Vorstadt,Peterswerder,2022-3
2022-07-01,11,2022,7,4,17,2,5,3,1,1,0,0,0,0,0,0,8.85417020100004,53.0825593000001,Schwachhausen,Radio Bremen,2022-7
2022-02-01,11,2022,2,2,15,3,5,3,1,1,0,0,0,0,0,1,8.80342486500007,53.0962446030001,Findorff,Regensburger Str.,2022-2
2022-04-01,11,2022,4,5,14,3,5,3,1,1,0,0,0,0,0,0,8.85710676200006,53.072674298,Hemelingen,Hastedt,2022-4
2022-05-01,11,2022,5,5,14,3,3,6,1,0,0,0,0,0,0,0,8.81872105500003,53.0837653040001,Schwachhausen,Barkhof,2022-5
2022-04-01,11,2022,4,4,13,3,5,3,1,1,0,0,0,0,0,0,8.81218523600006,53.0789591290001,Mitte,Bahnhofsvorstadt,2022-4
2022-01-01,12,2022,1,3,8,3,5,3,1,1,0,0,0,0,0,1,8.58553951200003,53.535234136,Geestemünde,Geestemünde-Nord,2022-1
2022-06-01,11,2022,6,5,19,3,3,2,1,1,0,0,0,0,0,0,8.87658463700006,53.0814013180001,Vahr,Neue Vahr Südwest,2022-6
2022-03-01,11,2022,3,5,14,3,5,3,1,1,0,0,0,0,0,0,8.57847844400004,53.1854558520001,Blumenthal,Blumenthal,2022-3
2022-06-01,11,2022,6,4,20,3,0,1,1,0,0,0,0,0,1,0,8.69875161100003,53.15553859,Burglesum,Werderland,2022-6
2022-03-01,11,2022,3,5,8,3,1,5,1,1,0,0,0,0,0,0,8.91955589600008,53.098506624,Oberneuland,Unbekannt,2022-3
2022-04-01,11,2022,4,3,14,2,5,2,1,1,0,0,0,0,0,0,8.84244398800007,53.046507305,Obervieland,Habenhausen,2022-4
2022-07-01,11,2022,7,1,16,3,4,6,1,0,0,0,0,0,0,0,8.83528667100006,53.068331422,Östliche Vorstadt,Peterswerder,2022-7
2022-07-01,11,2022,7,5,8,2,0,7,1,1,0,0,0,0,0,0,8.88220809700005,53.1009882970001,Horn-Lehe,Lehe,2022-7
2022-04-01,11,2022,4,4,16,2,6,4,1,0,1,0,0,0,0,0,8.78606574100007,53.0713311270001,Neustadt,Hohentor,2022-4
2022-03-01,11,2022,3,5,17,3,1,5,1,1,0,0,0,0,0,0,8.78965435400005,53.068672238,Neustadt,Neustadt,2022-3
2022-04-01,11,2022,4,3,7,3,3,2,1,1,0,0,0,0,0,0,8.87658335400005,53.0789695110001,Vahr,Gartenstadt Vahr,2022-4
2022-05-01,11,2022,5,6,16,3,6,4,1,0,1,0,0,0,0,0,8.87248451900007,53.085793466,Schwachhausen,Radio Bremen,2022-5
2022-01-01,11,2022,1,3,7,2,0,1,1,0,0,0,0,0,1,2,8.79665061500003,53.056703285,Neustadt,Neuenland,2022-1
2022-02-01,11,2022,2,3,18,3,5,3,1,1,0,0,0,0,2,1,8.88681461600004,53.034632349,Hemelingen,Hemelingen,2022-2
2022-07-01,12,2022,7,1,20,3,5,2,1,1,0,0,0,0,0,0,8.61313598000004,53.5707219870001,Lehe (BHV),Schierholz,2022-7
2022-02-01,11,2022,2,6,15,3,5,2,1,1,0,0,0,0,0,1,8.83382213600004,53.081853192,Schwachhausen,Schwachhausen,2022-2
2022-05-01,11,2022,5,3,14,3,5,3,1,1,0,0,0,0,0,0,8.88401769100005,53.0405271380001,Hemelingen,Hemelingen,2022-5
2022-03-01,12,2022,3,3,12,3,3,6,1,0,0,0,0,0,0,0,8.59676146300006,53.5087115970001,Wulsdorf,Dreibergen,2022-3
2022-05-01,11,2022,5,2,11,3,3,7,1,1,0,0,0,0,0,0,8.63227306400006,53.186656414,Vegesack,Unbekannt,2022-5
2022-01-01,11,2022,1,3,12,3,5,3,1,1,0,0,0,0,0,0,8.95918978700007,53.0418725040001,Hemelingen,Mahndorf,2022-1
2022-04-01,11,2022,4,7,16,2,5,3,1,0,0,0,0,1,0,0,8.79191586200005,53.0827313610001,Mitte,Altstadt,2022-4
2022-02-01,11,2022,2,6,6,3,5,3,1,1,0,0,0,0,1,0,8.62540955300005,53.1813393,Vegesack,Unbekannt,2022-2
2022-05-01,11,2022,5,1,19,3,3,6,1,0,0,0,0,0,0,0,8.80416574200007,53.0724205050001,Neustadt,Alte Neustadt,2022-5
2022-04-01,11,2022,4,6,8,3,5,3,1,1,0,0,0,0,0,0,8.78882805900002,53.1042289650001,Walle,Osterfeuerberg,2022-4
2022-05-01,11,2022,5,2,12,2,5,3,1,0,0,0,0,1,0,0,8.87068100700003,53.0670175910001,Hemelingen,Hastedt,2022-5
2022-02-01,11,2022,2,5,7,3,0,7,1,0,0,0,0,0,2,1,8.83240993000004,53.086163748,Schwachhausen,Bürgerpark,2022-2
2022-04-01,11,2022,4,3,18,3,5,2,1,1,0,0,0,0,0,1,8.86527528100004,53.08214673,Vahr,Gartenstadt Vahr,2022-4
2022-05-01,12,2022,5,4,18,3,0,7,1,0,0,0,0,0,0,0,8.59794717200003,53.580907767,Lehe (BHV),Eckernfeld,2022-5
2022-03-01,12,2022,3,6,13,3,0,3,1,1,0,0,0,0,0,0,8.59496990700006,53.587872637,Lehe (BHV),Speckenbüttel,2022-3
2022-07-01,11,2022,7,2,18,3,5,3,1,0,0,0,0,0,0,0,8.82020715600004,53.0841161070001,Schwachhausen,Barkhof,2022-7
2022-05-01,12,2022,5,7,15,2,6,6,1,0,1,0,0,0,0,0,8.59098448400005,53.539692308,Geestemünde,Geestemünde-Nord,2022-5
2022-01-01,11,2022,1,4,16,3,5,2,1,1,0,0,0,0,2,1,8.61878251900004,53.1776102750001,Vegesack,Vegesack,2022-1
2022-03-01,12,2022,3,3,6,3,5,3,1,1,0,0,0,0,2,0,8.59314461900004,53.556633135,Lehe (BHV),Klushof,2022-3
2022-05-01,11,2022,5,5,8,3,3,6,1,0,0,0,0,0,0,0,8.82131326800004,53.0817684880001,Schwachhausen,Barkhof,2022-5
2022-03-01,11,2022,3,5,9,3,2,5,1,1,0,0,0,0,0,1,8.85784961400003,53.0493210170001,Obervieland,Habenhausen,2022-3
2022-05-01,12,2022,5,3,12,3,1,1,1,1,0,0,0,0,0,0,8.61040765200005,53.5191233020001,Geestemünde,Grünhöfe,2022-5
2022-03-01,11,2022,3,6,17,2,5,3,1,1,0,0,0,0,1,0,8.88413388200007,53.100271467,Horn-Lehe,Lehesterdeich,2022-3
2022-07-01,11,2022,7,7,17,3,4,6,1,0,0,0,0,0,0,0,8.94439711400003,53.078136176,Oberneuland,Unbekannt,2022-7
2022-02-01,11,2022,2,4,17,2,7,7,1,0,0,0,0,1,0,0,8.82442107300005,53.097224081,Schwachhausen,Neu-Schwachhausen,2022-2
2022-06-01,11,2022,6,4,18,3,5,3,1,1,0,0,0,0,0,0,8.78677342400005,53.0744996020001,Neustadt,Alte Neustadt,2022-6
2022-03-01,11,2022,3,4,16,3,5,3,1,1,0,0,0,0,0,0,8.63252136400007,53.181336593,Vegesack,Unbekannt,2022-3
2022-03-01,11,2022,3,3,9,2,5,3,1,1,0,0,0,0,0,0,8.61863764800006,53.176351475,Vegesack,Vegesack,2022-3
2022-05-01,11,2022,5,1,2,3,0,7,1,0,0,0,0,0,2,1,8.80489127200008,53.1006538930001,Findorff,Weidedamm,2022-5
2022-06-01,11,2022,6,3,12,3,5,3,1,0,0,0,0,1,0,0,8.82443197000003,53.0844893300001,Schwachhausen,Barkhof,2022-6
2022-03-01,11,2022,3,4,13,3,5,3,1,1,0,0,0,0,0,1,8.78651111800002,53.0838040960001,Walle,Überseestadt,2022-3
2022-05-01,11,2022,5,4,12,3,5,3,1,1,0,0,0,0,0,0,8.85954978600006,53.082686703,Schwachhausen,Radio Bremen,2022-5
2022-02-01,11,2022,2,4,15,3,0,7,1,1,0,0,0,0,0,1,8.82607905000003,53.0688666870001,Östliche Vorstadt,Steintor,2022-2
2022-07-01,11,2022,7,6,10,3,5,3,1,0,0,1,0,0,0,1,8.76455340200005,53.0830481560001,Woltmershausen,Woltmershausen,2022-7
2022-02-01,11,2022,2,6,13,3,1,7,1,0,0,0,0,0,0,1,8.79904378300006,53.0697473810001,Neustadt,Alte Neustadt,2022-2
2022-05-01,11,2022,5,3,13,3,5,3,1,0,0,0,0,1,0,0,8.79661783900002,53.0892415960001,Walle,Utbremen,2022-5
2022-05-01,11,2022,5,2,11,3,5,3,1,1,0,0,0,0,0,0,8.86924697500007,53.0747815180001,Vahr,Gartenstadt Vahr,2022-5
2022-01-01,11,2022,1,5,16,3,0,2,1,1,0,0,0,0,0,1,8.70368760400004,53.1724454000001,Burglesum,Burgdamm,2022-1
2022-03-01,11,2022,3,3,6,3,1,7,1,1,0,0,0,0,1,0,8.81202820100003,53.090667001,Findorff,Findorff-Bürgerweide,2022-3
2022-05-01,12,2022,5,6,13,3,5,3,1,1,0,0,0,0,0,0,8.59342344400005,53.546665649,Geestemünde,Geestemünde-Nord,2022-5
2022-03-01,11,2022,3,1,17,3,3,6,1,0,0,0,0,0,0,0,8.75434128600006,53.120048454,Gröpelingen,Lindenhof,2022-3
2022-02-01,11,2022,2,5,16,3,5,3,1,1,0,0,0,0,0,0,8.81166795800004,53.0308541260001,Obervieland,Kattenesch,2022-2
2022-03-01,11,2022,3,4,11,3,1,1,1,0,0,0,0,1,0,0,8.84317877400002,53.072229457,Östliche Vorstadt,Hulsberg,2022-3
2022-07-01,11,2022,7,3,15,3,3,6,1,0,0,0,0,0,0,0,8.81437537800002,53.10093556,Findorff,Weidedamm,2022-7
2022-07-01,11,2022,7,5,15,3,5,3,1,1,0,0,0,0,0,0,8.90015308400007,53.124129619,Unbekannt,Borgfeld,2022-7
2022-05-01,11,2022,5,4,17,3,4,6,1,1,0,0,0,0,0,0,8.79214487300004,53.0661670110001,Neustadt,Neustadt,2022-5
2022-02-01,11,2022,2,5,13,3,0,7,1,1,0,0,0,0,0,0,8.88518737400005,53.0542530880001,Hemelingen,Hemelingen,2022-2
2022-05-01,11,2022,5,3,11,2,0,1,1,0,0,0,0,0,0,0,8.82095257800006,53.063538699,Neustadt,Huckelriede,2022-5
2022-06-01,11,2022,6,2,11,3,5,3,1,1,0,0,0,0,0,0,8.83642687900004,53.107554242,Horn-Lehe,Lehe,2022-6
2022-05-01,11,2022,5,1,19,2,0,7,1,0,0,0,0,0,0,0,8.78201355200002,53.1100575610001,Walle,Walle,2022-5
2022-05-01,11,2022,5,6,11,3,0,3,1,1,0,0,0,0,0,0,8.82764036700007,53.072566915,Östliche Vorstadt,Steintor,2022-5
2022-03-01,11,2022,3,4,7,3,4,6,1,0,0,0,0,0,0,0,8.85230975400003,53.057194302,Obervieland,Habenhausen,2022-3
2022-07-01,12,2022,7,7,16,3,3,6,1,1,0,0,0,0,0,0,8.60016006000006,53.512272877,Wulsdorf,Dreibergen,2022-7
2022-05-01,11,2022,5,3,12,3,1,7,1,1,0,0,0,0,0,0,8.87265742800002,53.097097675,Horn-Lehe,Horn,2022-5
2022-04-01,11,2022,4,6,10,3,5,2,1,1,0,0,0,0,0,1,8.62452686300003,53.169978246,Vegesack,Vegesack,2022-4
2022-06-01,11,2022,6,1,19,3,5,3,1,1,0,0,0,0,0,0,8.85398535600007,53.0660914740001,Östliche Vorstadt,Peterswerder,2022-6
2022-06-01,11,2022,6,5,16,3,5,2,1,1,0,0,0,0,0,1,8.83237566000003,53.0335513150001,Obervieland,Kattenturm,2022-6
2022-05-01,11,2022,5,2,18,2,0,7,1,0,0,0,0,0,0,0,8.80702271900003,53.07529315,Mitte,Altstadt,2022-5
2022-04-01,11,2022,4,2,22,3,5,3,1,1,0,0,0,0,2,0,8.80130533700003,53.0714647510001,Neustadt,Alte Neustadt,2022-4
2022-05-01,12,2022,5,7,18,3,5,3,1,1,0,0,0,0,0,0,8.59430516000003,53.5635481320001,Lehe (BHV),Klushof,2022-5
2022-01-01,12,2022,1,3,12,3,6,7,1,0,1,0,0,0,0,0,8.59601463300004,53.588259308,Leherheide,Königsheide,2022-1
2022-03-01,11,2022,3,5,13,3,3,6,1,1,0,0,0,0,0,0,8.80809238700004,53.0594963280001,Neustadt,Huckelriede,2022-3
2022-03-01,11,2022,3,5,6,3,4,2,1,1,0,0,0,0,0,1,8.75610102400003,53.079385997,Woltmershausen,Woltmershausen,2022-3
2022-05-01,11,2022,5,4,9,3,5,3,1,1,0,0,0,0,0,0,8.78856100200005,53.0729053360001,Neustadt,Hohentor,2022-5
2022-06-01,11,2022,6,5,10,2,5,3,1,1,0,0,0,0,0,0,8.89864180900003,53.0607169840001,Hemelingen,Sebaldsbrück,2022-6
2022-03-01,11,2022,3,1,0,3,5,2,1,1,0,0,0,0,2,0,8.81276122700007,53.0733003550001,Mitte,Altstadt,2022-3
2022-07-01,12,2022,7,3,12,3,5,3,1,1,0,0,0,0,0,0,8.60878041900003,53.590759442,Leherheide,Königsheide,2022-7
2022-06-01,11,2022,6,4,5,2,0,7,1,0,0,0,0,0,1,0,8.80583764100004,53.07328053,Mitte,Altstadt,2022-6
2022-06-01,11,2022,6,6,18,3,5,2,1,1,0,0,0,0,0,0,8.71860094700003,53.045898519,Huchting,Sodenmatt,2022-6
2022-05-01,11,2022,5,3,17,3,0,1,1,0,0,0,0,0,0,1,8.76837420700002,53.103127198,Walle,Überseestadt,2022-5
2022-03-01,12,2022,3,6,14,3,5,3,1,1,0,0,0,0,0,0,8.58588825100003,53.5592729310001,Lehe (BHV),Klushof,2022-3
2022-05-01,11,2022,5,2,15,3,5,3,1,1,0,0,0,0,0,0,8.87311196200005,53.084733966,Schwachhausen,Radio Bremen,2022-5
2022-07-01,11,2022,7,1,13,3,5,3,1,1,0,0,0,0,0,0,8.68681693200006,53.1681066940001,Burglesum,Lesum,2022-7
2022-01-01,11,2022,1,5,14,3,4,6,1,0,0,0,0,0,0,0,8.91451114300003,53.0595983790001,Hemelingen,Sebaldsbrück,2022-1
2022-02-01,11,2022,2,6,8,3,6,7,1,0,1,0,0,0,0,0,8.80907917600007,53.0740809050001,Mitte,Altstadt,2022-2
2022-05-01,11,2022,5,5,5,3,5,3,1,1,0,0,0,0,1,0,8.91406412900005,53.0626789190001,Hemelingen,Sebaldsbrück,2022-5
2022-03-01,11,2022,3,1,0,3,6,4,1,0,1,0,0,0,2,0,8.85313597200008,53.062507764,Hemelingen,Hastedt,2022-3
2022-01-01,11,2022,1,3,8,3,5,2,1,1,0,0,0,0,0,1,8.85344052200003,53.064913093,Östliche Vorstadt,Peterswerder,2022-1
2022-04-01,12,2022,4,3,14,3,3,6,1,1,0,0,0,0,0,0,8.60085606000007,53.5162756890001,Geestemünde,Grünhöfe,2022-4
2022-05-01,11,2022,5,3,13,3,5,2,1,1,0,0,0,0,0,0,8.74014295000006,53.051410666,Huchting,Kirchhuchting,2022-5
2022-03-01,11,2022,3,7,7,3,0,7,1,0,0,0,0,0,0,0,8.82314796100007,53.073159687,Mitte,Ostertor,2022-3
2022-06-01,11,2022,6,4,15,2,5,2,1,1,0,0,0,0,0,0,8.85367012500006,53.064865458,Hemelingen,Hastedt,2022-6
2022-06-01,12,2022,6,4,7,3,5,3,1,1,0,0,0,0,0,0,8.59184093400006,53.558976591,Lehe (BHV),Klushof,2022-6
2022-05-01,11,2022,5,7,12,3,1,5,1,1,0,0,0,0,0,0,8.85570150500007,53.084406449,Schwachhausen,Radio Bremen,2022-5
2022-01-01,11,2022,1,2,12,3,5,2,1,1,0,0,0,0,0,0,8.88600725600003,53.1096432370001,Horn-Lehe,Lehesterdeich,2022-1
2022-05-01,11,2022,5,1,16,3,4,6,1,1,0,0,0,0,0,0,8.88193077500006,53.071676058,Vahr,Gartenstadt Vahr,2022-5
2022-03-01,11,2022,3,3,10,3,1,5,1,1,0,0,0,0,0,0,8.92642514100004,53.069682443,Osterholz,Ellener Feld,2022-3
2022-07-01,12,2022,7,3,16,3,5,3,1,1,0,0,0,0,0,0,8.58948770300003,53.5297816140001,Geestemünde,Geestendorf,2022-7
2022-02-01,12,2022,2,4,6,3,5,3,1,1,0,0,0,0,0,0,8.59779648800003,53.5071166960001,Wulsdorf,Dreibergen,2022-2
2022-06-01,11,2022,6,7,19,3,0,7,1,0,0,0,0,0,0,0,8.95075734100004,53.061497516,Osterholz,Tenever,2022-6
2022-05-01,11,2022,5,5,8,3,5,3,1,1,0,0,0,0,0,0,8.78644124200002,53.057027976,Neustadt,Neuenland,2022-5
2022-06-01,11,2022,6,5,19,3,1,5,1,1,0,0,0,0,0,0,8.85254061700005,53.080298956,Schwachhausen,Gete,2022-6
2022-02-01,11,2022,2,6,13,3,4,6,1,1,0,0,0,0,0,0,8.85802264400007,53.0836912670001,Schwachhausen,Radio Bremen,2022-2
2022-03-01,11,2022,3,4,11,2,5,2,1,1,0,0,0,0,0,1,8.80135342900007,53.071600689,Neustadt,Alte Neustadt,2022-3
2022-06-01,11,2022,6,2,20,2,4,2,1,1,0,0,0,0,1,0,8.86643925700002,53.1036633480001,Horn-Lehe,Lehe,2022-6
2022-02-01,11,2022,2,2,14,3,4,6,1,0,0,0,0,0,0,1,8.83959793900004,53.0829129360001,Schwachhausen,Schwachhausen,2022-2
2022-07-01,11,2022,7,3,16,3,8,3,1,1,0,0,0,0,0,0,8.88253809700007,53.06364104,Hemelingen,Hastedt,2022-7
2022-06-01,11,2022,6,6,15,3,0,2,1,1,0,0,0,0,0,0,8.76544779900007,53.1074264740001,Gröpelingen,Lindenhof,2022-6
2022-04-01,11,2022,4,1,22,2,0,7,1,0,0,0,0,0,2,0,8.85263590600005,53.073716372,Östliche Vorstadt,Hulsberg,2022-4
2022-06-01,11,2022,6,7,18,3,0,1,1,0,0,0,0,0,0,0,8.77155623300007,53.108611743,Walle,Walle,2022-6
2022-05-01,12,2022,5,3,21,3,8,1,1,0,0,0,0,0,2,1,8.60348692500003,53.52347954,Geestemünde,Grünhöfe,2022-5