Datetime,UKREIS,UJAHR,UMONAT,UWOCHENTAG,USTUNDE,UKATEGORIE,UART,UTYP1,IstRad,IstPKW,IstFuss,IstKrad,IstGkfz,IstSonstig,ULICHTVERH,STRZUSTAND,longitude,latitude,Stadtteil,Ortsteil,Datetime
2022-01-01,11,2022,1,3,16,3,6,4,1,0,1,0,0,0,1,0,8.81392506700007,53.0811600910001,Mitte,Bahnhofsvorstadt,2022-1
2022-05-01,11,2022,5,7,13,3,5,3,1,1,0,0,0,0,0,0,8.81812756600004,53.077730058,Mitte,Ostertor,2022-5
2022-02-01,11,2022,2,3,7,3,4,6,1,0,0,0,0,1,0,0,8.88056722700003,53.0646277230001,Hemelingen,Hastedt,2022-2
2022-02-01,11,2022,2,5,8,3,5,3,1,1,0,0,0,0,0,1,8.84779089500006,53.0505704930001,Obervieland,Habenhausen,2022-2
2022-05-01,11,2022,5,1,19,3,4,6,1,0,0,0,0,0,0,0,8.80295353200006,53.096438984,Findorff,Regensburger Str.,2022-5
2022-05-01,11,2022,5,2,16,3,6,4,1,0,1,0,0,0,0,0,8.78646519200004,53.090832429,Walle,Steffensweg,2022-5
2022-04-01,11,2022,4,5,16,2,5,3,1,1,0,0,0,0,0,1,8.57901933300008,53.1836208710001,Blumenthal,Blumenthal,2022-4
2022-03-01,11,2022,3,4,7,3,5,3,1,1,0,0,0,0,0,0,8.59752516100002,53.184836535,Vegesack,Fähr-Lobbendorf,2022-3
2022-06-01,12,2022,6,5,17,3,5,2,1,1,0,0,0,0,0,0,8.57497002000002,53.54477359,Mitte (BHV),Mitte-Süd,2022-6
2022-04-01,11,2022,4,1,15,2,3,6,1,0,0,0,0,0,0,0,8.85797217300006,53.1364695830001,Unbekannt,Blockland,2022-4
2022-06-01,11,2022,6,4,10,3,5,3,1,1,0,0,0,0,0,0,8.78882785700006,53.0665565640001,Neustadt,Neustadt,2022-6
2022-05-01,12,2022,5,6,11,3,5,2,1,1,0,0,0,0,0,0,8.62646465500006,53.5295348230001,Schiffdorferdamm,Schiffdorferdamm,2022-5
2022-01-01,11,2022,1,2,15,3,5,3,1,1,0,0,0,0,0,0,8.88773832200008,53.0683946230001,Hemelingen,Sebaldsbrück,2022-1
2022-03-01,12,2022,3,4,14,3,4,2,1,1,0,0,0,0,0,0,8.58095294100002,53.5513739840001,Lehe (BHV),Goethestrasse,2022-3
2022-06-01,11,2022,6,1,8,3,5,3,1,1,0,0,0,0,0,0,8.87656287300007,53.0814244150001,Vahr,Neue Vahr Südwest,2022-6
2022-05-01,11,2022,5,3,8,3,0,1,1,0,0,0,0,0,0,0,8.90054175200004,53.080389552,Vahr,Neue Vahr Südost,2022-5
2022-03-01,11,2022,3,4,15,3,3,2,1,1,0,0,0,0,0,0,8.82313769300004,53.073189455,Mitte,Ostertor,2022-3
2022-06-01,12,2022,6,6,11,3,5,2,1,1,0,0,0,0,0,0,8.59334321800003,53.5340358720001,Geestemünde,Geestendorf,2022-6
2022-03-01,11,2022,3,3,7,3,5,3,1,1,0,0,0,0,0,0,8.88799176200007,53.0667408890001,Hemelingen,Sebaldsbrück,2022-3
2022-07-01,11,2022,7,3,13,3,5,3,1,1,0,0,0,0,0,0,8.78983353000007,53.092713158,Walle,Westend,2022-7
2022-05-01,11,2022,5,5,9,3,2,6,1,1,0,0,0,0,0,0,8.80131039800006,53.0690056560001,Neustadt,Alte Neustadt,2022-5
2022-03-01,11,2022,3,6,12,3,5,3,1,1,0,0,0,0,0,0,8.76858220200006,53.0939446960001,Walle,Überseestadt,2022-3
2022-02-01,11,2022,2,4,22,3,7,2,1,0,0,0,0,0,2,1,8.81186589100002,53.0769527370001,Mitte,Altstadt,2022-2
2022-03-01,12,2022,3,4,11,3,6,4,1,0,1,0,0,0,0,0,8.60486751800005,53.523333914,Geestemünde,Grünhöfe,2022-3
2022-06-01,11,2022,6,4,16,3,5,3,1,0,0,0,0,1,0,0,8.83138038900006,53.0812453820001,Schwachhausen,Schwachhausen,2022-6
2022-01-01,12,2022,1,5,13,3,8,1,1,1,0,0,0,0,0,1,8.58407460800004,53.5171664220001,Fischereihafen,Fischereihafen,2022-1
2022-02-01,11,2022,2,6,12,3,6,4,1,0,1,0,0,0,0,0,8.80157221100006,53.0679929190001,Neustadt,Südervorstadt,2022-2
2022-07-01,11,2022,7,6,15,3,5,3,1,1,0,0,0,0,0,1,8.96986373400006,53.0466864540001,Hemelingen,Mahndorf,2022-7
2022-01-01,11,2022,1,5,10,3,5,2,1,1,0,0,0,0,0,1,8.72854549000004,53.038919456,Huchting,Kirchhuchting,2022-1
2022-06-01,12,2022,6,3,13,3,5,2,1,1,0,0,0,0,0,0,8.54276111200005,53.5875153980001,Häfen (BHV),Stadtbremisches Überseehafengebiet Bremerhaven,2022-6
2022-03-01,12,2022,3,3,15,3,1,5,1,0,0,0,1,0,0,0,8.58426564900003,53.5632919290001,Lehe (BHV),Twischkamp,2022-3
2022-06-01,11,2022,6,5,15,3,1,5,1,1,0,0,0,0,0,0,8.86612206000007,53.0639328450001,Hemelingen,Hastedt,2022-6
2022-02-01,11,2022,2,2,14,3,5,3,1,1,0,0,0,0,0,0,8.80812176500007,53.059511548,Neustadt,Huckelriede,2022-2
2022-06-01,11,2022,6,4,8,3,0,7,1,0,0,0,0,0,0,0,8.80464782500007,53.0807269840001,Mitte,Bahnhofsvorstadt,2022-6
2022-03-01,11,2022,3,7,19,3,0,7,1,0,0,0,0,0,2,0,8.81911748800007,53.069619689,Mitte,Ostertor,2022-3
2022-06-01,11,2022,6,4,7,3,6,4,1,0,1,0,0,0,0,0,8.93756475400005,53.0753527430001,Oberneuland,Unbekannt,2022-6
2022-06-01,11,2022,6,1,20,3,0,7,1,0,0,0,0,0,0,0,8.73682163600006,53.0455699840001,Huchting,Kirchhuchting,2022-6
2022-01-01,11,2022,1,6,9,3,5,3,1,1,0,0,0,0,0,0,8.82408103300003,53.079228931,Mitte,Ostertor,2022-1
2022-02-01,11,2022,2,4,18,3,2,2,1,1,0,0,0,0,2,0,8.81698450400006,53.078830123,Mitte,Bahnhofsvorstadt,2022-2
2022-05-01,11,2022,5,5,20,3,0,7,1,0,0,0,0,0,0,1,8.82559232300002,53.078922563,Östliche Vorstadt,Fesenfeld,2022-5
2022-06-01,11,2022,6,6,19,3,5,3,1,1,0,0,0,0,0,0,8.64782434700004,53.1714886,Vegesack,Grohn,2022-6
2022-02-01,11,2022,2,4,15,3,3,6,1,1,0,0,0,0,0,0,8.85573571400005,53.074038332,Hemelingen,Hastedt,2022-2
2022-01-01,11,2022,1,6,10,3,5,3,1,1,0,0,0,0,0,1,8.73945041800005,53.1363914930001,Gröpelingen,Oslebshausen,2022-1
2022-03-01,12,2022,3,3,16,3,1,5,1,1,0,0,0,0,0,0,8.60481270100007,53.523651891,Geestemünde,Grünhöfe,2022-3
2022-05-01,11,2022,5,6,19,3,5,3,1,1,0,0,0,0,0,0,8.71633667300006,53.056499011,Huchting,Mittelshuchting,2022-5
2022-06-01,11,2022,6,7,13,3,5,2,1,1,0,0,0,0,0,0,8.70397516800006,53.158134826,Burglesum,Burgdamm,2022-6
2022-07-01,11,2022,7,2,18,3,5,2,1,1,0,0,0,0,0,0,8.94058394000007,53.0776143940001,Oberneuland,Unbekannt,2022-7
2022-07-01,11,2022,7,4,23,3,1,5,1,0,0,0,0,1,2,0,8.83903939500004,53.0676996,Östliche Vorstadt,Peterswerder,2022-7
2022-01-01,11,2022,1,7,10,3,0,1,1,0,0,0,0,0,0,1,8.82283731600006,53.0729229510001,Mitte,Ostertor,2022-1
2022-02-01,11,2022,2,6,18,3,1,5,1,1,0,0,0,0,2,0,8.80891634500006,53.0635673410001,Neustadt,Buntentor,2022-2
2022-06-01,11,2022,6,1,17,3,5,2,1,1,0,0,0,0,0,1,8.87101149500006,53.087422556,Schwachhausen,Radio Bremen,2022-6
2022-06-01,11,2022,6,4,12,3,0,7,1,0,0,0,0,0,0,1,8.80299433300007,53.0926574310001,Findorff,Findorff-Bürgerweide,2022-6
2022-02-01,11,2022,2,6,7,3,5,3,1,1,0,0,0,0,0,0,8.86057058900008,53.0719816440001,Hemelingen,Hastedt,2022-2
2022-05-01,11,2022,5,2,8,3,5,3,1,1,0,0,0,0,0,0,8.76909364600004,53.082687236,Woltmershausen,Woltmershausen,2022-5
2022-05-01,11,2022,5,2,16,3,5,3,1,1,0,0,0,0,0,0,8.68608457100004,53.173313335,Burglesum,Lesum,2022-5
2022-05-01,11,2022,5,4,8,3,5,3,1,1,0,0,0,0,0,0,8.61639167800007,53.1831943340001,Vegesack,Fähr-Lobbendorf,2022-5
2022-03-01,12,2022,3,6,7,3,2,6,1,1,0,0,0,0,0,1,8.61819936500007,53.570741395,Lehe (BHV),Schierholz,2022-3
2022-04-01,11,2022,4,6,11,2,5,3,1,1,0,0,0,0,0,0,8.57102680900005,53.1812661860001,Blumenthal,Blumenthal,2022-4
2022-06-01,11,2022,6,7,12,3,5,3,1,0,0,0,0,1,0,0,8.82525881200007,53.0790901340001,Mitte,Ostertor,2022-6
2022-05-01,12,2022,5,3,17,3,0,7,1,0,0,0,0,0,0,1,8.58103977600007,53.5439064620001,Mitte (BHV),Mitte-Süd,2022-5
2022-05-01,11,2022,5,1,9,3,5,3,1,0,0,0,0,0,0,0,8.81682249400006,53.104685542,Findorff,In den Hufen,2022-5
2022-06-01,11,2022,6,4,17,3,5,3,1,1,0,0,0,0,0,0,8.69649434500008,53.1756279640001,Burglesum,Lesum,2022-6
2022-03-01,11,2022,3,6,7,3,5,2,1,1,0,0,0,0,0,0,8.92554378500006,53.0730958830001,Osterholz,Blockdiek,2022-3
2022-07-01,11,2022,7,2,15,3,5,2,1,1,0,0,0,0,0,1,8.78398617600004,53.08805977,Walle,Überseestadt,2022-7
2022-06-01,12,2022,6,5,16,3,5,3,1,1,0,0,0,0,0,0,8.59839602200003,53.5328824950001,Geestemünde,Geestendorf,2022-6
2022-05-01,11,2022,5,3,11,3,0,7,1,0,0,0,0,0,0,1,8.80523588800003,53.0771910540001,Mitte,Altstadt,2022-5
2022-06-01,11,2022,6,6,12,3,5,2,1,1,0,0,0,0,0,0,8.78646138100004,53.0954359840001,Walle,Westend,2022-6
2022-03-01,11,2022,3,6,15,3,0,1,1,1,0,0,0,0,0,0,8.83677073600006,53.0825516210001,Schwachhausen,Schwachhausen,2022-3
2022-07-01,11,2022,7,1,13,3,5,2,1,0,0,0,0,0,0,0,8.85119771400002,53.116636128,Unbekannt,Blockland,2022-7
2022-07-01,11,2022,7,1,11,3,3,6,1,1,0,0,0,0,0,0,8.77715163800002,53.063636252,Neustadt,Neuenland,2022-7
2022-01-01,11,2022,1,5,22,3,4,6,1,0,0,0,0,0,2,1,8.83497365700003,53.0965477240001,Schwachhausen,Neu-Schwachhausen,2022-1
2022-03-01,11,2022,3,3,15,3,5,3,1,1,0,0,0,0,0,0,8.78535942200006,53.0709131740001,Neustadt,Hohentor,2022-3
2022-07-01,11,2022,7,7,17,3,0,5,1,1,0,0,0,0,0,0,8.95445333100002,53.0627930200001,Osterholz,Tenever,2022-7
2022-07-01,12,2022,7,4,17,3,5,3,1,1,0,0,0,0,0,0,8.60552086200005,53.516411566,Geestemünde,Grünhöfe,2022-7
2022-05-01,11,2022,5,3,10,3,5,3,1,0,0,0,0,0,0,0,8.81624965400005,53.07916312,Mitte,Bahnhofsvorstadt,2022-5
2022-01-01,11,2022,1,6,16,3,1,1,1,1,0,0,0,0,0,1,8.82414167000007,53.0730358370001,Östliche Vorstadt,Steintor,2022-1
2022-06-01,12,2022,6,7,9,3,5,3,1,1,0,0,0,0,0,0,8.59422274800005,53.5392692840001,Geestemünde,Geestemünde-Nord,2022-6
2022-04-01,12,2022,4,6,18,3,5,2,1,1,0,0,0,0,0,0,8.60073449300006,53.536332853,Geestemünde,Bürgerpark (BHV),2022-4
2022-03-01,12,2022,3,3,16,3,0,7,1,0,0,0,0,0,0,0,8.62759130200004,53.5280333210001,Schiffdorferdamm,Schiffdorferdamm,2022-3
2022-06-01,11,2022,6,3,10,3,5,3,1,1,0,0,0,0,0,0,8.82411762400005,53.079221321,Mitte,Ostertor,2022-6
2022-04-01,11,2022,4,5,7,3,5,3,1,1,0,0,0,0,0,0,8.72921282300007,53.0856983470001,Häfen,Neustädter Hafen,2022-4
2022-06-01,11,2022,6,5,17,3,1,5,1,1,0,0,0,0,0,0,8.82780253500005,53.0725170580001,Östliche Vorstadt,Steintor,2022-6
2022-05-01,11,2022,5,2,8,3,3,6,1,0,0,0,0,0,0,0,8.80193038800007,53.086566802,Mitte,Bahnhofsvorstadt,2022-5
2022-01-01,11,2022,1,2,7,2,5,2,1,0,0,0,0,0,2,1,8.87327823000004,53.067205599,Hemelingen,Hastedt,2022-1
2022-04-01,11,2022,4,1,18,3,1,5,1,1,0,0,0,0,0,0,8.84411778600003,53.0751773540001,Östliche Vorstadt,Hulsberg,2022-4
2022-02-01,11,2022,2,2,19,3,5,3,1,1,0,0,0,0,2,1,8.82694046000006,53.034271947,Obervieland,Kattenturm,2022-2
2022-03-01,11,2022,3,2,10,2,5,3,1,1,0,0,0,0,0,1,8.68841585100006,53.1696807700001,Burglesum,Lesum,2022-3
2022-07-01,11,2022,7,3,16,3,5,7,1,1,0,0,0,0,0,0,8.75898592300007,53.1192862710001,Gröpelingen,Ohlenhof,2022-7
2022-06-01,11,2022,6,3,7,3,5,2,1,1,0,0,0,0,0,0,8.78406994100004,53.075572374,Woltmershausen,Woltmershausen,2022-6
2022-06-01,11,2022,6,2,6,3,6,3,1,0,1,0,0,0,0,0,8.57829547200004,53.206808326,Blumenthal,Lüssum-Bockhorn,2022-6
2022-05-01,12,2022,5,1,17,3,5,3,1,1,0,0,0,0,0,0,8.58519789300004,53.5574436050001,Lehe (BHV),Goethestrasse,2022-5
2022-03-01,11,2022,3,3,10,3,5,3,1,1,0,0,0,0,0,0,8.58458647800006,53.181472813,Blumenthal,Blumenthal,2022-3
2022-07-01,11,2022,7,3,10,3,5,3,1,1,0,0,0,0,0,0,8.78410923400003,53.0895056150001,Walle,Steffensweg,2022-7
2022-01-01,11,2022,1,4,20,3,5,2,1,1,0,0,0,0,2,0,8.79121784200004,53.091579671,Walle,Utbremen,2022-1
2022-02-01,11,2022,2,4,10,3,4,6,1,1,0,0,0,0,0,1,8.95039952000008,53.0579363680001,Osterholz,Osterholz,2022-2
2022-05-01,11,2022,5,1,0,3,0,1,1,0,0,0,0,0,2,0,8.80902694500003,53.0747507560001,Mitte,Altstadt,2022-5
2022-07-01,11,2022,7,4,17,3,4,6,1,0,0,1,0,0,0,0,8.85315158000003,53.0625563560001,Hemelingen,Hastedt,2022-7
2022-07-01,11,2022,7,6,19,3,5,3,1,1,0,0,0,0,0,0,8.78156563100003,53.077730876,Woltmershausen,Woltmershausen,2022-7
2022-05-01,11,2022,5,5,17,3,5,2,1,1,0,0,0,0,0,1,8.94760269500006,53.064294433,Osterholz,Ellenerbrok-Schevemoor,2022-5
2022-02-01,11,2022,2,4,15,3,5,2,1,1,0,0,0,0,0,1,8.87608502500007,53.082136414,Vahr,Neue Vahr Südwest,2022-2
2022-02-01,11,2022,2,4,17,3,4,6,1,0,0,0,0,0,2,1,8.67737503700005,53.1733107310001,Burglesum,Lesum,2022-2
2022-07-01,12,2022,7,4,11,2,0,7,1,0,0,0,0,0,0,0,8.58834355000005,53.530676413,Geestemünde,Geestendorf,2022-7
2022-05-01,12,2022,5,3,23,2,0,7,1,0,0,0,0,0,2,0,8.57845878700005,53.559564591,Lehe (BHV),Goethestrasse,2022-5
2022-01-01,11,2022,1,5,22,3,0,7,1,0,0,0,0,0,2,2,8.82503444100007,53.0845848650001,Schwachhausen,Bürgerpark,2022-1
2022-04-01,11,2022,4,2,15,3,0,7,1,1,0,0,0,0,0,0,8.86478388500007,53.0954736690001,Horn-Lehe,Horn,2022-4
2022-05-01,11,2022,5,3,14,3,5,3,1,1,0,0,0,0,0,0,8.90205124000005,53.072702916,Hemelingen,Sebaldsbrück,2022-5
2022-06-01,11,2022,6,3,6,3,5,2,1,1,0,0,0,0,0,0,8.62451376300004,53.177214539,Vegesack,Vegesack,2022-6
2022-04-01,11,2022,4,4,13,3,5,3,1,1,0,0,0,0,0,0,8.79097819500004,53.067876104,Neustadt,Neustadt,2022-4
2022-07-01,11,2022,7,6,8,3,5,2,1,1,0,0,0,0,0,0,8.82447085700005,53.0842560790001,Schwachhausen,Barkhof,2022-7
2022-05-01,12,2022,5,5,17,3,5,3,1,1,0,0,0,0,0,1,8.54456026100007,53.59566096,Weddewarden,Weddewarden,2022-5
2022-03-01,11,2022,3,6,17,3,5,2,1,1,0,0,0,0,0,0,8.62445161300008,53.17669884,Vegesack,Vegesack,2022-3
2022-07-01,11,2022,7,3,19,3,5,3,1,1,0,0,0,0,0,0,8.75008748600004,53.1258526940001,Gröpelingen,Ohlenhof,2022-7
2022-02-01,11,2022,2,3,13,3,2,6,1,1,0,0,0,0,0,1,8.82424985900008,53.0751621220001,Östliche Vorstadt,Steintor,2022-2
2022-04-01,11,2022,4,3,4,3,0,7,1,0,0,0,0,0,2,0,8.64016802200007,53.1731722850001,Vegesack,Schönebeck,2022-4
2022-06-01,11,2022,6,6,17,3,6,4,1,0,1,0,0,0,0,0,8.85157703900006,53.0650290450001,Östliche Vorstadt,Peterswerder,2022-6
2022-05-01,12,2022,5,2,18,3,5,3,1,1,0,0,0,0,0,0,8.59466250700007,53.527462814,Geestemünde,Geestendorf,2022-5
2022-05-01,12,2022,5,7,0,3,8,1,1,0,0,0,0,0,2,1,8.59002181200003,53.556802454,Lehe (BHV),Klushof,2022-5
2022-03-01,11,2022,3,4,7,3,5,2,1,1,0,0,0,0,0,0,8.87550034600002,53.082081341,Vahr,Gartenstadt Vahr,2022-3
2022-07-01,11,2022,7,2,16,3,5,2,1,1,0,0,0,0,0,0,8.87060615700005,53.0913633380001,Schwachhausen,Radio Bremen,2022-7
2022-01-01,11,2022,1,7,0,3,5,3,1,1,0,0,0,0,2,1,8.62793540100006,53.1718564920001,Vegesack,Vegesack,2022-1
2022-02-01,11,2022,2,3,18,3,5,3,1,0,0,0,0,1,2,0,8.80929993400002,53.074652778,Mitte,Altstadt,2022-2
2022-05-01,12,2022,5,4,12,3,1,5,1,1,0,0,0,0,0,0,8.59496156000006,53.5388429500001,Geestemünde,Geestemünde-Nord,2022-5
2022-03-01,11,2022,3,2,8,3,3,6,1,0,0,0,0,1,0,0,8.88041785800004,53.0604945850001,Hemelingen,Hastedt,2022-3
2022-05-01,11,2022,5,2,12,3,5,3,1,1,0,0,0,0,0,0,8.76354347000006,53.108971927,Gröpelingen,Lindenhof,2022-5
2022-04-01,11,2022,4,4,6,3,5,3,1,1,0,0,0,0,1,0,8.75805644400003,53.0582040130001,Huchting,Grolland,2022-4
2022-01-01,11,2022,1,6,15,3,5,3,1,1,0,0,0,0,0,0,8.87653298700008,53.0810411320001,Vahr,Gartenstadt Vahr,2022-1
2022-04-01,11,2022,4,1,16,3,6,4,1,0,1,0,0,0,0,0,8.87118571600007,53.061765558,Hemelingen,Hastedt,2022-4
2022-06-01,11,2022,6,6,8,2,3,6,1,0,0,0,0,0,0,0,8.73616795200007,53.0475190240001,Huchting,Kirchhuchting,2022-6
2022-07-01,11,2022,7,6,16,3,4,6,1,0,0,0,0,0,0,0,8.84121744300006,53.035413383,Obervieland,Arsten,2022-7
2022-02-01,11,2022,2,6,11,3,5,2,1,0,0,0,0,1,0,1,8.79002357400003,53.096786444,Walle,Westend,2022-2
2022-03-01,11,2022,3,6,11,3,5,3,1,0,0,0,1,0,0,0,8.72915434400005,53.0857136380001,Häfen,Neustädter Hafen,2022-3
2022-06-01,11,2022,6,6,6,2,3,6,1,0,0,0,0,1,0,0,8.77549707900005,53.0909305750001,Walle,Überseestadt,2022-6
2022-05-01,11,2022,5,6,13,3,5,3,1,1,0,0,0,0,0,0,8.78589924000005,53.1028731160001,Walle,Walle,2022-5
2022-01-01,11,2022,1,3,9,3,0,7,1,0,0,0,0,0,0,2,8.56914358800003,53.181205778,Blumenthal,Blumenthal,2022-1
2022-02-01,11,2022,2,6,20,3,5,3,1,1,0,0,0,0,2,1,8.76235802400004,53.1157461550001,Gröpelingen,Gröpelingen,2022-2
2022-05-01,11,2022,5,4,8,2,5,3,1,1,0,0,0,0,0,0,8.84994848400004,53.0850314350001,Schwachhausen,Gete,2022-5
2022-02-01,11,2022,2,3,14,3,0,7,1,0,0,0,0,0,0,1,8.89432120700008,53.050858949,Hemelingen,Hemelingen,2022-2
2022-07-01,11,2022,7,1,6,3,5,3,1,1,0,0,0,0,1,0,8.78882789000005,53.1042284210001,Walle,Osterfeuerberg,2022-7
2022-06-01,11,2022,6,3,12,3,5,3,1,0,0,0,0,0,0,0,8.81910282600006,53.080364633,Mitte,Bahnhofsvorstadt,2022-6
2022-01-01,11,2022,1,6,6,3,0,7,1,0,0,0,0,0,2,1,8.92217322300007,53.0914753850001,Oberneuland,Unbekannt,2022-1
2022-05-01,11,2022,5,2,15,3,5,3,1,1,0,0,0,0,0,0,8.76365977700004,53.12308692,Gröpelingen,Gröpelingen,2022-5
2022-02-01,11,2022,2,7,19,3,0,7,1,1,0,0,0,0,2,0,8.95474449800003,53.0750521210001,Osterholz,Tenever,2022-2
2022-06-01,11,2022,6,4,20,3,4,2,1,1,0,0,0,0,0,0,8.93445306000007,53.069465644,Osterholz,Ellenerbrok-Schevemoor,2022-6
2022-05-01,11,2022,5,5,17,3,5,3,1,1,0,0,0,0,0,0,8.84072200100007,53.104900641,Schwachhausen,Neu-Schwachhausen,2022-5
2022-04-01,11,2022,4,2,7,2,0,7,1,0,0,0,0,0,0,1,8.83157907600003,53.0859445300001,Schwachhausen,Bürgerpark,2022-4
2022-04-01,11,2022,4,7,19,3,8,2,1,1,0,0,0,0,0,0,8.78491515900004,53.0886712270001,Walle,Überseestadt,2022-4
2022-04-01,11,2022,4,7,10,2,2,7,1,0,0,0,0,0,0,0,8.84165701700005,53.029120248,Obervieland,Arsten,2022-4
2022-06-01,11,2022,6,7,9,3,5,3,1,1,0,0,0,0,0,0,8.64779601000004,53.171486664,Vegesack,Grohn,2022-6
2022-05-01,11,2022,5,3,9,3,5,3,1,0,0,0,0,1,0,0,8.83819534000003,53.078876742,Schwachhausen,Gete,2022-5
2022-01-01,11,2022,1,2,11,3,5,3,1,1,0,0,0,0,0,1,8.60577854800005,53.1816874630001,Vegesack,Fähr-Lobbendorf,2022-1
2022-06-01,11,2022,6,7,12,3,5,3,1,1,0,0,0,0,0,0,8.87260817000003,53.102681046,Horn-Lehe,Lehe,2022-6
2022-01-01,11,2022,1,4,18,3,0,6,1,1,0,0,0,0,2,0,8.80023890200005,53.0650468580001,Neustadt,Buntentor,2022-1
2022-05-01,11,2022,5,6,16,3,4,6,1,0,0,0,0,0,0,0,8.81200728500005,53.0796640410001,Mitte,Bahnhofsvorstadt,2022-5
2022-05-01,11,2022,5,3,16,3,5,3,1,1,0,0,0,0,0,0,8.93051044800006,53.0590156120001,Osterholz,Osterholz,2022-5
2022-06-01,11,2022,6,7,17,3,2,6,1,1,0,0,0,0,0,0,8.74343485500003,53.1374309540001,Gröpelingen,Oslebshausen,2022-6
2022-03-01,11,2022,3,3,7,3,5,3,1,0,0,0,0,0,0,0,8.85261075200003,53.073619605,Östliche Vorstadt,Hulsberg,2022-3
2022-02-01,11,2022,2,4,14,3,5,3,1,1,0,0,0,0,0,1,8.89183382400006,53.0483543110001,Hemelingen,Hemelingen,2022-2
2022-03-01,12,2022,3,3,7,3,5,3,1,1,0,0,0,0,0,0,8.61018598400005,53.529910596,Geestemünde,Bürgerpark (BHV),2022-3
2022-06-01,11,2022,6,4,20,3,5,3,1,1,0,0,0,0,1,0,8.87521329900005,53.1013131240001,Horn-Lehe,Lehe,2022-6
2022-05-01,11,2022,5,2,16,3,5,2,1,1,0,0,0,0,0,0,8.80321461700004,53.080138893,Mitte,Altstadt,2022-5
2022-06-01,11,2022,6,2,18,3,5,3,1,1,0,0,0,0,0,1,8.80407683100003,53.0723687020001,Neustadt,Alte Neustadt,2022-6
2022-03-01,11,2022,3,5,16,2,0,1,1,0,0,0,0,0,0,0,8.84973784700003,53.065672369,Östliche Vorstadt,Peterswerder,2022-3
2022-07-01,11,2022,7,3,7,3,3,6,1,0,0,0,0,1,0,0,8.64121214900007,53.1731599670001,Vegesack,Schönebeck,2022-7
2022-07-01,11,2022,7,4,18,3,5,3,1,1,0,0,0,0,0,0,8.77739687400003,53.1101347810001,Walle,Walle,2022-7
2022-05-01,11,2022,5,5,14,2,5,3,1,0,0,0,0,1,0,0,8.81863217800003,53.0767632930001,Mitte,Ostertor,2022-5
2022-06-01,11,2022,6,2,15,3,5,3,1,1,0,0,0,0,0,0,8.52500126600006,53.2041488230001,Blumenthal,Farge,2022-6
2022-02-01,11,2022,2,7,23,3,0,1,1,0,0,0,0,0,2,0,8.84317719900002,53.0809181450001,Schwachhausen,Gete,2022-2
2022-03-01,11,2022,3,5,16,3,0,7,1,0,0,0,0,0,0,0,8.80379832900007,53.072430486,Neustadt,Alte Neustadt,2022-3
2022-06-01,11,2022,6,1,13,3,6,7,1,0,1,0,0,0,0,0,8.81525209200004,53.0812145730001,Mitte,Bahnhofsvorstadt,2022-6
2022-04-01,11,2022,4,7,14,3,0,1,1,0,0,0,0,0,0,0,8.85629013600004,53.0892069830001,Schwachhausen,Riensberg,2022-4
2022-07-01,11,2022,7,6,8,3,5,3,1,1,0,0,0,0,0,1,8.83377731500008,53.0818627250001,Schwachhausen,Schwachhausen,2022-7
2022-01-01,11,2022,1,6,12,3,5,2,1,0,0,0,0,0,0,0,8.95126366000005,53.057882206,Osterholz,Osterholz,2022-1
2022-05-01,11,2022,5,3,12,3,5,3,1,1,0,0,0,0,0,0,8.81873489000003,53.0778023390001,Mitte,Ostertor,2022-5
2022-03-01,11,2022,3,6,7,3,5,2,1,1,0,0,0,0,0,0,8.82466966400006,53.084185985,Schwachhausen,Barkhof,2022-3
2022-06-01,11,2022,6,3,18,3,1,5,1,1,0,0,0,0,0,0,8.80407913800008,53.062364632,Neustadt,Buntentor,2022-6
2022-06-01,12,2022,6,3,9,3,5,3,1,0,0,0,0,0,0,0,8.58928344900005,53.5689342650001,Lehe (BHV),Klushof,2022-6
2022-05-01,11,2022,5,2,10,2,1,7,1,1,0,0,0,0,0,0,8.81920365400003,53.050633239,Neustadt,Huckelriede,2022-5
2022-06-01,11,2022,6,5,9,3,5,3,1,1,0,0,0,0,0,0,8.79389703400005,53.0966325680001,Walle,Osterfeuerberg,2022-6
2022-03-01,11,2022,3,6,12,3,5,3,1,1,0,0,0,0,0,0,8.87313042100004,53.084714756,Schwachhausen,Radio Bremen,2022-3
2022-07-01,11,2022,7,5,14,3,3,2,1,1,0,0,0,0,0,0,8.82649637600002,53.072911242,Östliche Vorstadt,Steintor,2022-7
2022-01-01,11,2022,1,4,17,3,5,3,1,1,0,0,0,0,2,0,8.62604120300006,53.1722867720001,Vegesack,Vegesack,2022-1
2022-05-01,11,2022,5,5,18,3,5,3,1,1,0,0,0,0,0,0,8.85473544900003,53.0764472540001,Schwachhausen,Gete,2022-5
2022-03-01,11,2022,3,4,14,3,5,3,1,1,0,0,0,0,0,0,8.87659847800006,53.0813866290001,Vahr,Neue Vahr Südwest,2022-3
2022-07-01,12,2022,7,4,14,3,5,2,1,0,0,0,1,0,0,0,8.59894404800002,53.5052591800001,Wulsdorf,Jedutenberg,2022-7
2022-05-01,11,2022,5,5,11,3,5,3,1,1,0,0,0,0,0,0,8.81837442800003,53.0774223340001,Mitte,Ostertor,2022-5
2022-02-01,11,2022,2,2,11,3,5,2,1,1,0,0,0,0,0,0,8.80137883800006,53.079051533,Mitte,Altstadt,2022-2
2022-05-01,11,2022,5,3,11,3,5,3,1,1,0,0,0,0,0,0,8.87186524700007,53.077207136,Vahr,Gartenstadt Vahr,2022-5
2022-05-01,11,2022,5,1,15,3,0,7,1,0,0,0,0,0,0,0,8.86815847600008,53.073129011,Hemelingen,Hastedt,2022-5
2022-04-01,11,2022,4,3,6,3,0,7,1,0,0,0,0,0,0,0,8.60973334000005,53.1733041370001,Vegesack,Fähr-Lobbendorf,2022-4