Datetime,UKREIS,UJAHR,UMONAT,UWOCHENTAG,USTUNDE,UKATEGORIE,UART,UTYP1,IstRad,IstPKW,IstFuss,IstKrad,IstGkfz,IstSonstig,ULICHTVERH,STRZUSTAND,longitude,latitude,Stadtteil,Ortsteil,Datetime
2022-05-01,11,2022,5,5,18,3,5,2,1,1,0,0,0,0,0,1,8.87176509600005,53.0914361470001,Horn-Lehe,Horn,2022-5
2022-06-01,11,2022,6,2,16,2,5,3,1,0,0,0,0,1,0,0,8.87334659200008,53.0913046000001,Horn-Lehe,Horn,2022-6
2022-06-01,11,2022,6,3,17,3,0,7,1,0,0,0,0,0,0,0,8.94900891600003,53.063526521,Osterholz,Ellenerbrok-Schevemoor,2022-6
2022-04-01,11,2022,4,4,11,3,1,5,1,1,0,0,0,0,0,0,8.80065771400007,53.0647667370001,Neustadt,Buntentor,2022-4
2022-06-01,11,2022,6,7,8,3,3,6,1,1,0,0,0,0,0,0,8.80001284700006,53.0970696050001,Findorff,Regensburger Str.,2022-6
2022-04-01,11,2022,4,1,18,3,0,7,1,0,0,0,0,0,0,1,8.77066390400006,53.1000164280001,Walle,Überseestadt,2022-4
2022-05-01,11,2022,5,5,5,3,0,7,1,0,0,0,0,0,0,0,8.85611263100003,53.0888471010001,Schwachhausen,Riensberg,2022-5
2022-01-01,11,2022,1,2,6,3,5,2,1,1,0,0,0,0,2,1,8.91402581400007,53.0682385740001,Hemelingen,Sebaldsbrück,2022-1
2022-03-01,11,2022,3,5,15,3,5,3,1,1,0,0,0,0,0,0,8.79407681300006,53.1031819990001,Walle,Osterfeuerberg,2022-3
2022-05-01,11,2022,5,5,15,3,3,6,1,1,0,0,0,0,0,0,8.94346757200003,53.062682431,Osterholz,Ellenerbrok-Schevemoor,2022-5
2022-06-01,11,2022,6,1,19,3,0,7,1,0,0,0,0,0,0,0,8.80535986100006,53.100412078,Findorff,Regensburger Str.,2022-6
2022-04-01,11,2022,4,6,15,2,5,3,1,0,0,0,0,1,0,0,8.76056400700003,53.08788301,Woltmershausen,Woltmershausen,2022-4
2022-06-01,11,2022,6,2,10,3,5,2,1,0,0,0,0,1,0,0,8.70465721100004,53.154822095,Burglesum,Burg-Grambke,2022-6
2022-05-01,11,2022,5,2,9,3,5,3,1,0,1,0,0,0,0,0,8.84524621300005,53.0779097020001,Schwachhausen,Gete,2022-5
2022-02-01,11,2022,2,1,18,3,5,3,1,1,0,0,0,0,2,0,8.85119616500003,53.033695289,Obervieland,Arsten,2022-2
2022-02-01,11,2022,2,6,7,2,5,3,1,0,0,0,1,0,0,0,8.79039714400005,53.0862973580001,Walle,Utbremen,2022-2
2022-05-01,12,2022,5,5,15,3,0,7,1,0,0,0,0,0,0,0,8.60127610600006,53.5913657240001,Leherheide,Königsheide,2022-5
2022-03-01,11,2022,3,2,11,2,2,6,1,1,0,0,0,0,0,0,8.64789342700004,53.1702224260001,Vegesack,Grohn,2022-3
2022-05-01,11,2022,5,3,8,2,3,2,1,1,0,0,0,0,0,0,8.82778934600003,53.0830400090001,Schwachhausen,Bürgerpark,2022-5
2022-06-01,11,2022,6,4,8,3,3,2,1,0,0,0,1,0,0,0,8.92338680700004,53.0593632470001,Osterholz,Osterholz,2022-6
2022-03-01,11,2022,3,4,14,3,5,3,1,1,0,0,0,0,0,0,8.88308914500004,53.074751409,Hemelingen,Sebaldsbrück,2022-3
2022-04-01,11,2022,4,5,16,3,5,3,1,1,0,0,0,0,0,0,8.57189906700006,53.1886235490001,Blumenthal,Blumenthal,2022-4
2022-02-01,11,2022,2,6,7,3,3,6,1,0,0,0,0,0,2,0,8.93302212000003,53.093314171,Oberneuland,Unbekannt,2022-2
2022-04-01,11,2022,4,6,16,2,3,6,1,0,0,0,0,1,0,0,8.57183965100006,53.196786692,Blumenthal,Lüssum-Bockhorn,2022-4
2022-07-01,12,2022,7,3,14,2,0,7,1,0,0,0,0,0,0,0,8.56912660600005,53.5876044400001,Lehe (BHV),Speckenbüttel,2022-7
2022-02-01,11,2022,2,5,18,2,0,7,1,0,0,0,0,0,0,1,8.83194571900003,53.0710698080001,Östliche Vorstadt,Steintor,2022-2
2022-05-01,11,2022,5,3,8,3,5,3,1,1,0,0,0,0,0,0,8.86119025500005,53.108528397,Horn-Lehe,Lehe,2022-5
2022-01-01,11,2022,1,7,10,3,0,7,1,0,0,0,0,0,0,2,8.82476463200004,53.0845782660001,Schwachhausen,Bürgerpark,2022-1
2022-03-01,11,2022,3,2,18,3,5,3,1,1,0,0,0,0,0,0,8.80971328000004,53.0826882740001,Mitte,Bahnhofsvorstadt,2022-3
2022-05-01,11,2022,5,2,18,3,4,6,1,0,0,0,0,0,0,0,8.88749400200004,53.090468951,Horn-Lehe,Horn,2022-5
2022-06-01,11,2022,6,5,7,3,5,3,1,1,0,0,0,0,0,0,8.78476865200003,53.0714456380001,Neustadt,Hohentor,2022-6
2022-03-01,11,2022,3,3,0,3,0,7,1,0,0,0,0,0,2,0,8.87163954200003,53.06228803,Hemelingen,Hastedt,2022-3
2022-07-01,11,2022,7,6,14,3,1,5,1,1,0,0,0,0,0,0,8.57283872300007,53.1983072260001,Blumenthal,Lüssum-Bockhorn,2022-7
2022-02-01,11,2022,2,1,22,3,5,3,1,1,0,0,0,0,2,0,8.88020821900005,53.0605906760001,Hemelingen,Hastedt,2022-2
2022-05-01,11,2022,5,1,12,2,2,6,1,1,0,0,0,0,0,0,8.85395382800004,53.0660184110001,Östliche Vorstadt,Peterswerder,2022-5
2022-03-01,11,2022,3,6,16,3,4,6,1,0,0,0,0,0,0,0,8.81062348700004,53.081871091,Mitte,Bahnhofsvorstadt,2022-3
2022-03-01,11,2022,3,1,16,3,5,3,1,1,0,0,0,0,0,0,8.73909873400004,53.135187387,Gröpelingen,Oslebshausen,2022-3
2022-05-01,11,2022,5,1,14,3,6,4,1,0,1,0,0,0,0,0,8.80426340700006,53.0622405490001,Neustadt,Buntentor,2022-5
2022-03-01,11,2022,3,2,11,3,5,3,1,1,0,0,0,0,0,0,8.78042080700004,53.092902607,Walle,Steffensweg,2022-3
2022-07-01,11,2022,7,3,8,3,1,5,1,1,0,0,0,0,0,0,8.89228397600004,53.1103778090001,Horn-Lehe,Lehesterdeich,2022-7
2022-02-01,11,2022,2,3,6,3,5,3,1,1,0,0,0,0,1,1,8.78755116900004,53.069853854,Neustadt,Neustadt,2022-2
2022-06-01,11,2022,6,4,14,3,5,3,1,0,0,0,0,1,0,0,8.91463993700006,53.0595925600001,Hemelingen,Sebaldsbrück,2022-6
2022-05-01,11,2022,5,6,9,3,5,3,1,1,0,0,0,0,0,0,8.79273772700003,53.103062537,Walle,Osterfeuerberg,2022-5
2022-07-01,11,2022,7,7,9,3,1,5,1,0,0,0,0,1,0,0,8.82299947100006,53.0735901800001,Mitte,Ostertor,2022-7
2022-05-01,11,2022,5,3,18,3,3,6,1,0,0,0,0,1,0,0,8.93833450400007,53.0370850040001,Hemelingen,Mahndorf,2022-5
2022-06-01,11,2022,6,4,19,3,3,6,1,1,0,0,0,0,0,1,8.68586993000002,53.1738488220001,Burglesum,Lesum,2022-6
2022-05-01,11,2022,5,4,13,3,0,3,1,1,0,0,0,0,0,0,8.83561614100006,53.0737660120001,Östliche Vorstadt,Steintor,2022-5
2022-03-01,12,2022,3,3,7,3,5,2,1,1,0,0,0,0,0,1,8.59254293100003,53.567034316,Lehe (BHV),Klushof,2022-3
2022-07-01,11,2022,7,6,23,3,0,7,1,0,0,0,0,0,2,0,8.82700477200007,53.072767522,Östliche Vorstadt,Steintor,2022-7
2022-05-01,11,2022,5,5,17,3,5,2,1,0,0,1,0,0,0,0,8.78715030700005,53.0831011060001,Walle,Überseestadt,2022-5
2022-02-01,11,2022,2,5,12,3,5,2,1,1,0,0,0,0,0,0,8.85634632600005,53.0737770200001,Hemelingen,Hastedt,2022-2
2022-06-01,11,2022,6,1,19,3,6,4,1,0,1,0,0,0,0,0,8.92921579500006,53.119650989,Oberneuland,Unbekannt,2022-6
2022-02-01,11,2022,2,6,9,3,5,3,1,1,0,0,0,0,0,1,8.94367229600005,53.0663950840001,Osterholz,Ellenerbrok-Schevemoor,2022-2
2022-06-01,12,2022,6,3,17,3,2,6,1,0,0,0,0,1,0,0,8.59245280200003,53.5669603160001,Lehe (BHV),Klushof,2022-6
2022-07-01,11,2022,7,4,13,2,5,3,1,0,0,0,1,0,0,0,8.73474558000004,53.0817389150001,Häfen,Neustädter Hafen,2022-7
2022-07-01,12,2022,7,6,10,2,5,3,1,1,0,0,0,0,0,0,8.59649973300003,53.5384941190001,Geestemünde,Geestemünde-Nord,2022-7
2022-05-01,11,2022,5,3,8,2,5,2,1,1,0,0,0,0,0,0,8.68587619200002,53.173837625,Burglesum,Lesum,2022-5
2022-04-01,11,2022,4,7,17,3,5,2,1,1,0,0,0,0,0,0,8.54532982600006,53.1942758710001,Blumenthal,Rönnebeck,2022-4
2022-03-01,11,2022,3,2,13,2,0,7,1,0,1,0,0,0,0,0,8.84964042700005,53.085251445,Schwachhausen,Schwachhausen,2022-3
2022-06-01,12,2022,6,5,15,3,5,3,1,0,0,0,0,1,0,0,8.59264134600005,53.581881035,Lehe (BHV),Eckernfeld,2022-6
2022-05-01,11,2022,5,6,12,3,5,2,1,1,0,0,0,0,0,0,8.89447051700006,53.054457278,Hemelingen,Hemelingen,2022-5
2022-01-01,11,2022,1,4,15,3,3,6,1,1,0,0,0,0,0,1,8.83860002500006,53.0968477960001,Schwachhausen,Neu-Schwachhausen,2022-1
2022-05-01,11,2022,5,2,18,3,5,2,1,1,0,0,0,0,0,0,8.76417161200004,53.085917362,Woltmershausen,Woltmershausen,2022-5
2022-03-01,11,2022,3,4,16,3,5,2,1,1,0,0,0,0,0,0,8.81888896700002,53.1117120420001,Findorff,In den Hufen,2022-3
2022-06-01,11,2022,6,5,17,3,5,3,1,1,0,0,0,0,0,0,8.56953020700007,53.1821860480001,Blumenthal,Blumenthal,2022-6
2022-06-01,11,2022,6,2,14,3,5,3,1,1,0,0,0,0,0,0,8.70370092500002,53.172465034,Burglesum,Burgdamm,2022-6
2022-05-01,11,2022,5,2,8,3,3,6,1,0,0,0,0,0,0,0,8.78240968800003,53.1043295530001,Walle,Walle,2022-5
2022-04-01,11,2022,4,3,14,3,5,3,1,1,0,0,0,0,0,1,8.79271048900006,53.0893992760001,Walle,Utbremen,2022-4
2022-07-01,12,2022,7,7,14,3,5,2,1,1,0,0,0,0,0,0,8.59655933800008,53.5723063980001,Lehe (BHV),Eckernfeld,2022-7
2022-11-01,11,2022,11,7,0,3,0,7,1,0,0,0,0,0,2,0,8.81278047500007,53.073312668,Mitte,Altstadt,2022-11
2022-08-01,11,2022,8,2,7,3,5,2,1,0,0,0,0,1,0,1,8.90011140200005,53.052700719,Hemelingen,Hemelingen,2022-8
2022-10-01,11,2022,10,5,11,3,5,2,1,1,0,0,0,0,0,0,8.74054532100007,53.0542450090001,Huchting,Mittelshuchting,2022-10
2022-12-01,11,2022,12,2,8,2,0,1,1,0,0,0,0,0,0,2,8.85639196200003,53.089511369,Schwachhausen,Riensberg,2022-12
2022-10-01,12,2022,10,1,0,2,0,1,1,0,0,0,0,0,2,1,8.58214258200007,53.550364856,Lehe (BHV),Klushof,2022-10
2022-11-01,11,2022,11,5,9,3,5,3,1,1,0,0,0,0,0,0,8.85555524700004,53.0886211590001,Schwachhausen,Radio Bremen,2022-11
2022-08-01,11,2022,8,7,15,3,5,3,1,0,0,0,0,0,0,0,8.81442877500007,53.0551028240001,Neustadt,Huckelriede,2022-8
2022-10-01,11,2022,10,6,19,3,5,2,1,1,0,0,0,0,2,0,8.79125791400003,53.091601989,Walle,Utbremen,2022-10
2022-12-01,11,2022,12,6,17,3,4,6,1,0,0,0,0,0,2,0,8.79803685600007,53.0835266380001,Mitte,Bahnhofsvorstadt,2022-12
2022-09-01,11,2022,9,4,15,3,6,7,1,0,1,0,0,0,0,0,8.79982107200004,53.071769745,Neustadt,Alte Neustadt,2022-9
2022-10-01,12,2022,10,2,14,3,5,3,1,1,0,0,0,0,0,0,8.59121759500005,53.56613235,Lehe (BHV),Klushof,2022-10
2022-11-01,11,2022,11,3,15,3,3,2,1,0,0,0,0,0,0,0,8.80639254300007,53.0940009220001,Findorff,Regensburger Str.,2022-11
2022-09-01,11,2022,9,5,16,3,5,3,1,1,0,0,0,0,0,0,8.85433212600003,53.082576181,Schwachhausen,Radio Bremen,2022-9
2022-10-01,11,2022,10,4,21,3,5,3,1,1,0,0,0,0,2,0,8.85100748400004,53.027438036,Obervieland,Arsten,2022-10
2022-11-01,11,2022,11,3,8,3,5,3,1,1,0,0,0,0,0,0,8.82501987100005,53.0845806290001,Schwachhausen,Bürgerpark,2022-11
2022-10-01,12,2022,10,4,8,3,5,3,1,1,0,0,0,0,0,0,8.57870191400002,53.5828212820001,Lehe (BHV),Speckenbüttel,2022-10
2022-07-01,11,2022,7,7,21,3,9,7,1,0,0,0,0,0,1,0,8.76243455100007,53.070142467,Woltmershausen,Woltmershausen,2022-7
2022-10-01,11,2022,10,6,19,3,4,6,1,0,0,0,0,1,1,1,8.87301924100007,53.0848334280001,Schwachhausen,Radio Bremen,2022-10
2022-08-01,11,2022,8,5,16,3,5,2,1,1,0,0,0,0,0,0,8.80348121200007,53.0627609060001,Neustadt,Buntentor,2022-8
2022-09-01,11,2022,9,2,23,2,0,7,1,0,0,0,0,0,2,1,8.83043398700005,53.08168256,Schwachhausen,Schwachhausen,2022-9
2022-07-01,11,2022,7,5,18,3,6,4,1,0,1,0,0,0,0,1,8.79810280700002,53.0801673970001,Mitte,Altstadt,2022-7
2022-09-01,12,2022,9,2,17,3,0,1,1,1,0,0,0,0,0,0,8.59070438000003,53.540783747,Geestemünde,Geestemünde-Nord,2022-9
2022-11-01,11,2022,11,2,5,3,0,7,1,1,0,0,0,0,2,1,8.63500354600006,53.167026956,Vegesack,Grohn,2022-11
2022-08-01,11,2022,8,7,13,3,5,3,1,0,1,0,0,0,0,0,8.71536809300005,53.0525559960001,Huchting,Mittelshuchting,2022-8
2022-09-01,11,2022,9,6,22,3,0,3,1,1,0,0,0,0,2,1,8.80643154700005,53.073661981,Mitte,Altstadt,2022-9
2022-08-01,12,2022,8,2,16,3,5,3,1,0,0,0,0,1,0,0,8.62176265400007,53.5945464700001,Leherheide,Leherheide-West,2022-8
2022-09-01,11,2022,9,3,14,3,3,6,1,0,0,0,0,1,0,0,8.88757700200006,53.0904689490001,Horn-Lehe,Horn,2022-9
2022-12-01,11,2022,12,5,19,3,6,4,1,0,1,0,0,0,2,2,8.81044222500003,53.0961407570001,Findorff,Weidedamm,2022-12
2022-08-01,11,2022,8,7,14,3,4,6,1,1,0,0,0,0,0,0,8.77234083300004,53.0716291630001,Woltmershausen,Woltmershausen,2022-8
2022-09-01,12,2022,9,5,16,3,5,3,1,0,0,0,0,0,0,1,8.58923665500004,53.521896435,Geestemünde,Geestemünde-Süd,2022-9
2022-12-01,12,2022,12,5,5,3,5,3,1,1,0,0,0,0,2,1,8.61864630500003,53.528434261,Geestemünde,Bürgerpark (BHV),2022-12
2022-10-01,11,2022,10,2,7,2,6,4,1,0,1,0,0,0,1,0,8.88119128200003,53.1021658020001,Horn-Lehe,Lehe,2022-10
2022-08-01,11,2022,8,3,13,3,5,3,1,1,0,0,0,0,0,0,8.62818762900002,53.1865748450001,Vegesack,Unbekannt,2022-8
2022-10-01,11,2022,10,1,17,3,4,6,1,0,0,0,0,0,0,0,8.89180880300006,53.1320133250001,Unbekannt,Borgfeld,2022-10
2022-09-01,11,2022,9,1,16,3,1,5,1,1,0,0,0,0,0,0,8.83783981000005,53.07808141,Schwachhausen,Gete,2022-9
2022-09-01,11,2022,9,5,14,3,5,3,1,1,0,0,0,0,0,0,8.93513358000007,53.0383688960001,Hemelingen,Mahndorf,2022-9
2022-10-01,11,2022,10,5,9,3,5,3,1,1,0,0,0,0,0,0,8.82736897400002,53.0830939260001,Schwachhausen,Bürgerpark,2022-10
2022-12-01,11,2022,12,2,14,3,0,1,1,0,0,0,0,0,0,1,8.78873428900005,53.098209415,Walle,Westend,2022-12
2022-10-01,11,2022,10,5,9,3,4,2,1,1,0,0,0,0,0,0,8.61943899100004,53.1841167600001,Vegesack,Unbekannt,2022-10
2022-12-01,11,2022,12,4,21,3,5,2,1,1,0,0,0,0,2,1,8.94172930000008,53.067240306,Osterholz,Ellenerbrok-Schevemoor,2022-12
2022-08-01,11,2022,8,3,13,3,0,7,1,0,0,0,0,1,0,0,8.72843901200002,53.138656052,Gröpelingen,Oslebshausen,2022-8
2022-10-01,12,2022,10,4,14,3,5,3,1,1,0,0,0,0,0,0,8.59973446200007,53.5549253250001,Lehe (BHV),Buschkämpen,2022-10
2022-07-01,11,2022,7,1,16,3,5,3,1,1,0,0,0,0,0,0,8.79663087900008,53.0824970200001,Mitte,Altstadt,2022-7
2022-10-01,12,2022,10,6,16,3,5,3,1,0,0,0,0,1,0,1,8.60542783900007,53.591139909,Leherheide,Königsheide,2022-10
2022-08-01,11,2022,8,6,15,3,5,3,1,0,0,0,1,0,0,1,8.80571826700003,53.107586874,Findorff,In den Hufen,2022-8
2022-10-01,11,2022,10,6,14,3,5,2,1,1,0,0,0,0,0,0,8.80844236400003,53.0880566220001,Findorff,Findorff-Bürgerweide,2022-10
2022-12-01,11,2022,12,5,12,3,5,2,1,1,0,0,0,0,0,0,8.56185228100003,53.1833654390001,Blumenthal,Blumenthal,2022-12
2022-07-01,11,2022,7,4,16,3,5,3,1,1,0,0,0,0,0,0,8.80849793300007,53.088081431,Findorff,Findorff-Bürgerweide,2022-7
2022-09-01,11,2022,9,7,0,3,5,3,1,1,0,0,0,0,2,0,8.77945936900005,53.0687784040001,Neustadt,Hohentor,2022-9
2022-11-01,11,2022,11,6,10,3,5,3,1,1,0,0,0,0,0,0,8.80795357400007,53.0744245860001,Mitte,Altstadt,2022-11
2022-10-01,12,2022,10,5,12,3,3,6,1,0,0,0,0,0,0,0,8.59563602300005,53.535758861,Geestemünde,Geestendorf,2022-10
2022-10-01,11,2022,10,3,7,3,5,3,1,0,0,0,0,1,0,0,8.82756923000005,53.079736487,Schwachhausen,Gete,2022-10
2022-07-01,11,2022,7,5,16,3,5,3,1,1,0,0,0,0,0,0,8.88954305000004,53.082770053,Vahr,Neue Vahr Nord,2022-7
2022-09-01,11,2022,9,5,10,3,5,3,1,1,0,0,0,0,0,0,8.82517921100003,53.084481935,Schwachhausen,Bürgerpark,2022-9
2022-12-01,11,2022,12,5,17,3,5,3,1,1,0,0,0,0,2,1,8.62608152300004,53.1832600160001,Vegesack,Unbekannt,2022-12
2022-08-01,11,2022,8,5,13,3,5,3,1,1,0,0,0,0,0,0,8.91440661300004,53.062678761,Hemelingen,Sebaldsbrück,2022-8
2022-10-01,11,2022,10,1,16,3,3,2,1,1,0,0,0,0,0,0,8.69393236200006,53.1686606870001,Burglesum,Lesum,2022-10
2022-08-01,11,2022,8,4,9,2,5,2,1,1,0,0,0,0,0,0,8.89257209300007,53.061486992,Hemelingen,Sebaldsbrück,2022-8
2022-12-01,11,2022,12,2,9,3,6,4,1,0,1,0,0,0,0,1,8.56186677300008,53.1963280520001,Blumenthal,Lüssum-Bockhorn,2022-12
2022-10-01,11,2022,10,3,6,3,5,3,1,1,0,0,0,0,2,1,8.73664902600007,53.045303222,Huchting,Kirchhuchting,2022-10
2022-10-01,11,2022,10,7,0,2,0,7,1,0,0,0,0,0,2,0,8.85961718200002,53.063658886,Hemelingen,Hastedt,2022-10
2022-11-01,11,2022,11,6,14,3,6,4,1,0,1,0,0,0,0,0,8.82776532900004,53.085007051,Schwachhausen,Bürgerpark,2022-11
2022-12-01,11,2022,12,5,15,3,5,3,1,1,0,0,0,0,0,0,8.79117217400005,53.091474168,Walle,Utbremen,2022-12
2022-09-01,11,2022,9,2,15,3,5,3,1,1,0,0,0,0,0,0,8.64958073200006,53.1738663290001,Vegesack,Schönebeck,2022-9
2022-09-01,11,2022,9,4,19,3,0,7,1,0,0,0,0,0,0,0,8.85326046800003,53.0629808,Hemelingen,Hastedt,2022-9
2022-08-01,11,2022,8,6,8,3,5,3,1,1,0,0,0,0,0,1,8.68840281800004,53.1696712450001,Burglesum,Lesum,2022-8
2022-09-01,11,2022,9,6,14,3,5,3,1,0,0,0,0,1,0,0,8.77167035300005,53.061472608,Neustadt,Neuenland,2022-9
2022-10-01,11,2022,10,4,12,3,0,2,1,1,0,0,0,0,0,0,8.88766477800004,53.109047423,Horn-Lehe,Lehesterdeich,2022-10
2022-11-01,11,2022,11,3,14,3,4,6,1,1,0,0,0,0,0,0,8.93734413200002,53.075520242,Oberneuland,Unbekannt,2022-11
2022-09-01,11,2022,9,2,7,3,0,7,1,0,0,0,0,0,0,0,8.81930531100005,53.0463915500001,Obervieland,Kattenturm,2022-9
2022-08-01,11,2022,8,1,21,3,5,3,1,1,0,0,0,0,2,0,8.79488767300006,53.0939413940001,Walle,Westend,2022-8
2022-08-01,12,2022,8,5,16,3,5,7,1,1,0,0,0,0,0,0,8.58209763800005,53.5530369240001,Lehe (BHV),Goethestrasse,2022-8
2022-09-01,12,2022,9,6,9,3,5,2,1,1,0,0,0,0,0,0,8.59094635500003,53.5820706740001,Lehe (BHV),Speckenbüttel,2022-9
2022-11-01,11,2022,11,5,10,3,1,5,1,1,0,0,0,0,0,0,8.82379761200002,53.073010804,Östliche Vorstadt,Steintor,2022-11
2022-08-01,12,2022,8,4,8,3,5,2,1,1,0,0,0,0,0,0,8.59197331300004,53.5793205680001,Lehe (BHV),Eckernfeld,2022-8
2022-08-01,12,2022,8,2,18,3,5,3,1,1,0,0,0,0,0,0,8.57212029100003,53.548385754,Mitte (BHV),Mitte-Süd,2022-8
2022-12-01,12,2022,12,2,14,3,6,7,1,0,1,0,0,0,0,1,8.57531697600007,53.547518634,Mitte (BHV),Mitte-Süd,2022-12
2022-11-01,11,2022,11,3,8,3,3,6,1,0,0,0,0,0,0,1,8.86268474000008,53.0988612620001,Horn-Lehe,Horn,2022-11
2022-10-01,11,2022,10,4,14,3,6,7,1,0,1,0,0,0,0,0,8.62547374300004,53.1705803930001,Vegesack,Vegesack,2022-10
2022-09-01,11,2022,9,2,12,3,3,5,1,1,0,0,0,0,0,0,8.80662815700003,53.081633525,Mitte,Bahnhofsvorstadt,2022-9
2022-09-01,11,2022,9,4,16,3,0,7,1,0,0,0,0,1,0,1,8.61420850100006,53.176220748,Vegesack,Vegesack,2022-9
2022-09-01,11,2022,9,5,15,3,4,2,1,1,0,0,0,0,0,0,8.80744439200004,53.0952154460001,Findorff,Regensburger Str.,2022-9
2022-09-01,12,2022,9,4,11,2,5,3,1,1,0,0,0,0,0,0,8.59343479700004,53.5466780830001,Geestemünde,Geestemünde-Nord,2022-9
2022-10-01,11,2022,10,7,18,3,1,5,1,1,0,0,0,0,1,1,8.80959362200002,53.081948486,Mitte,Bahnhofsvorstadt,2022-10
2022-09-01,11,2022,9,2,17,3,5,3,1,1,0,0,0,0,0,0,8.85280118000003,53.104378706,Horn-Lehe,Lehe,2022-9
2022-11-01,11,2022,11,6,23,3,5,2,1,1,0,0,0,0,2,0,8.82469803300006,53.0689093660001,Östliche Vorstadt,Steintor,2022-11
2022-10-01,11,2022,10,5,7,3,5,2,1,1,0,0,0,0,0,0,8.89886953100006,53.0592775870001,Hemelingen,Sebaldsbrück,2022-10
2022-07-01,11,2022,7,1,23,3,1,7,1,1,0,0,0,0,2,1,8.82061474400007,53.0726905590001,Mitte,Ostertor,2022-7
2022-10-01,11,2022,10,7,11,2,1,6,1,0,0,0,0,0,0,0,8.80408591200006,53.0923853050001,Findorff,Findorff-Bürgerweide,2022-10
2022-09-01,11,2022,9,6,7,2,5,3,1,0,0,0,0,0,0,0,8.62996928000007,53.165630127,Vegesack,Grohn,2022-9
2022-10-01,12,2022,10,4,7,3,5,3,1,1,0,0,0,0,0,0,8.59711356600008,53.574522227,Lehe (BHV),Eckernfeld,2022-10
2022-11-01,12,2022,11,3,14,3,1,5,1,1,0,0,0,0,0,0,8.58309909700006,53.564706475,Lehe (BHV),Twischkamp,2022-11
2022-08-01,11,2022,8,3,19,3,5,2,1,1,0,0,0,0,0,0,8.80417669600007,53.0723781510001,Neustadt,Alte Neustadt,2022-8
2022-12-01,11,2022,12,2,16,3,3,6,1,1,0,0,0,0,1,1,8.71248454100004,53.1694699650001,Burglesum,Burgdamm,2022-12
2022-10-01,11,2022,10,6,11,3,5,3,1,1,0,0,0,0,0,0,8.89960363900008,53.1210712720001,Unbekannt,Borgfeld,2022-10
2022-12-01,11,2022,12,5,18,3,0,7,1,0,0,0,0,0,2,1,8.80445118400007,53.0755053720001,Mitte,Altstadt,2022-12
2022-08-01,11,2022,8,7,15,3,4,6,1,0,0,0,0,1,0,0,8.78128851100007,53.0878062780001,Walle,Überseestadt,2022-8
2022-10-01,11,2022,10,1,9,3,5,2,1,1,0,0,0,0,0,1,8.83738566800002,53.0378454930001,Obervieland,Arsten,2022-10
2022-07-01,11,2022,7,5,20,3,5,3,1,1,0,0,0,0,0,1,8.78033768500006,53.0840084160001,Walle,Überseestadt,2022-7
2022-08-01,12,2022,8,5,10,3,1,5,1,1,0,0,0,0,0,0,8.58584517700007,53.558952273,Lehe (BHV),Goethestrasse,2022-8
2022-10-01,11,2022,10,6,14,3,5,2,1,1,0,0,0,0,0,0,8.82739253500006,53.0798449230001,Schwachhausen,Barkhof,2022-10
2022-09-01,11,2022,9,4,17,3,5,2,1,1,0,0,0,0,0,0,8.85656168100007,53.0713702850001,Hemelingen,Hastedt,2022-9
2022-10-01,11,2022,10,6,14,3,5,3,1,1,0,0,0,0,0,0,8.80478652400006,53.0838153870001,Mitte,Bahnhofsvorstadt,2022-10
2022-11-01,11,2022,11,3,15,2,5,3,1,1,0,0,0,0,0,0,8.94708506600006,53.064584365,Osterholz,Ellenerbrok-Schevemoor,2022-11
2022-11-01,11,2022,11,3,16,3,5,3,1,1,0,0,0,0,0,0,8.89855044000007,53.119927138,Unbekannt,Borgfeld,2022-11
2022-09-01,11,2022,9,4,9,3,5,2,1,1,0,0,0,0,0,0,8.95938981500007,53.04719621,Osterholz,Osterholz,2022-9
2022-12-01,11,2022,12,2,6,3,5,2,1,1,0,0,0,0,2,1,8.72910573400003,53.1286358830001,Häfen,Industriehäfen,2022-12
2022-10-01,11,2022,10,5,12,3,0,7,1,0,0,0,0,0,0,1,8.56119382700007,53.1835754460001,Blumenthal,Blumenthal,2022-10
2022-08-01,11,2022,8,3,7,3,5,3,1,0,0,0,0,0,0,0,8.74090553800005,53.1329170120001,Gröpelingen,Oslebshausen,2022-8
2022-10-01,12,2022,10,4,14,3,5,3,1,0,0,0,0,1,0,0,8.57280149600007,53.5605352420001,Lehe (BHV),Twischkamp,2022-10
2022-07-01,11,2022,7,1,5,3,6,4,1,0,1,0,0,0,0,0,8.81681053500006,53.0723723610001,Mitte,Ostertor,2022-7
2022-08-01,11,2022,8,6,18,3,5,2,1,0,0,0,0,0,0,0,8.80414831600007,53.072393321,Neustadt,Alte Neustadt,2022-8
2022-09-01,12,2022,9,3,8,3,5,3,1,1,0,0,0,0,0,1,8.58847096600005,53.5766669060001,Lehe (BHV),Eckernfeld,2022-9
2022-10-01,11,2022,10,4,12,3,5,3,1,0,0,0,0,0,0,0,8.83190958300003,53.0926069450001,Schwachhausen,Bürgerpark,2022-10
2022-08-01,12,2022,8,5,8,3,0,7,1,1,0,0,0,0,0,0,8.57533868300004,53.5474965070001,Mitte (BHV),Mitte-Süd,2022-8
2022-10-01,11,2022,10,5,14,3,3,6,1,0,0,0,0,0,0,0,8.84530549800007,53.0665660070001,Östliche Vorstadt,Peterswerder,2022-10
2022-07-01,11,2022,7,3,18,2,5,3,1,1,0,0,0,0,0,0,8.80599675900004,53.0924486690001,Findorff,Findorff-Bürgerweide,2022-7
2022-09-01,12,2022,9,6,4,3,2,6,1,0,0,0,0,1,2,1,8.58078127400006,53.5220434020001,Fischereihafen,Fischereihafen,2022-9