Datetime,UKREIS,UJAHR,UMONAT,UWOCHENTAG,USTUNDE,UKATEGORIE,UART,UTYP1,IstRad,IstPKW,IstFuss,IstKrad,IstGkfz,IstSonstig,ULICHTVERH,STRZUSTAND,longitude,latitude,Stadtteil,Ortsteil,Datetime
2022-11-01,11,2022,11,3,9,3,5,2,1,1,0,0,0,0,0,0,8.88770596900002,53.1090845150001,Horn-Lehe,Lehesterdeich,2022-11
2022-08-01,11,2022,8,4,7,3,5,2,1,1,0,0,0,0,0,0,8.84498232300007,53.045730038,Obervieland,Habenhausen,2022-8
2022-09-01,11,2022,9,4,7,3,5,3,1,1,0,0,0,0,0,1,8.85004104700005,53.0947102210001,Schwachhausen,Riensberg,2022-9
2022-07-01,11,2022,7,4,5,3,5,3,1,0,0,0,0,1,1,0,8.81156317100005,53.081634052,Mitte,Bahnhofsvorstadt,2022-7
2022-09-01,11,2022,9,6,14,3,0,7,1,1,0,0,0,0,0,0,8.61157157100007,53.184390987,Vegesack,Fähr-Lobbendorf,2022-9
2022-08-01,11,2022,8,7,9,3,0,7,1,0,0,0,0,0,0,0,8.77761462900003,53.0640558000001,Neustadt,Neuenland,2022-8
2022-11-01,12,2022,11,6,11,3,6,4,1,0,1,0,0,0,0,1,8.59281042800006,53.539354846,Geestemünde,Geestemünde-Nord,2022-11
2022-10-01,11,2022,10,6,9,3,1,7,1,1,0,0,0,0,0,0,8.80278334800005,53.0950560000001,Findorff,Regensburger Str.,2022-10
2022-10-01,11,2022,10,6,13,3,5,3,1,1,0,0,0,0,0,0,8.87179659100008,53.0771183960001,Vahr,Gartenstadt Vahr,2022-10
2022-09-01,11,2022,9,4,11,3,5,3,1,1,0,0,0,0,0,0,8.80990556200004,53.093315133,Findorff,Weidedamm,2022-9
2022-11-01,12,2022,11,3,7,3,5,3,1,1,0,0,0,0,0,0,8.59093043500008,53.5414200180001,Geestemünde,Geestemünde-Nord,2022-11
2022-10-01,11,2022,10,3,17,3,5,2,1,1,0,0,0,0,0,0,8.70437370000008,53.155673232,Burglesum,Burg-Grambke,2022-10
2022-08-01,11,2022,8,2,7,3,5,3,1,1,0,0,0,0,0,1,8.69761147500003,53.1830339620001,Burglesum,Lesum,2022-8
2022-09-01,11,2022,9,5,17,3,3,2,1,1,0,0,0,0,1,0,8.82025889200003,53.084035622,Schwachhausen,Barkhof,2022-9
2022-09-01,11,2022,9,5,13,2,5,3,1,1,0,0,0,0,0,0,8.79540235700006,53.0802872570001,Mitte,Altstadt,2022-9
2022-10-01,11,2022,10,5,11,3,5,3,1,1,0,0,0,0,0,0,8.78639175700005,53.0746241160001,Neustadt,Alte Neustadt,2022-10
2022-10-01,11,2022,10,5,17,3,5,2,1,1,0,0,0,0,0,0,8.86250237800004,53.1067754740001,Horn-Lehe,Lehe,2022-10
2022-08-01,11,2022,8,5,10,3,2,6,1,1,0,0,0,0,0,0,8.87210710500005,53.098346135,Horn-Lehe,Lehe,2022-8
2022-09-01,11,2022,9,5,17,3,5,7,1,1,0,0,0,0,0,1,8.86390963900004,53.064850839,Hemelingen,Hastedt,2022-9
2022-08-01,12,2022,8,6,9,3,5,3,1,0,0,0,0,1,0,0,8.57546814400007,53.5526995880001,Mitte (BHV),Mitte-Nord,2022-8
2022-10-01,11,2022,10,2,16,3,5,3,1,0,1,0,0,0,0,0,8.91626538400004,53.0712645150001,Hemelingen,Sebaldsbrück,2022-10
2022-09-01,11,2022,9,5,14,3,3,6,1,0,0,0,0,0,0,0,8.79741095100007,53.068891104,Neustadt,Alte Neustadt,2022-9
2022-09-01,11,2022,9,2,18,3,6,4,1,0,1,0,0,0,0,0,8.61756491700004,53.1730830750001,Vegesack,Vegesack,2022-9
2022-11-01,11,2022,11,6,15,3,3,6,1,0,0,0,0,0,0,0,8.77733997600006,53.079228932,Woltmershausen,Woltmershausen,2022-11
2022-11-01,12,2022,11,3,7,3,5,3,1,1,0,0,0,0,1,1,8.57261135800007,53.5604318690001,Lehe (BHV),Twischkamp,2022-11
2022-10-01,11,2022,10,2,8,3,5,2,1,1,0,0,0,0,0,0,8.85003343000005,53.112042435,Horn-Lehe,Lehe,2022-10
2022-08-01,11,2022,8,4,18,3,3,2,1,1,0,0,0,0,0,0,8.82444064800006,53.1098800410001,Schwachhausen,Neu-Schwachhausen,2022-8
2022-09-01,11,2022,9,3,16,3,3,6,1,0,0,0,0,1,0,0,8.87176509600005,53.0914361470001,Horn-Lehe,Horn,2022-9
2022-11-01,11,2022,11,4,12,3,5,3,1,1,0,0,0,0,0,0,8.69918527100003,53.1681940830001,Burglesum,Lesum,2022-11
2022-11-01,11,2022,11,5,13,3,5,3,1,1,0,0,0,0,0,0,8.88664485500004,53.0791834500001,Vahr,Neue Vahr Südwest,2022-11
2022-10-01,11,2022,10,5,17,3,5,7,1,0,0,0,0,0,1,1,8.78889762700004,53.0632592850001,Neustadt,Südervorstadt,2022-10
2022-08-01,11,2022,8,1,11,3,5,3,1,1,0,0,0,0,0,0,8.79644619600003,53.064887282,Neustadt,Südervorstadt,2022-8
2022-10-01,11,2022,10,6,13,2,5,3,1,0,0,0,0,1,0,0,8.83276178600005,53.0709443710001,Östliche Vorstadt,Steintor,2022-10
2022-08-01,12,2022,8,3,22,3,1,5,1,1,0,0,0,0,2,0,8.61010482400008,53.525907863,Geestemünde,Grünhöfe,2022-8
2022-09-01,12,2022,9,2,15,3,5,2,1,1,0,0,0,0,0,0,8.60408493800003,53.504089337,Wulsdorf,Jedutenberg,2022-9
2022-09-01,11,2022,9,6,15,3,5,2,1,1,0,0,0,0,0,0,8.82509056900005,53.0841945190001,Schwachhausen,Barkhof,2022-9
2022-08-01,11,2022,8,7,15,3,6,4,1,0,1,0,0,0,0,0,8.80154005100007,53.0809142040001,Mitte,Altstadt,2022-8
2022-10-01,11,2022,10,5,13,3,5,2,1,1,0,0,0,0,0,0,8.69982636500004,53.1680987410001,Burglesum,Lesum,2022-10
2022-11-01,12,2022,11,5,7,2,5,3,1,1,0,0,0,0,0,1,8.59521823100005,53.539016363,Geestemünde,Geestemünde-Nord,2022-11
2022-08-01,11,2022,8,6,22,3,6,7,1,0,1,0,0,0,2,0,8.79965657600007,53.0780027590001,Mitte,Altstadt,2022-8
2022-11-01,11,2022,11,6,15,2,5,3,1,1,0,0,0,0,0,0,8.61562481300007,53.194397517,Vegesack,Unbekannt,2022-11
2022-12-01,11,2022,12,4,14,3,5,2,1,1,0,0,0,0,0,0,8.84718379100002,53.0870036590001,Schwachhausen,Riensberg,2022-12
2022-08-01,11,2022,8,2,23,3,0,7,1,0,0,1,0,0,2,0,8.84487176200003,53.075237599,Östliche Vorstadt,Hulsberg,2022-8
2022-09-01,12,2022,9,2,14,3,0,1,1,0,0,0,0,0,0,0,8.58365442100006,53.555282264,Lehe (BHV),Goethestrasse,2022-9
2022-08-01,11,2022,8,6,12,3,5,3,1,0,0,0,0,0,0,0,8.81061074800004,53.0718094220001,Mitte,Altstadt,2022-8
2022-11-01,11,2022,11,3,9,3,0,7,1,0,0,0,0,0,0,2,8.88242324600003,53.1036634070001,Horn-Lehe,Lehesterdeich,2022-11
2022-10-01,11,2022,10,4,12,3,5,3,1,0,0,0,0,0,0,0,8.81346045500004,53.090343638,Findorff,Findorff-Bürgerweide,2022-10
2022-09-01,11,2022,9,2,18,3,4,2,1,1,0,0,0,0,0,0,8.80967506700006,53.0910585130001,Findorff,Findorff-Bürgerweide,2022-9
2022-09-01,11,2022,9,6,9,3,5,3,1,1,0,0,0,0,0,0,8.91774162400003,53.071277921,Osterholz,Ellener Feld,2022-9
2022-10-01,12,2022,10,2,11,3,4,6,1,1,0,0,0,0,0,0,8.59383963000005,53.5604029510001,Lehe (BHV),Klushof,2022-10
2022-11-01,11,2022,11,4,7,3,1,5,1,1,0,0,0,0,0,0,8.77259855100004,53.081475562,Woltmershausen,Woltmershausen,2022-11
2022-08-01,12,2022,8,4,14,3,5,3,1,1,0,0,0,0,0,0,8.57748523400005,53.548432743,Mitte (BHV),Mitte-Süd,2022-8
2022-07-01,11,2022,7,2,18,3,4,6,1,0,0,0,0,1,0,0,8.80695686100006,53.0818873200001,Mitte,Bahnhofsvorstadt,2022-7
2022-11-01,11,2022,11,2,14,3,5,3,1,1,0,0,0,0,0,0,8.89668136100005,53.130473883,Unbekannt,Borgfeld,2022-11
2022-10-01,11,2022,10,4,21,2,0,7,1,0,0,0,0,0,2,1,8.83722002600007,53.082380829,Schwachhausen,Gete,2022-10
2022-10-01,12,2022,10,1,2,3,0,1,1,0,0,0,0,0,2,1,8.63901159100004,53.5352381500001,Schiffdorferdamm,Schiffdorferdamm,2022-10
2022-09-01,11,2022,9,4,7,3,5,3,1,1,0,0,0,0,1,0,8.94055106100006,53.0775826010001,Oberneuland,Unbekannt,2022-9
2022-11-01,11,2022,11,4,13,3,5,2,1,1,0,0,0,0,0,1,8.76610846300002,53.0739197730001,Woltmershausen,Woltmershausen,2022-11
2022-08-01,11,2022,8,4,10,3,5,3,1,1,0,0,0,0,0,0,8.88423818000007,53.073147868,Hemelingen,Sebaldsbrück,2022-8
2022-10-01,12,2022,10,6,13,3,5,3,1,1,0,0,0,0,0,0,8.59972065500006,53.5052239,Wulsdorf,Dreibergen,2022-10
2022-09-01,11,2022,9,4,18,3,5,2,1,1,0,0,0,0,0,0,8.72817250200006,53.038377661,Huchting,Kirchhuchting,2022-9
2022-08-01,11,2022,8,5,9,3,5,3,1,1,0,0,0,0,0,0,8.81900044800005,53.031613228,Obervieland,Kattenesch,2022-8
2022-10-01,12,2022,10,2,17,3,5,3,1,1,0,0,0,0,0,0,8.59117240800003,53.566120013,Lehe (BHV),Klushof,2022-10
2022-09-01,11,2022,9,2,20,3,0,1,1,0,0,0,0,0,0,0,8.80650115200007,53.0654832550001,Neustadt,Buntentor,2022-9
2022-11-01,11,2022,11,7,14,3,5,3,1,1,0,0,0,0,0,0,8.89445148900006,53.0543856310001,Hemelingen,Hemelingen,2022-11
2022-10-01,11,2022,10,4,7,3,5,3,1,1,0,0,0,0,2,0,8.80199714200006,53.0865417100001,Mitte,Bahnhofsvorstadt,2022-10
2022-08-01,11,2022,8,4,18,3,5,2,1,1,0,0,0,0,0,0,8.86255265000005,53.067613296,Hemelingen,Hastedt,2022-8
2022-09-01,12,2022,9,7,19,3,0,1,1,0,0,0,0,0,0,0,8.59572834500005,53.535773566,Geestemünde,Geestendorf,2022-9
2022-09-01,11,2022,9,5,23,3,0,1,1,0,0,0,0,0,2,0,8.89001094800005,53.0822742010001,Vahr,Neue Vahr Südwest,2022-9
2022-10-01,11,2022,10,1,12,3,1,5,1,1,0,0,0,0,0,0,8.81311940700004,53.0795588780001,Mitte,Bahnhofsvorstadt,2022-10
2022-08-01,11,2022,8,6,14,3,0,3,1,1,0,0,0,0,0,0,8.80087755100004,53.0684378870001,Neustadt,Südervorstadt,2022-8
2022-09-01,11,2022,9,5,8,3,5,3,1,1,0,0,0,0,0,0,8.82675003500003,53.0428761380001,Obervieland,Kattenturm,2022-9
2022-12-01,11,2022,12,3,8,3,5,3,1,1,0,0,0,0,0,1,8.81054478100003,53.076697154,Mitte,Altstadt,2022-12
2022-08-01,11,2022,8,7,14,3,5,2,1,1,0,0,0,0,0,0,8.77783319400004,53.0994264280001,Walle,Walle,2022-8
2022-11-01,12,2022,11,6,13,3,5,3,1,0,0,0,0,1,0,0,8.57525203500006,53.5475848340001,Mitte (BHV),Mitte-Süd,2022-11
2022-12-01,12,2022,12,2,8,3,5,2,1,1,0,0,0,0,1,2,8.62638284600007,53.529643632,Schiffdorferdamm,Schiffdorferdamm,2022-12
2022-09-01,12,2022,9,5,11,3,5,3,1,0,0,0,1,0,0,1,8.57992026000005,53.5492275650001,Lehe (BHV),Klushof,2022-9
2022-12-01,11,2022,12,6,17,3,5,3,1,0,0,1,0,0,0,0,8.80413439600005,53.0726078260001,Mitte,Altstadt,2022-12
2022-10-01,11,2022,10,2,8,3,5,3,1,1,0,0,0,0,0,0,8.67582958700007,53.173496076,Burglesum,Lesum,2022-10
2022-11-01,11,2022,11,3,9,3,5,3,1,1,0,0,0,0,0,0,8.87026012100006,53.0639663100001,Hemelingen,Hastedt,2022-11
2022-07-01,11,2022,7,4,23,3,4,3,1,1,0,0,0,0,2,0,8.80415390900004,53.0723903310001,Neustadt,Alte Neustadt,2022-7
2022-09-01,12,2022,9,3,20,3,1,5,1,1,0,0,0,0,2,0,8.60073284000003,53.594131766,Leherheide,Königsheide,2022-9
2022-11-01,12,2022,11,7,10,3,3,6,1,1,0,0,0,0,0,1,8.58614926700005,53.5618256180001,Lehe (BHV),Twischkamp,2022-11
2022-10-01,11,2022,10,6,10,3,5,3,1,1,0,0,0,0,0,0,8.82685380500004,53.0342746520001,Obervieland,Kattenturm,2022-10
2022-08-01,12,2022,8,7,15,3,6,4,1,0,1,0,0,0,0,0,8.59365848000004,53.5376578820001,Geestemünde,Geestemünde-Nord,2022-8
2022-11-01,12,2022,11,3,7,3,0,1,1,0,0,0,0,0,1,1,8.58683851800004,53.565872846,Lehe (BHV),Klushof,2022-11
2022-10-01,11,2022,10,3,15,3,5,3,1,0,0,0,0,1,0,0,8.79178756900006,53.087763915,Walle,Utbremen,2022-10
2022-07-01,11,2022,7,7,9,3,3,6,1,1,0,0,0,0,0,0,8.91819358700008,53.071428057,Osterholz,Blockdiek,2022-7
2022-09-01,11,2022,9,3,9,3,1,5,1,1,0,0,0,0,0,0,8.82419086000004,53.0792060900001,Mitte,Ostertor,2022-9
2022-09-01,11,2022,9,6,5,3,5,3,1,1,0,0,0,0,1,0,8.88694261700005,53.0346455580001,Hemelingen,Hemelingen,2022-9
2022-10-01,12,2022,10,5,6,3,5,3,1,1,0,0,0,0,2,0,8.59521731200005,53.5390138760001,Geestemünde,Geestemünde-Nord,2022-10
2022-08-01,11,2022,8,1,15,3,3,6,1,0,0,0,0,1,0,0,8.85044446200004,53.071188659,Östliche Vorstadt,Peterswerder,2022-8
2022-10-01,11,2022,10,7,14,3,6,4,1,0,1,0,0,0,0,0,8.80007113100004,53.070589698,Neustadt,Alte Neustadt,2022-10
2022-11-01,11,2022,11,2,12,3,5,3,1,1,0,0,0,0,0,0,8.85234581900005,53.0736745120001,Östliche Vorstadt,Hulsberg,2022-11
2022-10-01,11,2022,10,2,13,3,5,3,1,1,0,0,0,0,0,1,8.78766489900005,53.087453866,Walle,Utbremen,2022-10
2022-08-01,11,2022,8,2,9,3,1,5,1,1,0,0,0,0,0,0,8.80868698400008,53.120955645,Unbekannt,Blockland,2022-8
2022-09-01,11,2022,9,6,15,3,5,3,1,1,0,0,0,0,1,1,8.78771284900006,53.087181952,Walle,Überseestadt,2022-9
2022-10-01,11,2022,10,7,10,3,5,2,1,1,0,0,0,0,0,0,8.72880366500004,53.0389350790001,Huchting,Kirchhuchting,2022-10
2022-11-01,11,2022,11,3,12,3,0,7,1,0,0,0,0,0,0,0,8.82775810400005,53.0688504230001,Östliche Vorstadt,Steintor,2022-11
2022-12-01,11,2022,12,5,10,3,5,3,1,0,0,0,0,0,0,1,8.80326345400005,53.0846358490001,Mitte,Bahnhofsvorstadt,2022-12
2022-08-01,11,2022,8,3,8,3,5,2,1,0,0,0,0,1,0,0,8.83598416600006,53.0837978700001,Schwachhausen,Schwachhausen,2022-8
2022-09-01,11,2022,9,7,11,3,0,1,1,0,0,0,0,0,0,1,8.57339348300007,53.1917200010001,Blumenthal,Blumenthal,2022-9
2022-09-01,11,2022,9,5,7,3,6,4,1,0,1,0,0,0,0,0,8.77495935700006,53.080153969,Woltmershausen,Woltmershausen,2022-9
2022-08-01,11,2022,8,7,15,3,6,7,1,0,1,0,0,0,0,0,8.80393326500007,53.077885511,Mitte,Altstadt,2022-8
2022-10-01,11,2022,10,5,16,3,0,7,1,1,0,0,0,0,0,0,8.90934530600003,53.058798918,Hemelingen,Sebaldsbrück,2022-10
2022-10-01,11,2022,10,3,16,3,5,2,1,1,0,0,0,0,0,0,8.87512589800002,53.0824267580001,Schwachhausen,Radio Bremen,2022-10
2022-10-01,11,2022,10,5,10,3,1,7,1,1,0,0,0,0,0,0,8.87006322900004,53.097426285,Horn-Lehe,Horn,2022-10
2022-07-01,11,2022,7,2,17,3,2,1,1,1,0,0,0,0,0,1,8.80383820300005,53.076320433,Mitte,Altstadt,2022-7
2022-11-01,11,2022,11,3,16,3,5,3,1,1,0,0,0,0,0,0,8.88208116600003,53.0790975290001,Vahr,Neue Vahr Südwest,2022-11
2022-10-01,11,2022,10,3,14,3,1,5,1,1,0,0,0,0,0,0,8.85226084700003,53.081832885,Schwachhausen,Gete,2022-10
2022-08-01,11,2022,8,6,11,3,2,2,1,1,0,0,0,0,0,1,8.87366933900006,53.1013263300001,Horn-Lehe,Lehe,2022-8
2022-09-01,11,2022,9,5,15,3,5,3,1,1,0,0,0,0,0,0,8.79671170300003,53.0892169460001,Walle,Utbremen,2022-9
2022-09-01,11,2022,9,5,8,3,5,3,1,1,0,0,0,0,0,0,8.82112967200004,53.052280367,Neustadt,Huckelriede,2022-9
2022-12-01,11,2022,12,2,7,3,6,4,1,0,1,0,0,0,2,1,8.83918667500006,53.0508141440001,Obervieland,Habenhausen,2022-12
2022-10-01,11,2022,10,5,19,3,5,3,1,1,0,0,0,0,2,1,8.76938203600002,53.110584864,Gröpelingen,Lindenhof,2022-10
2022-08-01,11,2022,8,4,15,3,4,6,1,0,0,0,0,1,0,1,8.90025379400004,53.046673174,Hemelingen,Hemelingen,2022-8
2022-07-01,11,2022,7,5,17,2,5,3,1,0,0,0,1,0,0,0,8.73094583600005,53.091642656,Häfen,Neustädter Hafen,2022-7
2022-11-01,11,2022,11,4,11,3,0,3,1,0,0,0,0,1,0,0,8.86732871200007,53.09881892,Horn-Lehe,Lehe,2022-11
2022-08-01,11,2022,8,5,14,3,5,3,1,1,0,0,0,0,0,0,8.71267150700004,53.1443905150001,Burglesum,Burg-Grambke,2022-8
2022-09-01,11,2022,9,2,8,2,5,3,1,0,0,0,1,0,0,0,8.82345775200002,53.0479328760001,Obervieland,Kattenturm,2022-9
2022-11-01,11,2022,11,5,12,3,5,3,1,1,0,0,0,0,0,0,8.87245403500003,53.0631377710001,Hemelingen,Hastedt,2022-11
2022-10-01,11,2022,10,5,9,3,5,3,1,0,0,0,0,1,0,0,8.85055961700004,53.111886392,Horn-Lehe,Lehe,2022-10
2022-08-01,11,2022,8,7,22,3,6,7,1,0,1,0,0,0,2,0,8.78580228100003,53.1034165560001,Walle,Walle,2022-8
2022-09-01,11,2022,9,5,19,3,6,4,1,0,1,0,0,0,0,0,8.84356743100005,53.089617097,Schwachhausen,Neu-Schwachhausen,2022-9
2022-12-01,11,2022,12,1,12,3,5,2,1,1,0,0,0,0,0,0,8.88799432000008,53.066734683,Hemelingen,Sebaldsbrück,2022-12
2022-10-01,11,2022,10,3,7,3,6,4,1,0,1,0,0,0,2,0,8.82927022800004,53.0745914890001,Östliche Vorstadt,Fesenfeld,2022-10
2022-11-01,11,2022,11,3,7,3,5,2,1,1,0,0,0,0,1,0,8.79634286800007,53.082528214,Mitte,Altstadt,2022-11
2022-08-01,11,2022,8,1,17,3,0,7,1,0,0,0,0,0,0,0,8.81074267500003,53.068761178,Neustadt,Alte Neustadt,2022-8
2022-09-01,11,2022,9,1,15,3,4,6,1,0,0,0,0,0,0,0,8.79317767200007,53.0927386330001,Walle,Westend,2022-9
2022-09-01,11,2022,9,6,20,3,0,7,1,0,0,0,0,0,2,1,8.89584515900003,53.0969542780001,Horn-Lehe,Lehesterdeich,2022-9
2022-07-01,12,2022,7,6,12,3,5,3,1,1,0,0,0,0,0,0,8.59799973600008,53.579864743,Lehe (BHV),Eckernfeld,2022-7
2022-09-01,11,2022,9,4,17,3,5,2,1,1,0,0,0,0,0,0,8.95370354400006,53.0341223410001,Hemelingen,Mahndorf,2022-9
2022-08-01,11,2022,8,4,18,3,3,6,1,1,0,0,0,0,0,0,8.82311169400003,53.0732648310001,Mitte,Ostertor,2022-8
2022-08-01,11,2022,8,1,14,3,5,3,1,0,0,1,0,0,0,0,8.81537268400007,53.0557705030001,Neustadt,Huckelriede,2022-8
2022-11-01,11,2022,11,3,7,3,0,3,1,0,0,0,0,1,2,1,8.86877440600006,53.0742535680001,Vahr,Gartenstadt Vahr,2022-11
2022-10-01,11,2022,10,4,16,3,8,7,1,0,0,0,0,0,0,0,8.76289933500004,53.0769050920001,Woltmershausen,Woltmershausen,2022-10
2022-08-01,11,2022,8,7,3,2,6,4,1,0,1,0,0,0,2,0,8.81955856200005,53.0695426990001,Mitte,Ostertor,2022-8
2022-10-01,11,2022,10,6,19,3,2,6,1,1,0,0,0,0,1,0,8.80154168000007,53.068011853,Neustadt,Südervorstadt,2022-10
2022-08-01,11,2022,8,1,18,2,0,7,1,1,0,0,0,0,0,0,8.63435945200007,53.163429244,Vegesack,Grohn,2022-8
2022-09-01,12,2022,9,6,14,3,0,1,1,0,0,0,0,0,0,0,8.59983773400006,53.525487555,Geestemünde,Geestendorf,2022-9
2022-09-01,11,2022,9,6,10,2,6,4,1,0,1,0,0,0,0,0,8.82712766700007,53.0784656110001,Östliche Vorstadt,Fesenfeld,2022-9
2022-12-01,11,2022,12,5,8,3,0,7,1,0,0,0,0,0,0,1,8.80786768400003,53.064201702,Neustadt,Buntentor,2022-12
2022-10-01,11,2022,10,6,18,3,5,2,1,1,0,0,0,0,1,0,8.82773936200005,53.074782053,Östliche Vorstadt,Steintor,2022-10
2022-12-01,11,2022,12,6,7,2,5,3,1,1,0,0,0,0,2,1,8.69224563400007,53.168206911,Burglesum,Lesum,2022-12
2022-08-01,11,2022,8,5,17,3,5,3,1,0,0,0,0,1,0,0,8.75231718900005,53.113185152,Gröpelingen,Lindenhof,2022-8
2022-09-01,11,2022,9,3,18,3,5,3,1,1,0,0,0,0,0,0,8.80620339400002,53.073300165,Mitte,Altstadt,2022-9
2022-11-01,11,2022,11,4,7,3,5,3,1,1,0,0,0,0,1,1,8.87052372800002,53.091275705,Schwachhausen,Radio Bremen,2022-11
2022-10-01,12,2022,10,6,13,3,5,2,1,1,0,0,0,0,0,0,8.59657666600003,53.5722713740001,Lehe (BHV),Eckernfeld,2022-10
2022-08-01,11,2022,8,4,15,3,1,7,1,1,0,0,0,0,0,0,8.77132585500004,53.0819364770001,Woltmershausen,Woltmershausen,2022-8
2022-10-01,12,2022,10,6,7,3,6,3,1,0,1,0,0,0,1,0,8.59166026000003,53.5320848200001,Geestemünde,Geestendorf,2022-10
2022-12-01,11,2022,12,1,10,2,5,3,1,1,0,0,0,0,0,2,8.88046696000004,53.071654209,Vahr,Gartenstadt Vahr,2022-12
2022-10-01,11,2022,10,3,16,3,0,7,1,0,0,0,0,0,0,0,8.93767565900004,53.0906990280001,Oberneuland,Unbekannt,2022-10
2022-08-01,11,2022,8,3,7,3,3,6,1,0,0,0,0,0,0,0,8.88227861900003,53.103512965,Horn-Lehe,Lehesterdeich,2022-8
2022-09-01,11,2022,9,7,11,3,5,2,1,1,0,0,0,0,0,1,8.86252352100007,53.0675932010001,Hemelingen,Hastedt,2022-9
2022-11-01,12,2022,11,3,16,3,5,2,1,1,0,0,0,0,1,1,8.60050655600003,53.5050225470001,Wulsdorf,Jedutenberg,2022-11
2022-12-01,11,2022,12,6,13,3,5,2,1,0,0,0,0,1,0,0,8.87053632200002,53.091275383,Schwachhausen,Radio Bremen,2022-12
2022-10-01,11,2022,10,4,15,3,5,3,1,0,0,0,0,1,0,0,8.83077514100006,53.0409657650001,Obervieland,Kattenturm,2022-10
2022-08-01,11,2022,8,4,15,3,3,2,1,1,0,0,0,0,0,0,8.70401641000007,53.1578994050001,Burglesum,Burgdamm,2022-8
2022-07-01,11,2022,7,5,12,3,5,2,1,1,0,0,0,0,0,0,8.70438909700005,53.156016886,Burglesum,Burg-Grambke,2022-7
2022-09-01,12,2022,9,4,11,3,7,7,1,0,0,0,0,1,0,0,8.59065658100008,53.5151729300001,Wulsdorf,Dreibergen,2022-9
2022-11-01,11,2022,11,4,8,3,3,2,1,1,0,0,0,0,1,0,8.79430488700007,53.099709213,Walle,Osterfeuerberg,2022-11
2022-09-01,11,2022,9,5,18,3,1,6,1,0,0,0,0,1,0,0,8.87075585100007,53.0984772190001,Horn-Lehe,Lehe,2022-9
2022-08-01,11,2022,8,4,10,3,1,7,1,1,0,0,0,0,0,0,8.80200965900002,53.0922056530001,Findorff,Regensburger Str.,2022-8
2022-09-01,11,2022,9,5,21,3,4,2,1,1,0,0,0,0,2,0,8.83196537400005,53.0926798900001,Schwachhausen,Neu-Schwachhausen,2022-9
2022-12-01,11,2022,12,7,21,3,5,2,1,1,0,0,0,0,2,0,8.87792915600005,53.1014259310001,Horn-Lehe,Lehe,2022-12
2022-09-01,11,2022,9,6,14,3,3,6,1,0,0,0,0,1,0,0,8.80371579800004,53.05888702,Neustadt,Gartenstadt Süd,2022-9
2022-10-01,11,2022,10,7,14,3,2,6,1,1,0,0,0,0,0,0,8.80653244300004,53.087292437,Findorff,Findorff-Bürgerweide,2022-10
2022-11-01,11,2022,11,3,9,3,5,2,1,1,0,0,0,0,0,0,8.81310532400005,53.1019488050001,Findorff,Weidedamm,2022-11
2022-09-01,12,2022,9,6,8,3,1,5,1,1,0,0,0,0,0,0,8.61209033600005,53.52744462,Geestemünde,Bürgerpark (BHV),2022-9
2022-08-01,11,2022,8,1,18,3,5,2,1,1,0,0,0,0,0,0,8.94101847400003,53.0583995010001,Osterholz,Osterholz,2022-8
2022-11-01,11,2022,11,4,22,3,5,2,1,1,0,0,0,0,2,0,8.82513892600002,53.084493982,Schwachhausen,Bürgerpark,2022-11
2022-12-01,11,2022,12,5,13,3,5,3,1,1,0,0,0,0,0,1,8.82617181900002,53.0343561860001,Obervieland,Kattenturm,2022-12
2022-08-01,11,2022,8,7,18,3,5,3,1,1,0,0,0,0,0,0,8.95202453800005,53.0527885490001,Osterholz,Osterholz,2022-8
2022-11-01,11,2022,11,4,9,3,5,2,1,1,0,0,0,0,0,0,8.87724094600003,53.06155405,Hemelingen,Hastedt,2022-11
2022-10-01,11,2022,10,5,10,3,5,2,1,0,0,0,0,0,0,0,8.83209162200006,53.0686577990001,Östliche Vorstadt,Peterswerder,2022-10
2022-12-01,11,2022,12,6,14,3,5,3,1,1,0,0,0,0,0,0,8.78214149900003,53.0668429020001,Neustadt,Neuenland,2022-12
2022-08-01,11,2022,8,7,19,3,4,2,1,1,0,0,0,0,0,0,8.83312863200007,53.0398319340001,Obervieland,Kattenturm,2022-8
2022-10-01,11,2022,10,1,11,3,5,3,1,1,0,0,0,0,0,0,8.89265808100004,53.1292545140001,Unbekannt,Borgfeld,2022-10
2022-11-01,12,2022,11,5,11,2,5,3,1,1,0,0,0,0,0,0,8.58522258000005,53.5575961270001,Lehe (BHV),Goethestrasse,2022-11
2022-08-01,11,2022,8,7,16,3,5,2,1,1,0,0,0,0,0,0,8.83211029000006,53.0687124350001,Östliche Vorstadt,Steintor,2022-8
2022-11-01,11,2022,11,3,18,3,5,2,1,1,0,0,0,0,2,1,8.84229308300007,53.105722379,Schwachhausen,Neu-Schwachhausen,2022-11
2022-09-01,11,2022,9,7,19,3,1,5,1,1,0,0,0,0,1,0,8.80856248000003,53.0879781180001,Findorff,Findorff-Bürgerweide,2022-9
2022-09-01,11,2022,9,6,12,3,5,3,1,0,0,0,0,1,0,0,8.80846698000005,53.083011953,Mitte,Bahnhofsvorstadt,2022-9
2022-10-01,11,2022,10,5,11,3,5,3,1,1,0,0,0,0,0,0,8.82692655000005,53.0765683500001,Östliche Vorstadt,Fesenfeld,2022-10
2022-08-01,11,2022,8,2,20,3,5,2,1,1,0,0,0,0,1,1,8.82471282400007,53.0689088840001,Östliche Vorstadt,Steintor,2022-8
2022-10-01,11,2022,10,3,15,3,3,6,1,1,0,0,0,0,0,0,8.85019909700003,53.065576627,Östliche Vorstadt,Peterswerder,2022-10