Datetime,UKREIS,UJAHR,UMONAT,UWOCHENTAG,USTUNDE,UKATEGORIE,UART,UTYP1,IstRad,IstPKW,IstFuss,IstKrad,IstGkfz,IstSonstig,ULICHTVERH,STRZUSTAND,longitude,latitude,Stadtteil,Ortsteil,Datetime
2022-10-01,12,2022,10,7,21,3,5,3,1,1,0,0,0,0,2,1,8.58792446500007,53.5561898990001,Lehe (BHV),Klushof,2022-10
2022-08-01,11,2022,8,6,9,3,5,2,1,1,0,0,0,0,0,0,8.58342487400006,53.2143288390001,Blumenthal,Lüssum-Bockhorn,2022-8
2022-11-01,11,2022,11,6,11,3,5,3,1,1,0,0,0,0,0,0,8.82774803200004,53.0830316,Schwachhausen,Bürgerpark,2022-11
2022-10-01,11,2022,10,2,23,3,5,3,1,0,0,0,0,1,2,1,8.80278582500006,53.078438481,Mitte,Altstadt,2022-10
2022-12-01,11,2022,12,4,13,3,0,7,1,0,0,0,0,0,0,1,8.57247840000002,53.1840090750001,Blumenthal,Blumenthal,2022-12
2022-10-01,11,2022,10,7,16,2,5,2,1,1,0,0,0,0,0,1,8.80850234300004,53.088083506,Findorff,Findorff-Bürgerweide,2022-10
2022-07-01,11,2022,7,4,12,3,5,3,1,1,0,0,0,0,0,0,8.87657890500003,53.081407401,Vahr,Neue Vahr Südwest,2022-7
2022-09-01,11,2022,9,1,2,2,4,6,1,0,0,0,0,0,2,0,8.84886898300005,53.065856857,Östliche Vorstadt,Peterswerder,2022-9
2022-08-01,11,2022,8,3,13,3,5,3,1,0,0,0,0,1,0,0,8.54578088300002,53.1913989540001,Blumenthal,Rönnebeck,2022-8
2022-11-01,11,2022,11,5,19,3,1,5,1,1,0,0,0,0,2,1,8.80804313300007,53.0640942640001,Neustadt,Buntentor,2022-11
2022-09-01,12,2022,9,4,15,3,4,6,1,0,0,0,0,0,0,0,8.58820605100004,53.5358710130001,Geestemünde,Geestemünde-Nord,2022-9
2022-09-01,12,2022,9,3,7,3,5,3,1,1,0,0,0,0,2,1,8.60605746600004,53.55097362,Geestemünde,Bürgerpark (BHV),2022-9
2022-12-01,11,2022,12,5,12,2,0,7,1,0,0,0,0,0,0,0,8.86074897100002,53.0792091640001,Vahr,Gartenstadt Vahr,2022-12
2022-10-01,11,2022,10,6,8,3,5,3,1,1,0,0,0,0,1,1,8.87072985400005,53.0958979810001,Horn-Lehe,Horn,2022-10
2022-10-01,11,2022,10,5,18,2,0,7,1,0,0,0,0,0,1,0,8.93376039200007,53.038807735,Hemelingen,Mahndorf,2022-10
2022-12-01,12,2022,12,3,13,3,0,1,1,0,0,0,0,0,0,1,8.60088613100004,53.5037736840001,Wulsdorf,Jedutenberg,2022-12
2022-11-01,11,2022,11,3,10,3,5,3,1,1,0,0,0,0,0,1,8.80532616000005,53.100376286,Findorff,Regensburger Str.,2022-11
2022-08-01,11,2022,8,3,14,3,5,2,1,1,0,0,0,0,0,0,8.81057865300005,53.0800731840001,Mitte,Bahnhofsvorstadt,2022-8
2022-11-01,11,2022,11,4,7,3,5,3,1,1,0,0,0,0,0,1,8.86384969100004,53.0712376500001,Hemelingen,Hastedt,2022-11
2022-08-01,11,2022,8,2,17,3,5,3,1,1,0,0,0,0,0,0,8.78535632700004,53.0887681550001,Walle,Utbremen,2022-8
2022-10-01,11,2022,10,3,9,3,1,5,1,0,1,0,0,0,0,1,8.83338260000005,53.0890877040001,Schwachhausen,Bürgerpark,2022-10
2022-09-01,11,2022,9,7,11,3,5,3,1,0,0,0,0,1,0,0,8.80841349400004,53.07518915,Mitte,Altstadt,2022-9
2022-12-01,11,2022,12,5,11,3,5,3,1,0,0,0,0,1,0,0,8.80358485800002,53.080254063,Mitte,Altstadt,2022-12
2022-10-01,11,2022,10,4,5,3,5,3,1,0,0,0,0,0,2,0,8.85541498800006,53.084183382,Schwachhausen,Radio Bremen,2022-10
2022-10-01,11,2022,10,3,7,3,5,3,1,0,0,0,0,1,0,0,8.84146365200007,53.083051057,Schwachhausen,Gete,2022-10
2022-09-01,11,2022,9,4,5,3,5,2,1,1,0,0,0,0,2,0,8.87659670700003,53.081388508,Vahr,Neue Vahr Südwest,2022-9
2022-11-01,11,2022,11,3,13,3,5,3,1,1,0,0,0,0,0,0,8.69016462900004,53.1737154960001,Burglesum,Lesum,2022-11
2022-11-01,11,2022,11,3,6,3,5,2,1,1,0,0,0,0,2,1,8.78525624300005,53.1023452740001,Walle,Walle,2022-11
2022-10-01,12,2022,10,2,6,3,5,3,1,1,0,0,0,0,2,1,8.60882455200004,53.58691143,Leherheide,Königsheide,2022-10
2022-08-01,11,2022,8,2,8,3,5,3,1,1,0,0,0,0,0,0,8.91059382600002,53.0825540970001,Oberneuland,Unbekannt,2022-8
2022-09-01,11,2022,9,6,6,3,5,3,1,1,0,0,0,0,1,0,8.78944041700004,53.0827628010001,Walle,Überseestadt,2022-9
2022-09-01,11,2022,9,2,11,3,5,3,1,1,0,0,0,0,0,0,8.60798145900003,53.176014696,Vegesack,Fähr-Lobbendorf,2022-9
2022-09-01,11,2022,9,6,7,3,1,7,1,0,0,0,0,1,0,0,8.75235046200004,53.0822250520001,Häfen,Neustädter Hafen,2022-9
2022-09-01,11,2022,9,3,11,3,2,6,1,1,0,0,0,0,0,1,8.81109310900007,53.073859913,Mitte,Altstadt,2022-9
2022-10-01,12,2022,10,6,10,3,5,3,1,1,0,0,0,0,0,0,8.59344255200006,53.5268945220001,Geestemünde,Geestendorf,2022-10
2022-10-01,11,2022,10,3,10,3,5,2,1,1,0,0,0,0,0,0,8.57280620800003,53.1982577420001,Blumenthal,Lüssum-Bockhorn,2022-10
2022-10-01,11,2022,10,2,13,3,5,2,1,1,0,0,0,0,0,0,8.79673085500002,53.0683895650001,Neustadt,Neustadt,2022-10
2022-07-01,11,2022,7,3,8,2,5,2,1,1,0,0,0,0,0,1,8.80136403600005,53.071592857,Neustadt,Alte Neustadt,2022-7
2022-09-01,11,2022,9,4,5,3,5,2,1,1,0,0,0,0,0,0,8.92953743900006,53.0590724960001,Osterholz,Osterholz,2022-9
2022-12-01,11,2022,12,5,13,3,3,2,1,0,0,0,0,1,0,0,8.82479024100007,53.084652395,Schwachhausen,Bürgerpark,2022-12
2022-10-01,11,2022,10,7,0,3,4,6,1,0,0,0,0,1,2,0,8.80166310800007,53.071372614,Neustadt,Alte Neustadt,2022-10
2022-12-01,12,2022,12,1,19,3,6,4,1,0,1,0,0,0,2,0,8.59024436600004,53.5394245800001,Geestemünde,Geestemünde-Nord,2022-12
2022-10-01,12,2022,10,6,9,3,1,7,1,0,0,0,0,1,0,0,8.62707253700006,53.5296993210001,Schiffdorferdamm,Schiffdorferdamm,2022-10
2022-10-01,11,2022,10,3,14,3,5,2,1,1,0,0,0,0,0,0,8.85155042700006,53.0650665470001,Östliche Vorstadt,Peterswerder,2022-10
2022-09-01,11,2022,9,5,11,3,5,2,1,0,0,0,0,1,0,1,8.79148133000007,53.065012268,Neustadt,Neustadt,2022-9
2022-11-01,11,2022,11,4,14,3,3,2,1,1,0,0,0,0,0,0,8.63182899200007,53.191483512,Vegesack,Unbekannt,2022-11
2022-10-01,12,2022,10,6,13,3,3,3,1,1,0,0,0,0,0,1,8.59096654700005,53.5821280660001,Lehe (BHV),Speckenbüttel,2022-10
2022-08-01,11,2022,8,3,11,3,5,2,1,1,0,0,0,0,0,0,8.85034203200007,53.081612325,Schwachhausen,Gete,2022-8
2022-09-01,11,2022,9,4,12,3,1,7,1,1,0,0,0,0,0,0,8.82259174900003,53.074843501,Mitte,Ostertor,2022-9
2022-09-01,11,2022,9,4,15,3,1,7,1,1,0,0,0,0,0,0,8.87181287200002,53.1055262730001,Horn-Lehe,Lehe,2022-9
2022-11-01,11,2022,11,4,12,3,6,4,1,0,1,0,0,0,0,0,8.88884296200007,53.0568188400001,Hemelingen,Hemelingen,2022-11
2022-08-01,11,2022,8,3,7,3,6,4,1,0,1,0,0,0,0,0,8.85535370500003,53.0841402930001,Schwachhausen,Radio Bremen,2022-8
2022-11-01,12,2022,11,4,9,3,2,6,1,0,0,0,0,0,0,1,8.59410994700005,53.5326736540001,Geestemünde,Geestendorf,2022-11
2022-08-01,11,2022,8,2,23,3,0,7,1,0,0,0,0,0,2,0,8.93400950200004,53.0588163780001,Osterholz,Ellenerbrok-Schevemoor,2022-8
2022-09-01,12,2022,9,4,11,3,6,4,1,0,1,0,0,0,0,0,8.61068376500003,53.5889098910001,Leherheide,Leherheide-West,2022-9
2022-09-01,11,2022,9,6,5,3,5,3,1,0,0,1,0,0,1,0,8.83206873800003,53.0686459440001,Östliche Vorstadt,Steintor,2022-9
2022-11-01,11,2022,11,4,12,3,3,2,1,1,0,0,0,0,0,0,8.82510438900005,53.08418684,Schwachhausen,Barkhof,2022-11
2022-12-01,11,2022,12,3,12,3,5,3,1,0,0,0,0,0,0,0,8.70763850000003,53.1762102970001,Burglesum,Burgdamm,2022-12
2022-08-01,11,2022,8,4,19,2,0,7,1,1,0,0,0,0,0,0,8.78366485500004,53.0987037300001,Walle,Westend,2022-8
2022-09-01,12,2022,9,4,11,3,5,3,1,1,0,0,0,0,0,0,8.59092674300007,53.5414088650001,Geestemünde,Geestemünde-Nord,2022-9
2022-11-01,11,2022,11,2,13,3,5,2,1,1,0,0,0,0,0,1,8.62699619100005,53.1697270510001,Vegesack,Vegesack,2022-11
2022-08-01,11,2022,8,7,14,3,5,3,1,1,0,0,0,0,0,0,8.69863904100004,53.1682754300001,Burglesum,Lesum,2022-8
2022-12-01,12,2022,12,2,14,3,0,1,1,0,0,0,0,0,0,0,8.59217901200003,53.5684898690001,Lehe (BHV),Klushof,2022-12
2022-08-01,11,2022,8,2,20,3,0,7,1,0,1,0,0,0,0,0,8.79217264300007,53.08658639,Walle,Utbremen,2022-8
2022-08-01,11,2022,8,4,17,3,3,6,1,0,0,0,0,0,0,0,8.74602219900004,53.1272624860001,Gröpelingen,Oslebshausen,2022-8
2022-07-01,12,2022,7,6,14,3,2,6,1,0,0,0,0,0,0,0,8.57620200700006,53.5551144410001,Mitte (BHV),Mitte-Nord,2022-7
2022-11-01,11,2022,11,5,14,3,3,7,1,0,0,0,0,1,0,0,8.80366202200003,53.086275524,Mitte,Bahnhofsvorstadt,2022-11
2022-08-01,11,2022,8,5,7,3,3,6,1,1,0,0,0,0,0,0,8.81872609300007,53.0801021390001,Mitte,Bahnhofsvorstadt,2022-8
2022-11-01,11,2022,11,2,18,3,5,3,1,1,0,0,0,0,2,1,8.83381842200004,53.0818522180001,Schwachhausen,Schwachhausen,2022-11
2022-08-01,11,2022,8,3,17,3,4,2,1,0,0,0,0,1,0,0,8.81969517300007,53.075764544,Mitte,Ostertor,2022-8
2022-09-01,11,2022,9,6,11,3,5,2,1,1,0,0,0,0,0,0,8.81067777700002,53.071789967,Mitte,Altstadt,2022-9
2022-11-01,11,2022,11,7,21,3,5,3,1,1,0,0,0,0,2,0,8.81811241500003,53.077727135,Mitte,Ostertor,2022-11
2022-10-01,12,2022,10,4,20,3,0,1,1,0,0,0,0,0,2,0,8.61382657900003,53.5948522310001,Leherheide,Königsheide,2022-10
2022-08-01,11,2022,8,6,11,3,5,2,1,0,0,0,0,1,0,1,8.82499150800004,53.0842093410001,Schwachhausen,Barkhof,2022-8
2022-09-01,12,2022,9,3,15,3,5,3,1,1,0,0,0,0,0,0,8.59092610700003,53.5414069440001,Geestemünde,Geestemünde-Nord,2022-9
2022-11-01,11,2022,11,5,15,3,5,3,1,1,0,0,0,0,0,0,8.66789947900003,53.1750564170001,Burglesum,St.Magnus,2022-11
2022-10-01,11,2022,10,7,18,3,0,1,1,0,0,0,0,0,1,1,8.60531732000004,53.176605442,Vegesack,Fähr-Lobbendorf,2022-10
2022-12-01,12,2022,12,7,13,3,5,2,1,1,0,0,0,0,0,0,8.60559825100006,53.5306266680001,Geestemünde,Bürgerpark (BHV),2022-12
2022-09-01,12,2022,9,5,15,3,5,7,1,1,0,0,0,0,0,0,8.57892250500004,53.544948221,Mitte (BHV),Mitte-Süd,2022-9
2022-10-01,11,2022,10,2,8,3,5,3,1,1,0,0,0,0,0,0,8.85691962500005,53.072707908,Hemelingen,Hastedt,2022-10
2022-11-01,11,2022,11,3,15,3,5,3,1,1,0,0,0,0,0,0,8.78029666800006,53.0671305760001,Neustadt,Neuenland,2022-11
2022-11-01,11,2022,11,3,22,3,5,2,1,1,0,0,0,0,2,0,8.91574295700002,53.0598575270001,Hemelingen,Sebaldsbrück,2022-11
2022-12-01,11,2022,12,4,18,3,5,2,1,1,0,0,0,0,2,1,8.78708535400006,53.0831096890001,Walle,Überseestadt,2022-12
2022-08-01,11,2022,8,3,17,3,5,2,1,1,0,0,0,0,0,0,8.79543253600002,53.0751426370001,Neustadt,Alte Neustadt,2022-8
2022-10-01,11,2022,10,1,4,3,1,7,1,1,0,0,0,0,2,1,8.84348012700002,53.073674915,Östliche Vorstadt,Hulsberg,2022-10
2022-10-01,11,2022,10,6,22,3,6,7,1,0,1,0,0,0,2,0,8.81073472500003,53.0891630930001,Findorff,Findorff-Bürgerweide,2022-10
2022-12-01,11,2022,12,5,6,3,5,2,1,1,0,0,0,0,2,0,8.78643940300003,53.061877645,Neustadt,Neuenland,2022-12
2022-08-01,11,2022,8,2,22,3,5,2,1,1,0,0,0,0,2,0,8.80604622700002,53.073314538,Mitte,Altstadt,2022-8
2022-09-01,11,2022,9,6,11,3,0,7,1,0,0,0,0,0,0,0,8.81199905100004,53.0830479620001,Mitte,Bahnhofsvorstadt,2022-9
2022-12-01,11,2022,12,6,17,3,5,3,1,1,0,0,0,0,2,0,8.82510438900005,53.08418684,Schwachhausen,Barkhof,2022-12
2022-10-01,11,2022,10,2,12,3,5,3,1,1,0,0,0,0,0,0,8.86791240300005,53.072788131,Hemelingen,Hastedt,2022-10
2022-10-01,11,2022,10,7,11,3,1,7,1,0,0,0,0,1,0,0,8.83575166600002,53.07148334,Östliche Vorstadt,Peterswerder,2022-10
2022-08-01,12,2022,8,3,15,3,1,5,1,1,0,0,0,0,0,0,8.61911269500007,53.5924656970001,Leherheide,Leherheide-West,2022-8
2022-10-01,11,2022,10,3,14,2,0,7,1,0,0,0,0,0,0,0,8.95514642300003,53.0575688710001,Osterholz,Osterholz,2022-10
2022-09-01,11,2022,9,3,19,3,0,7,1,0,0,0,0,0,0,0,8.81587882800005,53.1032121860001,Findorff,In den Hufen,2022-9
2022-11-01,11,2022,11,5,8,2,5,3,1,1,0,0,0,0,0,1,8.87416869000003,53.0784396700001,Vahr,Gartenstadt Vahr,2022-11
2022-10-01,11,2022,10,5,20,3,5,3,1,0,0,0,0,0,2,0,8.87824661400003,53.0643702680001,Hemelingen,Hastedt,2022-10
2022-12-01,11,2022,12,5,18,3,5,3,1,1,0,0,0,0,2,1,8.79699608600004,53.0892851950001,Walle,Utbremen,2022-12
2022-10-01,11,2022,10,4,14,3,5,3,1,1,0,0,0,0,0,0,8.73852890900002,53.0473099450001,Huchting,Kirchhuchting,2022-10
2022-11-01,11,2022,11,4,9,3,3,3,1,1,0,0,0,0,0,0,8.77982560700002,53.098457769,Walle,Walle,2022-11
2022-08-01,11,2022,8,4,6,3,4,6,1,0,0,0,0,1,0,0,8.90961452400006,53.0351172800001,Hemelingen,Arbergen,2022-8
2022-11-01,11,2022,11,2,9,2,5,3,1,1,0,0,0,0,0,0,8.79681941300004,53.086671214,Walle,Utbremen,2022-11
2022-09-01,11,2022,9,6,18,3,5,3,1,1,0,0,0,0,0,0,8.79419684300007,53.0744182600001,Neustadt,Alte Neustadt,2022-9
2022-10-01,11,2022,10,2,1,2,0,7,1,0,0,0,0,0,2,0,8.82719077600007,53.0727076220001,Östliche Vorstadt,Steintor,2022-10
2022-12-01,11,2022,12,5,15,3,5,3,1,1,0,0,0,0,0,0,8.78672038800005,53.1004393000001,Walle,Walle,2022-12
2022-08-01,11,2022,8,5,19,3,5,3,1,0,0,0,0,1,0,0,8.79289518100006,53.073562845,Neustadt,Alte Neustadt,2022-8
2022-10-01,11,2022,10,4,9,3,5,3,1,1,0,0,0,0,0,0,8.86290902800005,53.071395684,Hemelingen,Hastedt,2022-10
2022-07-01,11,2022,7,7,7,3,0,7,1,0,0,0,0,0,0,0,8.82637644100004,53.0729857810001,Östliche Vorstadt,Steintor,2022-7
2022-09-01,11,2022,9,5,15,3,5,2,1,1,0,0,0,0,0,1,8.94392226400004,53.0379861380001,Hemelingen,Mahndorf,2022-9
2022-12-01,12,2022,12,2,9,3,5,3,1,1,0,0,0,0,0,1,8.59521495100006,53.539007482,Geestemünde,Geestemünde-Nord,2022-12
2022-09-01,12,2022,9,7,16,3,5,3,1,1,0,0,0,0,1,1,8.58875764800007,53.5345235240001,Geestemünde,Geestendorf,2022-9
2022-10-01,11,2022,10,7,12,3,3,6,1,1,0,0,0,0,0,1,8.81812123200007,53.0724027890001,Mitte,Ostertor,2022-10
2022-09-01,11,2022,9,2,16,3,6,4,1,0,1,0,0,0,0,0,8.80946219400005,53.063213734,Neustadt,Buntentor,2022-9
2022-08-01,12,2022,8,6,19,3,8,1,1,0,0,0,0,0,0,0,8.59248525400005,53.5506161930001,Geestemünde,Geestemünde-Nord,2022-8
2022-10-01,11,2022,10,5,22,3,3,6,1,1,0,0,0,0,2,1,8.77492678000004,53.062390586,Neustadt,Neuenland,2022-10
2022-12-01,11,2022,12,3,12,3,0,1,1,0,0,0,0,0,0,2,8.88539771700005,53.05802255,Hemelingen,Hemelingen,2022-12
2022-08-01,11,2022,8,3,17,3,6,7,1,0,1,0,0,0,0,0,8.87019476600005,53.0971343240001,Horn-Lehe,Horn,2022-8
2022-09-01,11,2022,9,5,13,3,5,3,1,1,0,0,0,0,0,0,8.79128373100002,53.091616367,Walle,Utbremen,2022-9
2022-08-01,11,2022,8,3,16,3,5,3,1,1,0,0,0,0,0,0,8.82361113800005,53.0781695310001,Mitte,Ostertor,2022-8
2022-09-01,11,2022,9,7,9,3,5,3,1,1,0,0,0,0,0,0,8.73379880700003,53.0584612010001,Huchting,Mittelshuchting,2022-9
2022-09-01,11,2022,9,5,14,3,3,6,1,0,0,0,0,0,0,0,8.83333163100002,53.0706707260001,Östliche Vorstadt,Steintor,2022-9
2022-11-01,11,2022,11,7,13,3,5,3,1,1,0,0,0,0,0,0,8.83799508500005,53.067897153,Östliche Vorstadt,Peterswerder,2022-11
2022-08-01,11,2022,8,2,18,3,0,7,1,0,0,0,0,0,0,0,8.83121049100004,53.0713101010001,Östliche Vorstadt,Steintor,2022-8
2022-10-01,11,2022,10,5,8,3,3,6,1,1,0,0,0,0,0,1,8.62451397700005,53.1772154340001,Vegesack,Vegesack,2022-10
2022-12-01,11,2022,12,5,12,3,0,6,1,0,0,0,0,1,0,0,8.81185520400004,53.073593251,Mitte,Altstadt,2022-12
2022-12-01,11,2022,12,3,21,3,3,2,1,1,0,0,0,0,2,0,8.88286779700007,53.0745761090001,Hemelingen,Sebaldsbrück,2022-12
2022-08-01,11,2022,8,3,18,3,5,3,1,1,0,0,0,0,0,0,8.75535419900007,53.1191705430001,Gröpelingen,Ohlenhof,2022-8
2022-08-01,11,2022,8,4,9,3,7,1,1,0,0,0,0,0,0,0,8.87537450600007,53.0663528160001,Hemelingen,Hastedt,2022-8
2022-09-01,11,2022,9,5,5,3,2,6,1,1,0,0,0,0,2,0,8.92362202400005,53.0606734690001,Osterholz,Ellener Feld,2022-9
2022-09-01,11,2022,9,3,7,3,5,2,1,1,0,0,0,0,0,0,8.89348023900004,53.0715107330001,Hemelingen,Sebaldsbrück,2022-9
2022-11-01,11,2022,11,7,13,3,5,2,1,1,0,0,0,0,0,0,8.89443063500005,53.054415342,Hemelingen,Hemelingen,2022-11
2022-11-01,11,2022,11,5,15,2,6,4,1,0,1,0,0,0,0,0,8.79629268500003,53.0826344870001,Mitte,Altstadt,2022-11
2022-08-01,11,2022,8,4,16,3,5,3,1,0,0,0,0,1,0,0,8.85942865200008,53.1004846230001,Horn-Lehe,Lehe,2022-8
2022-11-01,11,2022,11,3,17,3,5,3,1,1,0,0,0,0,1,1,8.76420900600004,53.0858945320001,Woltmershausen,Woltmershausen,2022-11
2022-09-01,11,2022,9,2,17,2,3,2,1,0,0,0,1,0,0,0,8.74140364400006,53.137970045,Gröpelingen,Oslebshausen,2022-9
2022-09-01,11,2022,9,6,18,3,0,7,1,0,0,0,0,0,0,0,8.80163472800007,53.086681868,Mitte,Bahnhofsvorstadt,2022-9
2022-07-01,11,2022,7,5,14,3,5,3,1,0,0,0,0,1,0,1,8.79697871900004,53.076399709,Neustadt,Alte Neustadt,2022-7
2022-09-01,11,2022,9,2,7,3,6,4,1,0,1,0,0,0,0,0,8.70466907400004,53.154769286,Burglesum,Burg-Grambke,2022-9
2022-08-01,12,2022,8,1,18,3,0,1,1,1,0,0,0,0,0,0,8.58185653900006,53.5651119090001,Lehe (BHV),Twischkamp,2022-8
2022-10-01,11,2022,10,6,15,3,1,5,1,1,0,0,0,0,0,0,8.87237942000007,53.1048439790001,Horn-Lehe,Lehe,2022-10
2022-10-01,11,2022,10,4,19,3,5,3,1,1,0,0,0,0,2,0,8.87703447400003,53.0809239220001,Vahr,Neue Vahr Südwest,2022-10
2022-08-01,12,2022,8,3,14,2,0,7,1,0,0,0,0,0,0,0,8.58007238600004,53.545656379,Mitte (BHV),Mitte-Süd,2022-8
2022-12-01,11,2022,12,1,16,3,5,3,1,1,0,0,0,0,2,0,8.87651454800005,53.0810351490001,Vahr,Gartenstadt Vahr,2022-12
2022-10-01,11,2022,10,4,18,2,6,4,1,0,1,0,0,0,2,0,8.81506123700007,53.0820797820001,Mitte,Bahnhofsvorstadt,2022-10
2022-10-01,12,2022,10,4,7,3,5,2,1,1,0,0,0,0,1,0,8.60359586300007,53.586230071,Leherheide,Königsheide,2022-10
2022-08-01,12,2022,8,5,17,3,0,7,1,0,0,0,0,0,0,0,8.58133590600005,53.551932197,Lehe (BHV),Goethestrasse,2022-8
2022-10-01,11,2022,10,3,14,3,5,3,1,1,0,0,0,0,0,0,8.87298118000007,53.0847582910001,Schwachhausen,Radio Bremen,2022-10
2022-09-01,11,2022,9,5,7,2,6,4,1,0,1,0,0,0,0,0,8.77998677600004,53.0884755590001,Walle,Überseestadt,2022-9
2022-09-01,11,2022,9,1,17,2,0,1,1,0,0,0,0,0,0,0,8.79772582800007,53.0822215800001,Mitte,Altstadt,2022-9
2022-11-01,11,2022,11,5,9,3,5,2,1,1,0,0,0,0,0,0,8.86803605700004,53.0912045580001,Horn-Lehe,Horn,2022-11
2022-08-01,11,2022,8,3,12,3,6,4,1,0,1,0,0,0,0,0,8.62881419800004,53.168783778,Vegesack,Vegesack,2022-8
2022-10-01,11,2022,10,4,15,3,5,3,1,1,0,0,0,0,0,0,8.54964777400005,53.193559808,Blumenthal,Rönnebeck,2022-10
2022-09-01,12,2022,9,1,16,3,5,3,1,1,0,0,0,0,0,0,8.59114250300007,53.5661426500001,Lehe (BHV),Klushof,2022-9
2022-10-01,11,2022,10,4,13,3,5,3,1,1,0,0,0,0,0,0,8.74004305900007,53.0514013580001,Huchting,Kirchhuchting,2022-10
2022-11-01,11,2022,11,3,12,3,5,2,1,1,0,0,0,0,0,0,8.86973895700004,53.0985629620001,Horn-Lehe,Lehe,2022-11
2022-08-01,12,2022,8,2,15,3,1,5,1,1,0,0,0,0,0,1,8.61029459800005,53.503609064,Wulsdorf,Jedutenberg,2022-8
2022-11-01,11,2022,11,1,16,3,5,3,1,0,0,0,0,0,2,1,8.84243525000005,53.0887663880001,Schwachhausen,Neu-Schwachhausen,2022-11
2022-10-01,12,2022,10,1,12,3,3,7,1,1,0,0,0,0,0,0,8.58842156400004,53.52384606,Geestemünde,Geestemünde-Süd,2022-10
2022-08-01,12,2022,8,5,17,3,3,6,1,0,0,0,0,0,0,0,8.59926349000006,53.5905632700001,Leherheide,Königsheide,2022-8
2022-09-01,11,2022,9,5,14,3,1,7,1,1,0,0,0,0,0,0,8.73103060500006,53.0408931750001,Huchting,Kirchhuchting,2022-9
2022-09-01,11,2022,9,2,16,3,5,3,1,1,0,0,0,0,0,1,8.81791098600007,53.0527449090001,Neustadt,Huckelriede,2022-9
2022-11-01,11,2022,11,3,7,3,0,7,1,0,0,0,0,0,0,1,8.86876656100003,53.074230357,Vahr,Gartenstadt Vahr,2022-11
2022-09-01,11,2022,9,5,7,3,1,7,1,0,0,0,0,1,1,0,8.91521132000003,53.135679634,Unbekannt,Unbekannt,2022-9
2022-11-01,11,2022,11,4,9,3,1,7,1,1,0,0,0,0,0,1,8.77630914600007,53.1046024360001,Walle,Walle,2022-11
2022-08-01,11,2022,8,1,19,3,0,1,1,0,0,0,0,0,0,0,8.81261537500006,53.098242815,Findorff,Weidedamm,2022-8
2022-08-01,11,2022,8,4,13,2,5,1,1,0,0,0,0,1,0,0,8.90656741600003,53.059522836,Hemelingen,Sebaldsbrück,2022-8
2022-07-01,11,2022,7,6,15,3,0,7,1,0,0,0,0,0,0,0,8.82714451000004,53.0727225210001,Östliche Vorstadt,Steintor,2022-7
2022-09-01,11,2022,9,6,9,3,5,2,1,1,0,0,0,0,0,0,8.72026952800007,53.043877196,Huchting,Sodenmatt,2022-9
2022-11-01,11,2022,11,6,15,3,5,3,1,1,0,0,0,0,0,0,8.85021305300006,53.0655738560001,Östliche Vorstadt,Peterswerder,2022-11
2022-11-01,11,2022,11,7,18,3,5,2,1,1,0,0,0,0,2,1,8.89237618000004,53.0793352000001,Vahr,Neue Vahr Südost,2022-11
2022-10-01,11,2022,10,6,11,3,3,2,1,1,0,0,0,0,0,0,8.79148792900003,53.0649883290001,Neustadt,Südervorstadt,2022-10
2022-08-01,11,2022,8,3,18,3,2,6,1,1,0,0,0,0,0,0,8.70194568800002,53.1677092990001,Burglesum,Burgdamm,2022-8
2022-09-01,11,2022,9,6,7,3,1,5,1,1,0,0,0,0,0,0,8.84961366500005,53.0713286550001,Östliche Vorstadt,Hulsberg,2022-9
2022-11-01,11,2022,11,4,11,2,2,6,1,1,0,0,0,0,0,1,8.82359150700006,53.0717988040001,Östliche Vorstadt,Steintor,2022-11
2022-08-01,11,2022,8,2,7,3,5,3,1,1,0,0,0,0,0,1,8.80803632000004,53.0594672780001,Neustadt,Huckelriede,2022-8
2022-09-01,11,2022,9,3,12,3,4,6,1,0,0,0,0,0,0,0,8.77659908400005,53.0966993440001,Walle,Steffensweg,2022-9
2022-11-01,11,2022,11,1,12,2,0,7,1,0,0,0,0,0,0,0,8.63326321500006,53.179434158,Vegesack,Schönebeck,2022-11
2022-10-01,11,2022,10,4,10,3,5,3,1,1,0,0,0,0,0,0,8.86569872100006,53.0717536670001,Hemelingen,Hastedt,2022-10
2022-10-01,12,2022,10,3,14,3,4,6,1,0,0,0,0,0,0,0,8.56042809900003,53.572460209,Häfen (BHV),Stadtbremisches Überseehafengebiet Bremerhaven,2022-10
2022-12-01,11,2022,12,6,20,3,5,3,1,1,0,0,0,0,2,1,8.79290461700003,53.0735691310001,Neustadt,Alte Neustadt,2022-12
2022-08-01,11,2022,8,5,13,3,4,6,1,1,0,0,0,0,0,0,8.84289751900008,53.0920692500001,Schwachhausen,Neu-Schwachhausen,2022-8
2022-07-01,11,2022,7,2,13,3,0,7,1,1,0,0,0,0,0,0,8.77862815700007,53.1083461650001,Walle,Walle,2022-7
2022-09-01,12,2022,9,6,15,2,2,2,1,1,0,0,0,0,0,0,8.60081133900007,53.5164705720001,Geestemünde,Grünhöfe,2022-9
2022-11-01,11,2022,11,3,11,3,5,2,1,0,0,0,1,0,0,0,8.91439633400006,53.059806456,Hemelingen,Sebaldsbrück,2022-11
2022-09-01,11,2022,9,5,17,3,0,1,1,0,0,0,0,0,0,1,8.57211164700004,53.187744432,Blumenthal,Blumenthal,2022-9
2022-09-01,11,2022,9,6,8,3,0,6,1,0,0,0,0,1,0,0,8.89137178600004,53.096909811,Horn-Lehe,Lehesterdeich,2022-9